-- MySQL dump 10.15  Distrib 10.0.38-MariaDB, for debian-linux-gnu (x86_64)
--
-- Host: localhost    Database: partkeepr
-- ------------------------------------------------------
-- Server version	10.0.38-MariaDB-1~xenial

/*!40101 SET @OLD_CHARACTER_SET_CLIENT=@@CHARACTER_SET_CLIENT */;
/*!40101 SET @OLD_CHARACTER_SET_RESULTS=@@CHARACTER_SET_RESULTS */;
/*!40101 SET @OLD_COLLATION_CONNECTION=@@COLLATION_CONNECTION */;
/*!40101 SET NAMES utf8 */;
/*!40103 SET @OLD_TIME_ZONE=@@TIME_ZONE */;
/*!40103 SET TIME_ZONE='+00:00' */;
/*!40014 SET @OLD_UNIQUE_CHECKS=@@UNIQUE_CHECKS, UNIQUE_CHECKS=0 */;
/*!40014 SET @OLD_FOREIGN_KEY_CHECKS=@@FOREIGN_KEY_CHECKS, FOREIGN_KEY_CHECKS=0 */;
/*!40101 SET @OLD_SQL_MODE=@@SQL_MODE, SQL_MODE='NO_AUTO_VALUE_ON_ZERO' */;
/*!40111 SET @OLD_SQL_NOTES=@@SQL_NOTES, SQL_NOTES=0 */;

--
-- Table structure for table `BatchJob`
--

DROP TABLE IF EXISTS `BatchJob`;
/*!40101 SET @saved_cs_client     = @@character_set_client */;
/*!40101 SET character_set_client = utf8 */;
CREATE TABLE `BatchJob` (
  `id` int(11) NOT NULL AUTO_INCREMENT,
  `name` varchar(64) COLLATE utf8_unicode_ci NOT NULL,
  `baseEntity` varchar(255) COLLATE utf8_unicode_ci NOT NULL,
  PRIMARY KEY (`id`),
  UNIQUE KEY `UNIQ_AF3CBF045E237E06` (`name`)
) ENGINE=InnoDB DEFAULT CHARSET=utf8 COLLATE=utf8_unicode_ci;
/*!40101 SET character_set_client = @saved_cs_client */;

--
-- Dumping data for table `BatchJob`
--

LOCK TABLES `BatchJob` WRITE;
/*!40000 ALTER TABLE `BatchJob` DISABLE KEYS */;
/*!40000 ALTER TABLE `BatchJob` ENABLE KEYS */;
UNLOCK TABLES;

--
-- Table structure for table `BatchJobQueryField`
--

DROP TABLE IF EXISTS `BatchJobQueryField`;
/*!40101 SET @saved_cs_client     = @@character_set_client */;
/*!40101 SET character_set_client = utf8 */;
CREATE TABLE `BatchJobQueryField` (
  `id` int(11) NOT NULL AUTO_INCREMENT,
  `property` varchar(255) COLLATE utf8_unicode_ci NOT NULL,
  `operator` varchar(64) COLLATE utf8_unicode_ci NOT NULL,
  `value` longtext COLLATE utf8_unicode_ci NOT NULL,
  `description` longtext COLLATE utf8_unicode_ci NOT NULL,
  `dynamic` tinyint(1) NOT NULL,
  `batchJob_id` int(11) DEFAULT NULL,
  PRIMARY KEY (`id`),
  KEY `IDX_6118E78CABE62C64` (`batchJob_id`),
  CONSTRAINT `FK_6118E78CABE62C64` FOREIGN KEY (`batchJob_id`) REFERENCES `BatchJob` (`id`)
) ENGINE=InnoDB DEFAULT CHARSET=utf8 COLLATE=utf8_unicode_ci;
/*!40101 SET character_set_client = @saved_cs_client */;

--
-- Dumping data for table `BatchJobQueryField`
--

LOCK TABLES `BatchJobQueryField` WRITE;
/*!40000 ALTER TABLE `BatchJobQueryField` DISABLE KEYS */;
/*!40000 ALTER TABLE `BatchJobQueryField` ENABLE KEYS */;
UNLOCK TABLES;

--
-- Table structure for table `BatchJobUpdateField`
--

DROP TABLE IF EXISTS `BatchJobUpdateField`;
/*!40101 SET @saved_cs_client     = @@character_set_client */;
/*!40101 SET character_set_client = utf8 */;
CREATE TABLE `BatchJobUpdateField` (
  `id` int(11) NOT NULL AUTO_INCREMENT,
  `property` varchar(255) COLLATE utf8_unicode_ci NOT NULL,
  `value` longtext COLLATE utf8_unicode_ci NOT NULL,
  `description` longtext COLLATE utf8_unicode_ci NOT NULL,
  `dynamic` tinyint(1) NOT NULL,
  `batchJob_id` int(11) DEFAULT NULL,
  PRIMARY KEY (`id`),
  KEY `IDX_E1ADA7DFABE62C64` (`batchJob_id`),
  CONSTRAINT `FK_E1ADA7DFABE62C64` FOREIGN KEY (`batchJob_id`) REFERENCES `BatchJob` (`id`)
) ENGINE=InnoDB DEFAULT CHARSET=utf8 COLLATE=utf8_unicode_ci;
/*!40101 SET character_set_client = @saved_cs_client */;

--
-- Dumping data for table `BatchJobUpdateField`
--

LOCK TABLES `BatchJobUpdateField` WRITE;
/*!40000 ALTER TABLE `BatchJobUpdateField` DISABLE KEYS */;
/*!40000 ALTER TABLE `BatchJobUpdateField` ENABLE KEYS */;
UNLOCK TABLES;

--
-- Table structure for table `CachedImage`
--

DROP TABLE IF EXISTS `CachedImage`;
/*!40101 SET @saved_cs_client     = @@character_set_client */;
/*!40101 SET character_set_client = utf8 */;
CREATE TABLE `CachedImage` (
  `id` int(11) NOT NULL AUTO_INCREMENT,
  `originalId` int(11) NOT NULL,
  `originalType` varchar(255) COLLATE utf8_unicode_ci NOT NULL,
  `cacheFile` varchar(255) COLLATE utf8_unicode_ci NOT NULL,
  PRIMARY KEY (`id`)
) ENGINE=InnoDB DEFAULT CHARSET=utf8 COLLATE=utf8_unicode_ci;
/*!40101 SET character_set_client = @saved_cs_client */;

--
-- Dumping data for table `CachedImage`
--

LOCK TABLES `CachedImage` WRITE;
/*!40000 ALTER TABLE `CachedImage` DISABLE KEYS */;
/*!40000 ALTER TABLE `CachedImage` ENABLE KEYS */;
UNLOCK TABLES;

--
-- Table structure for table `CronLogger`
--

DROP TABLE IF EXISTS `CronLogger`;
/*!40101 SET @saved_cs_client     = @@character_set_client */;
/*!40101 SET character_set_client = utf8 */;
CREATE TABLE `CronLogger` (
  `id` int(11) NOT NULL AUTO_INCREMENT,
  `lastRunDate` datetime NOT NULL,
  `cronjob` varchar(255) COLLATE utf8_unicode_ci NOT NULL,
  PRIMARY KEY (`id`),
  UNIQUE KEY `cronjob` (`cronjob`)
) ENGINE=InnoDB AUTO_INCREMENT=5 DEFAULT CHARSET=utf8 COLLATE=utf8_unicode_ci;
/*!40101 SET character_set_client = @saved_cs_client */;

--
-- Dumping data for table `CronLogger`
--

LOCK TABLES `CronLogger` WRITE;
/*!40000 ALTER TABLE `CronLogger` DISABLE KEYS */;
INSERT INTO `CronLogger` VALUES (3,'2021-07-05 13:20:02','partkeepr:cron:synctips'),(4,'2021-07-05 13:20:03','partkeepr:cron:create-statistic-snapshot');
/*!40000 ALTER TABLE `CronLogger` ENABLE KEYS */;
UNLOCK TABLES;

--
-- Table structure for table `Distributor`
--

DROP TABLE IF EXISTS `Distributor`;
/*!40101 SET @saved_cs_client     = @@character_set_client */;
/*!40101 SET character_set_client = utf8 */;
CREATE TABLE `Distributor` (
  `id` int(11) NOT NULL AUTO_INCREMENT,
  `name` varchar(255) COLLATE utf8_unicode_ci NOT NULL,
  `address` longtext COLLATE utf8_unicode_ci,
  `url` varchar(255) COLLATE utf8_unicode_ci DEFAULT NULL,
  `phone` varchar(255) COLLATE utf8_unicode_ci DEFAULT NULL,
  `fax` varchar(255) COLLATE utf8_unicode_ci DEFAULT NULL,
  `email` varchar(255) COLLATE utf8_unicode_ci DEFAULT NULL,
  `comment` longtext COLLATE utf8_unicode_ci,
  `skuurl` varchar(255) COLLATE utf8_unicode_ci DEFAULT NULL,
  `enabledForReports` tinyint(1) NOT NULL DEFAULT '0',
  PRIMARY KEY (`id`),
  UNIQUE KEY `UNIQ_2559D8A65E237E06` (`name`)
) ENGINE=InnoDB DEFAULT CHARSET=utf8 COLLATE=utf8_unicode_ci;
/*!40101 SET character_set_client = @saved_cs_client */;

--
-- Dumping data for table `Distributor`
--

LOCK TABLES `Distributor` WRITE;
/*!40000 ALTER TABLE `Distributor` DISABLE KEYS */;
/*!40000 ALTER TABLE `Distributor` ENABLE KEYS */;
UNLOCK TABLES;

--
-- Table structure for table `FOSUser`
--

DROP TABLE IF EXISTS `FOSUser`;
/*!40101 SET @saved_cs_client     = @@character_set_client */;
/*!40101 SET character_set_client = utf8 */;
CREATE TABLE `FOSUser` (
  `id` int(11) NOT NULL AUTO_INCREMENT,
  `username` varchar(255) COLLATE utf8_unicode_ci NOT NULL,
  `username_canonical` varchar(255) COLLATE utf8_unicode_ci NOT NULL,
  `enabled` tinyint(1) NOT NULL,
  `salt` varchar(255) COLLATE utf8_unicode_ci NOT NULL,
  `password` varchar(255) COLLATE utf8_unicode_ci NOT NULL,
  `last_login` datetime DEFAULT NULL,
  `locked` tinyint(1) NOT NULL,
  `expired` tinyint(1) NOT NULL,
  `expires_at` datetime DEFAULT NULL,
  `confirmation_token` varchar(255) COLLATE utf8_unicode_ci DEFAULT NULL,
  `password_requested_at` datetime DEFAULT NULL,
  `roles` longtext COLLATE utf8_unicode_ci NOT NULL COMMENT '(DC2Type:array)',
  `credentials_expired` tinyint(1) NOT NULL,
  `credentials_expire_at` datetime DEFAULT NULL,
  `email_canonical` varchar(255) COLLATE utf8_unicode_ci DEFAULT NULL,
  `email` varchar(255) COLLATE utf8_unicode_ci DEFAULT NULL,
  PRIMARY KEY (`id`),
  UNIQUE KEY `UNIQ_37EF34F492FC23A8` (`username_canonical`)
) ENGINE=InnoDB AUTO_INCREMENT=8 DEFAULT CHARSET=utf8 COLLATE=utf8_unicode_ci;
/*!40101 SET character_set_client = @saved_cs_client */;

--
-- Dumping data for table `FOSUser`
--

LOCK TABLES `FOSUser` WRITE;
/*!40000 ALTER TABLE `FOSUser` DISABLE KEYS */;
INSERT INTO `FOSUser` VALUES (1,'admin','admin',1,'s57df29k49c808ss0w0c0s0wwgsgs4o','l4V9f56xq+3RstWhW6lVGV213yOIWb6ZC1BWQA5iUhn0Ub2GS/Mcc3bKBT6XMZD821sAa43FRW0GLJZcPoaw2g==',NULL,0,0,NULL,NULL,NULL,'a:1:{i:0;s:16:\"ROLE_SUPER_ADMIN\";}',0,NULL,'granasat@ugr.es','granasat@ugr.es'),(2,'amroldan','amroldan',1,'k4yj49hb0xcsgscs0o8cwss8wososs8','XmX0Nw+AXx2XCY2bTAFU0v2nKjhpcuEH/k1ICkaCfLyQQFA9yFrJ3/jeL/nV5tNg1JVdx/jvpTC27yDD64rQlw==',NULL,0,0,NULL,NULL,NULL,'a:0:{}',0,NULL,'amroldan@ugr.es','amroldan@ugr.es'),(3,'ana','ana',1,'blos57fns3cwocskgg0wocgc88kg4cs','YT353ZlC37+TxPGcGA/cVb0h7hB/ixAPIysQbgx24Bs46m5Yr8TYnWLwzb5KnnttLAFIHiOvM9F7ypRtiJyEhg==',NULL,0,0,NULL,NULL,NULL,'a:0:{}',0,NULL,'',''),(4,'JuanCarlos','juancarlos',1,'fitt0l7ffr4040gk004004og8c0kkcc','tGqwdB1zkSdYCtjbS1+qwwSMPmmIXGwLLWAk7DC0mSTDccvD/M4rXyY8GNXzG7yfhKMwos+/9HNPzSrmD/AhVQ==',NULL,0,0,NULL,NULL,NULL,'a:0:{}',0,NULL,'',''),(5,'fran','fran',1,'p6o5jpkxa800gwoc80o8wsooc8kcc08','9dAtTA5R+n8vPkOJKeUAqBZu92mxsBAKi7j+FYPp7T3w5vndGyBHA0Vx5TCrk4bcOGsW8fGfO6InT3NhWczCoA==',NULL,0,0,NULL,NULL,NULL,'a:0:{}',0,NULL,'',''),(6,'sharif','sharif',1,'gagbiwuj07www80woswgs8go4owkw4c','yEjZqxKjz+59AtpPh/RXe2zo2nbOXJ8z0NnMf5+rH0oqea0YOp/KISXUMe5yW3kyeLVTbhhrd7G+N6p8UCtXyQ==',NULL,0,0,NULL,NULL,NULL,'a:0:{}',0,NULL,'a@a.es','a@a.es'),(7,'IRENE','irene',1,'gijd8lzsc1kwos8skgoc8w00woo80sw','4eyR5UQfH9JV5Tub12VgxG/W8/B5n4eGt311DD/RziBFmhWMm2v/4NOEQfqThvVuDanBXdccsq7GNzJ8RN/l8Q==',NULL,0,0,NULL,NULL,NULL,'a:0:{}',0,NULL,'irene.gima3@gmail.com','irene.gima3@gmail.com');
/*!40000 ALTER TABLE `FOSUser` ENABLE KEYS */;
UNLOCK TABLES;

--
-- Table structure for table `Footprint`
--

DROP TABLE IF EXISTS `Footprint`;
/*!40101 SET @saved_cs_client     = @@character_set_client */;
/*!40101 SET character_set_client = utf8 */;
CREATE TABLE `Footprint` (
  `id` int(11) NOT NULL AUTO_INCREMENT,
  `category_id` int(11) DEFAULT NULL,
  `name` varchar(64) COLLATE utf8_unicode_ci NOT NULL,
  `description` longtext COLLATE utf8_unicode_ci,
  PRIMARY KEY (`id`),
  UNIQUE KEY `UNIQ_7CF324945E237E06` (`name`),
  KEY `IDX_7CF3249412469DE2` (`category_id`),
  CONSTRAINT `FK_7CF3249412469DE2` FOREIGN KEY (`category_id`) REFERENCES `FootprintCategory` (`id`)
) ENGINE=InnoDB AUTO_INCREMENT=40 DEFAULT CHARSET=utf8 COLLATE=utf8_unicode_ci;
/*!40101 SET character_set_client = @saved_cs_client */;

--
-- Dumping data for table `Footprint`
--

LOCK TABLES `Footprint` WRITE;
/*!40000 ALTER TABLE `Footprint` DISABLE KEYS */;
INSERT INTO `Footprint` VALUES (1,3,'CBGA-32','32-Lead Ceramic Ball Grid Array'),(2,5,'FCBGA-576','576-Ball Ball Grid Array, Thermally Enhanced'),(3,7,'PBGA-119','119-Ball Plastic Ball Grid Array'),(4,9,'PBGA-169','169-Ball Plastic Ball Grid Array'),(5,11,'PBGA-225','225-Ball Plastic a Ball Grid Array'),(6,13,'PBGA-260','260-Ball Plastic Ball Grid Array'),(7,15,'PBGA-297','297-Ball Plastic Ball Grid Array'),(8,17,'PBGA-304','304-Lead Plastic Ball Grid Array'),(9,19,'PBGA-316','316-Lead Plastic Ball Grid Array'),(10,21,'PBGA-324','324-Ball Plastic Ball Grid Array'),(11,23,'PBGA-385','385-Lead Ball Grid Array'),(12,25,'PBGA-400','400-Ball Plastic Ball Grid Array'),(13,27,'PBGA-484','484-Ball Plastic Ball Grid Array'),(14,29,'PBGA-625','625-Ball Plastic Ball Grid Array'),(15,31,'PBGA-676','676-Ball Plastic Ball Grid Array'),(16,33,'SBGA-256','256-Ball Ball Grid Array, Thermally Enhanced'),(17,35,'SBGA-304','304-Ball Ball Grid Array, Thermally Enhanced'),(18,37,'SBGA-432','432-Ball Ball Grid Array, Thermally Enhanced'),(19,39,'CerDIP-8','8-Lead Ceramic Dual In-Line Package'),(20,41,'CerDIP-14','14-Lead Ceramic Dual In-Line Package'),(21,43,'CerDIP-16','16-Lead Ceramic Dual In-Line Package'),(22,45,'CerDIP-18','18-Lead Ceramic Dual In-Line Package'),(23,47,'CerDIP-20','20-Lead Ceramic Dual In-Line Package'),(24,49,'CerDIP-24 Narrow','24-Lead Ceramic Dual In-Line Package - Narrow Body'),(25,51,'CerDIP-24 Wide','24-Lead Ceramic Dual In-Line Package - Wide Body'),(26,53,'CerDIP-28','28-Lead Ceramic Dual In-Line Package'),(27,55,'CerDIP-40','40-Lead Ceramic Dual In-Line Package'),(28,57,'PDIP-8','8-Lead Plastic Dual In-Line Package'),(29,59,'PDIP-14','14-Lead Plastic Dual In-Line Package'),(30,61,'PDIP-16','16-Lead Plastic Dual In-Line Package'),(31,63,'PDIP-18','18-Lead Plastic Dual In-Line Package'),(32,65,'PDIP-20','20-Lead Plastic Dual In-Line Package'),(33,67,'PDIP-24','24-Lead Plastic Dual In-Line Package'),(34,69,'PDIP-28 Narrow','28-Lead Plastic Dual In-Line Package, Narrow Body'),(35,71,'PDIP-28 Wide','28-Lead Plastic Dual In-Line Package, Wide Body'),(36,NULL,'SOIC-N-EP-8','8-Lead Standard Small Outline Package, with Expose Pad'),(37,72,'0603',''),(38,72,'0805','a'),(39,74,'TO92','');
/*!40000 ALTER TABLE `Footprint` ENABLE KEYS */;
UNLOCK TABLES;

--
-- Table structure for table `FootprintAttachment`
--

DROP TABLE IF EXISTS `FootprintAttachment`;
/*!40101 SET @saved_cs_client     = @@character_set_client */;
/*!40101 SET character_set_client = utf8 */;
CREATE TABLE `FootprintAttachment` (
  `id` int(11) NOT NULL AUTO_INCREMENT,
  `footprint_id` int(11) DEFAULT NULL,
  `type` varchar(255) COLLATE utf8_unicode_ci NOT NULL,
  `filename` varchar(255) COLLATE utf8_unicode_ci NOT NULL,
  `originalname` varchar(255) COLLATE utf8_unicode_ci DEFAULT NULL,
  `mimetype` varchar(255) COLLATE utf8_unicode_ci NOT NULL,
  `size` int(11) NOT NULL,
  `extension` varchar(255) COLLATE utf8_unicode_ci DEFAULT NULL,
  `description` longtext COLLATE utf8_unicode_ci,
  `created` datetime NOT NULL,
  PRIMARY KEY (`id`),
  KEY `IDX_7B7388A151364C98` (`footprint_id`),
  CONSTRAINT `FK_7B7388A151364C98` FOREIGN KEY (`footprint_id`) REFERENCES `Footprint` (`id`)
) ENGINE=InnoDB DEFAULT CHARSET=utf8 COLLATE=utf8_unicode_ci;
/*!40101 SET character_set_client = @saved_cs_client */;

--
-- Dumping data for table `FootprintAttachment`
--

LOCK TABLES `FootprintAttachment` WRITE;
/*!40000 ALTER TABLE `FootprintAttachment` DISABLE KEYS */;
/*!40000 ALTER TABLE `FootprintAttachment` ENABLE KEYS */;
UNLOCK TABLES;

--
-- Table structure for table `FootprintCategory`
--

DROP TABLE IF EXISTS `FootprintCategory`;
/*!40101 SET @saved_cs_client     = @@character_set_client */;
/*!40101 SET character_set_client = utf8 */;
CREATE TABLE `FootprintCategory` (
  `id` int(11) NOT NULL AUTO_INCREMENT,
  `parent_id` int(11) DEFAULT NULL,
  `lft` int(11) NOT NULL,
  `rgt` int(11) NOT NULL,
  `lvl` int(11) NOT NULL,
  `root` int(11) DEFAULT NULL,
  `name` varchar(128) COLLATE utf8_unicode_ci NOT NULL,
  `description` longtext COLLATE utf8_unicode_ci,
  `categoryPath` longtext COLLATE utf8_unicode_ci,
  PRIMARY KEY (`id`),
  KEY `IDX_C026BA6A727ACA70` (`parent_id`),
  KEY `IDX_C026BA6ADA439252` (`lft`),
  KEY `IDX_C026BA6AD5E02D69` (`rgt`),
  CONSTRAINT `FK_C026BA6A727ACA70` FOREIGN KEY (`parent_id`) REFERENCES `FootprintCategory` (`id`) ON DELETE CASCADE
) ENGINE=InnoDB AUTO_INCREMENT=75 DEFAULT CHARSET=utf8 COLLATE=utf8_unicode_ci;
/*!40101 SET character_set_client = @saved_cs_client */;

--
-- Dumping data for table `FootprintCategory`
--

LOCK TABLES `FootprintCategory` WRITE;
/*!40000 ALTER TABLE `FootprintCategory` DISABLE KEYS */;
INSERT INTO `FootprintCategory` VALUES (1,NULL,1,146,0,1,'Root Category',NULL,'Root Category'),(2,1,2,5,1,1,'BGA',NULL,'Root Category ➤ BGA'),(3,2,3,4,2,1,'CBGA',NULL,'Root Category ➤ BGA ➤ CBGA'),(4,1,6,9,1,1,'BGA',NULL,'Root Category ➤ BGA'),(5,4,7,8,2,1,'FCBGA',NULL,'Root Category ➤ BGA ➤ FCBGA'),(6,1,10,13,1,1,'BGA',NULL,'Root Category ➤ BGA'),(7,6,11,12,2,1,'PBGA',NULL,'Root Category ➤ BGA ➤ PBGA'),(8,1,14,17,1,1,'BGA',NULL,'Root Category ➤ BGA'),(9,8,15,16,2,1,'PBGA',NULL,'Root Category ➤ BGA ➤ PBGA'),(10,1,18,21,1,1,'BGA',NULL,'Root Category ➤ BGA'),(11,10,19,20,2,1,'PBGA',NULL,'Root Category ➤ BGA ➤ PBGA'),(12,1,22,25,1,1,'BGA',NULL,'Root Category ➤ BGA'),(13,12,23,24,2,1,'PBGA',NULL,'Root Category ➤ BGA ➤ PBGA'),(14,1,26,29,1,1,'BGA',NULL,'Root Category ➤ BGA'),(15,14,27,28,2,1,'PBGA',NULL,'Root Category ➤ BGA ➤ PBGA'),(16,1,30,33,1,1,'BGA',NULL,'Root Category ➤ BGA'),(17,16,31,32,2,1,'PBGA',NULL,'Root Category ➤ BGA ➤ PBGA'),(18,1,34,37,1,1,'BGA',NULL,'Root Category ➤ BGA'),(19,18,35,36,2,1,'PBGA',NULL,'Root Category ➤ BGA ➤ PBGA'),(20,1,38,41,1,1,'BGA',NULL,'Root Category ➤ BGA'),(21,20,39,40,2,1,'PBGA',NULL,'Root Category ➤ BGA ➤ PBGA'),(22,1,42,45,1,1,'BGA',NULL,'Root Category ➤ BGA'),(23,22,43,44,2,1,'PBGA',NULL,'Root Category ➤ BGA ➤ PBGA'),(24,1,46,49,1,1,'BGA',NULL,'Root Category ➤ BGA'),(25,24,47,48,2,1,'PBGA',NULL,'Root Category ➤ BGA ➤ PBGA'),(26,1,50,53,1,1,'BGA',NULL,'Root Category ➤ BGA'),(27,26,51,52,2,1,'PBGA',NULL,'Root Category ➤ BGA ➤ PBGA'),(28,1,54,57,1,1,'BGA',NULL,'Root Category ➤ BGA'),(29,28,55,56,2,1,'PBGA',NULL,'Root Category ➤ BGA ➤ PBGA'),(30,1,58,61,1,1,'BGA',NULL,'Root Category ➤ BGA'),(31,30,59,60,2,1,'PBGA',NULL,'Root Category ➤ BGA ➤ PBGA'),(32,1,62,65,1,1,'BGA',NULL,'Root Category ➤ BGA'),(33,32,63,64,2,1,'PBGA',NULL,'Root Category ➤ BGA ➤ PBGA'),(34,1,66,69,1,1,'BGA',NULL,'Root Category ➤ BGA'),(35,34,67,68,2,1,'PBGA',NULL,'Root Category ➤ BGA ➤ PBGA'),(36,1,70,73,1,1,'BGA',NULL,'Root Category ➤ BGA'),(37,36,71,72,2,1,'PBGA',NULL,'Root Category ➤ BGA ➤ PBGA'),(38,1,74,77,1,1,'DIP',NULL,'Root Category ➤ DIP'),(39,38,75,76,2,1,'CERDIP',NULL,'Root Category ➤ DIP ➤ CERDIP'),(40,1,78,81,1,1,'DIP',NULL,'Root Category ➤ DIP'),(41,40,79,80,2,1,'CERDIP',NULL,'Root Category ➤ DIP ➤ CERDIP'),(42,1,82,85,1,1,'DIP',NULL,'Root Category ➤ DIP'),(43,42,83,84,2,1,'CERDIP',NULL,'Root Category ➤ DIP ➤ CERDIP'),(44,1,86,89,1,1,'DIP',NULL,'Root Category ➤ DIP'),(45,44,87,88,2,1,'CERDIP',NULL,'Root Category ➤ DIP ➤ CERDIP'),(46,1,90,93,1,1,'DIP',NULL,'Root Category ➤ DIP'),(47,46,91,92,2,1,'CERDIP',NULL,'Root Category ➤ DIP ➤ CERDIP'),(48,1,94,97,1,1,'DIP',NULL,'Root Category ➤ DIP'),(49,48,95,96,2,1,'CERDIP',NULL,'Root Category ➤ DIP ➤ CERDIP'),(50,1,98,101,1,1,'DIP',NULL,'Root Category ➤ DIP'),(51,50,99,100,2,1,'CERDIP',NULL,'Root Category ➤ DIP ➤ CERDIP'),(52,1,102,105,1,1,'DIP',NULL,'Root Category ➤ DIP'),(53,52,103,104,2,1,'CERDIP',NULL,'Root Category ➤ DIP ➤ CERDIP'),(54,1,106,109,1,1,'DIP',NULL,'Root Category ➤ DIP'),(55,54,107,108,2,1,'CERDIP',NULL,'Root Category ➤ DIP ➤ CERDIP'),(56,1,110,113,1,1,'DIP',NULL,'Root Category ➤ DIP'),(57,56,111,112,2,1,'PDIP',NULL,'Root Category ➤ DIP ➤ PDIP'),(58,1,114,117,1,1,'DIP',NULL,'Root Category ➤ DIP'),(59,58,115,116,2,1,'PDIP',NULL,'Root Category ➤ DIP ➤ PDIP'),(60,1,118,121,1,1,'DIP',NULL,'Root Category ➤ DIP'),(61,60,119,120,2,1,'PDIP',NULL,'Root Category ➤ DIP ➤ PDIP'),(62,1,122,125,1,1,'DIP',NULL,'Root Category ➤ DIP'),(63,62,123,124,2,1,'PDIP',NULL,'Root Category ➤ DIP ➤ PDIP'),(64,1,126,129,1,1,'DIP',NULL,'Root Category ➤ DIP'),(65,64,127,128,2,1,'PDIP',NULL,'Root Category ➤ DIP ➤ PDIP'),(66,1,130,133,1,1,'DIP',NULL,'Root Category ➤ DIP'),(67,66,131,132,2,1,'PDIP',NULL,'Root Category ➤ DIP ➤ PDIP'),(68,1,134,137,1,1,'DIP',NULL,'Root Category ➤ DIP'),(69,68,135,136,2,1,'PDIP',NULL,'Root Category ➤ DIP ➤ PDIP'),(70,1,138,141,1,1,'DIP',NULL,'Root Category ➤ DIP'),(71,70,139,140,2,1,'PDIP',NULL,'Root Category ➤ DIP ➤ PDIP'),(72,1,142,143,1,1,'SMD Pasives','','Root Category ➤ SMD Pasives'),(74,1,144,145,1,1,'TO','','Root Category ➤ TO');
/*!40000 ALTER TABLE `FootprintCategory` ENABLE KEYS */;
UNLOCK TABLES;

--
-- Table structure for table `FootprintImage`
--

DROP TABLE IF EXISTS `FootprintImage`;
/*!40101 SET @saved_cs_client     = @@character_set_client */;
/*!40101 SET character_set_client = utf8 */;
CREATE TABLE `FootprintImage` (
  `id` int(11) NOT NULL AUTO_INCREMENT,
  `footprint_id` int(11) DEFAULT NULL,
  `type` varchar(255) COLLATE utf8_unicode_ci NOT NULL,
  `filename` varchar(255) COLLATE utf8_unicode_ci NOT NULL,
  `originalname` varchar(255) COLLATE utf8_unicode_ci DEFAULT NULL,
  `mimetype` varchar(255) COLLATE utf8_unicode_ci NOT NULL,
  `size` int(11) NOT NULL,
  `extension` varchar(255) COLLATE utf8_unicode_ci DEFAULT NULL,
  `description` longtext COLLATE utf8_unicode_ci,
  `created` datetime NOT NULL,
  PRIMARY KEY (`id`),
  UNIQUE KEY `UNIQ_3B22699151364C98` (`footprint_id`),
  CONSTRAINT `FK_3B22699151364C98` FOREIGN KEY (`footprint_id`) REFERENCES `Footprint` (`id`)
) ENGINE=InnoDB AUTO_INCREMENT=39 DEFAULT CHARSET=utf8 COLLATE=utf8_unicode_ci;
/*!40101 SET character_set_client = @saved_cs_client */;

--
-- Dumping data for table `FootprintImage`
--

LOCK TABLES `FootprintImage` WRITE;
/*!40000 ALTER TABLE `FootprintImage` DISABLE KEYS */;
INSERT INTO `FootprintImage` VALUES (1,1,'footprint','414e9452-a768-11eb-993c-2392f279406d','CBGA-32.png','image/png',23365,'png',NULL,'2021-04-27 16:52:57'),(2,2,'footprint','4152b532-a768-11eb-8043-c69343bb0287','FCBGA-576.png','image/png',47861,'png',NULL,'2021-04-27 16:52:57'),(3,3,'footprint','41534d76-a768-11eb-9972-826e80229066','PBGA-119.png','image/png',32537,'png',NULL,'2021-04-27 16:52:57'),(4,4,'footprint','4153ba54-a768-11eb-a8e0-89503be0bb8a','PBGA-169.png','image/png',36699,'png',NULL,'2021-04-27 16:52:57'),(5,5,'footprint','415428d6-a768-11eb-aaca-98753bbe91a9','PBGA-225.png','image/png',39366,'png',NULL,'2021-04-27 16:52:57'),(6,6,'footprint','4154a84c-a768-11eb-a016-34b7eec73e4a','PBGA-260.png','image/png',61202,'png',NULL,'2021-04-27 16:52:57'),(7,7,'footprint','41557420-a768-11eb-8742-974137c4ec07','PBGA-297.png','image/png',68013,'png',NULL,'2021-04-27 16:52:57'),(8,8,'footprint','41560854-a768-11eb-a987-7e3df1735db9','PBGA-304.png','image/png',55833,'png',NULL,'2021-04-27 16:52:57'),(9,9,'footprint','41568752-a768-11eb-beda-18632ed5609a','PBGA-316.png','image/png',55996,'png',NULL,'2021-04-27 16:52:57'),(10,10,'footprint','4157013c-a768-11eb-8341-3a1a903f31b2','PBGA-324.png','image/png',44882,'png',NULL,'2021-04-27 16:52:57'),(11,11,'footprint','41576cda-a768-11eb-bf3a-d6d1b4c8fe42','PBGA-385.png','image/png',35146,'png',NULL,'2021-04-27 16:52:57'),(12,12,'footprint','4157d076-a768-11eb-98fc-f251d927a689','PBGA-400.png','image/png',67933,'png',NULL,'2021-04-27 16:52:57'),(13,13,'footprint','41587274-a768-11eb-b058-9d518dce7a77','PBGA-484.png','image/png',49851,'png',NULL,'2021-04-27 16:52:57'),(14,14,'footprint','4158eb0a-a768-11eb-9b01-d6f21f62ab35','PBGA-625.png','image/png',65307,'png',NULL,'2021-04-27 16:52:57'),(15,15,'footprint','4159746c-a768-11eb-b7ba-35469faea4df','PBGA-676.png','image/png',54708,'png',NULL,'2021-04-27 16:52:57'),(16,16,'footprint','4159e5d2-a768-11eb-8182-9b237c11f88f','SBGA-256.png','image/png',48636,'png',NULL,'2021-04-27 16:52:57'),(17,17,'footprint','415a61b0-a768-11eb-9119-5f4aea2d99d4','SBGA-304.png','image/png',51944,'png',NULL,'2021-04-27 16:52:57'),(18,18,'footprint','415ad6ea-a768-11eb-a1a7-f31cc21bb396','SBGA-432.png','image/png',63247,'png',NULL,'2021-04-27 16:52:57'),(19,19,'footprint','415b688a-a768-11eb-9619-e687229bdc1c','CERDIP-8.png','image/png',13544,'png',NULL,'2021-04-27 16:52:57'),(20,20,'footprint','415bcbfe-a768-11eb-8281-afb7ad48b49c','CERDIP-14.png','image/png',14226,'png',NULL,'2021-04-27 16:52:57'),(21,21,'footprint','415c24b4-a768-11eb-8430-5e20f8fe604d','CERDIP-16.png','image/png',14576,'png',NULL,'2021-04-27 16:52:57'),(22,22,'footprint','415c7f40-a768-11eb-ad3a-d1cf219f4354','CERDIP-18.png','image/png',9831,'png',NULL,'2021-04-27 16:52:57'),(23,23,'footprint','415cd38c-a768-11eb-a957-4cafeaf56e6d','CERDIP-20.png','image/png',10209,'png',NULL,'2021-04-27 16:52:57'),(24,24,'footprint','415d3386-a768-11eb-b248-107d6544ea10','CERDIP-24-N.png','image/png',11582,'png',NULL,'2021-04-27 16:52:57'),(25,25,'footprint','415d8764-a768-11eb-b5b9-330470d74b82','CERDIP-24-W.png','image/png',12407,'png',NULL,'2021-04-27 16:52:58'),(26,26,'footprint','415ddcb4-a768-11eb-a136-34f82e22df19','CERDIP-28.png','image/png',12233,'png',NULL,'2021-04-27 16:52:58'),(27,27,'footprint','415e2c00-a768-11eb-b1de-c6bd07ef9860','CERDIP-40.png','image/png',12421,'png',NULL,'2021-04-27 16:52:58'),(28,28,'footprint','415e7b7e-a768-11eb-8c86-b486bf6b3cac','PDIP-8.png','image/png',13537,'png',NULL,'2021-04-27 16:52:58'),(29,29,'footprint','415ed5ba-a768-11eb-975f-5c7ee742e983','PDIP-14.png','image/png',13779,'png',NULL,'2021-04-27 16:52:58'),(30,30,'footprint','415f2b32-a768-11eb-a4eb-4453f5adba7c','PDIP-16.png','image/png',18305,'png',NULL,'2021-04-27 16:52:58'),(31,31,'footprint','415f8a8c-a768-11eb-ae5c-3113aa35a752','PDIP-18.png','image/png',14893,'png',NULL,'2021-04-27 16:52:58'),(32,32,'footprint','415fd988-a768-11eb-941a-a0719e08081b','PDIP-20.png','image/png',14429,'png',NULL,'2021-04-27 16:52:58'),(33,33,'footprint','41602c44-a768-11eb-934a-0fd178a566dc','PDIP-24.png','image/png',14647,'png',NULL,'2021-04-27 16:52:58'),(34,34,'footprint','41607e60-a768-11eb-84c3-383b72544aed','PDIP-28-N.png','image/png',18703,'png',NULL,'2021-04-27 16:52:58'),(35,35,'footprint','4160d5ea-a768-11eb-bb95-bfc3ae127205','PDIP-28-W.png','image/png',15728,'png',NULL,'2021-04-27 16:52:58'),(36,37,'footprint','47b0eba0-acb4-11eb-abd8-8e185539e7e7','0603.PNG','image/png',19586,'',NULL,'2021-05-04 10:39:46'),(37,38,'footprint','b2ad4ebc-acb4-11eb-9d38-0987265de561','0805.PNG','image/png',19199,'png',NULL,'2021-05-04 10:42:45'),(38,39,'footprint','ec22c7fc-acb5-11eb-8cf9-a9f5b1ba4859','TO92.PNG','image/png',41202,'png',NULL,'2021-05-04 10:51:31');
/*!40000 ALTER TABLE `FootprintImage` ENABLE KEYS */;
UNLOCK TABLES;

--
-- Table structure for table `GridPreset`
--

DROP TABLE IF EXISTS `GridPreset`;
/*!40101 SET @saved_cs_client     = @@character_set_client */;
/*!40101 SET character_set_client = utf8 */;
CREATE TABLE `GridPreset` (
  `id` int(11) NOT NULL AUTO_INCREMENT,
  `grid` varchar(255) COLLATE utf8_unicode_ci NOT NULL,
  `name` varchar(255) COLLATE utf8_unicode_ci NOT NULL,
  `configuration` longtext COLLATE utf8_unicode_ci NOT NULL,
  `gridDefault` tinyint(1) NOT NULL,
  PRIMARY KEY (`id`),
  UNIQUE KEY `name_grid_unique` (`grid`,`name`)
) ENGINE=InnoDB DEFAULT CHARSET=utf8 COLLATE=utf8_unicode_ci;
/*!40101 SET character_set_client = @saved_cs_client */;

--
-- Dumping data for table `GridPreset`
--

LOCK TABLES `GridPreset` WRITE;
/*!40000 ALTER TABLE `GridPreset` DISABLE KEYS */;
/*!40000 ALTER TABLE `GridPreset` ENABLE KEYS */;
UNLOCK TABLES;

--
-- Table structure for table `ImportPreset`
--

DROP TABLE IF EXISTS `ImportPreset`;
/*!40101 SET @saved_cs_client     = @@character_set_client */;
/*!40101 SET character_set_client = utf8 */;
CREATE TABLE `ImportPreset` (
  `id` int(11) NOT NULL AUTO_INCREMENT,
  `baseEntity` varchar(255) COLLATE utf8_unicode_ci NOT NULL,
  `name` varchar(255) COLLATE utf8_unicode_ci NOT NULL,
  `configuration` longtext COLLATE utf8_unicode_ci NOT NULL,
  PRIMARY KEY (`id`),
  UNIQUE KEY `name_entity_unique` (`baseEntity`,`name`)
) ENGINE=InnoDB DEFAULT CHARSET=utf8 COLLATE=utf8_unicode_ci;
/*!40101 SET character_set_client = @saved_cs_client */;

--
-- Dumping data for table `ImportPreset`
--

LOCK TABLES `ImportPreset` WRITE;
/*!40000 ALTER TABLE `ImportPreset` DISABLE KEYS */;
/*!40000 ALTER TABLE `ImportPreset` ENABLE KEYS */;
UNLOCK TABLES;

--
-- Table structure for table `Manufacturer`
--

DROP TABLE IF EXISTS `Manufacturer`;
/*!40101 SET @saved_cs_client     = @@character_set_client */;
/*!40101 SET character_set_client = utf8 */;
CREATE TABLE `Manufacturer` (
  `id` int(11) NOT NULL AUTO_INCREMENT,
  `name` varchar(255) COLLATE utf8_unicode_ci NOT NULL,
  `address` longtext COLLATE utf8_unicode_ci,
  `url` varchar(255) COLLATE utf8_unicode_ci DEFAULT NULL,
  `email` varchar(255) COLLATE utf8_unicode_ci DEFAULT NULL,
  `comment` longtext COLLATE utf8_unicode_ci,
  `phone` varchar(255) COLLATE utf8_unicode_ci DEFAULT NULL,
  `fax` varchar(255) COLLATE utf8_unicode_ci DEFAULT NULL,
  PRIMARY KEY (`id`),
  UNIQUE KEY `UNIQ_253B3D245E237E06` (`name`)
) ENGINE=InnoDB AUTO_INCREMENT=287 DEFAULT CHARSET=utf8 COLLATE=utf8_unicode_ci;
/*!40101 SET character_set_client = @saved_cs_client */;

--
-- Dumping data for table `Manufacturer`
--

LOCK TABLES `Manufacturer` WRITE;
/*!40000 ALTER TABLE `Manufacturer` DISABLE KEYS */;
INSERT INTO `Manufacturer` VALUES (1,'Integrated Circuit Designs',NULL,NULL,NULL,NULL,NULL,NULL),(2,'ACTEL',NULL,NULL,NULL,NULL,NULL,NULL),(3,'ALTINC',NULL,NULL,NULL,NULL,NULL,NULL),(4,'Aeroflex',NULL,NULL,NULL,NULL,NULL,NULL),(5,'Agilent Technologies',NULL,NULL,NULL,NULL,NULL,NULL),(6,'AKM Semiconductor',NULL,NULL,NULL,NULL,NULL,NULL),(7,'Alesis Semiconductor',NULL,NULL,NULL,NULL,NULL,NULL),(8,'ALi (Acer Laboratories Inc.)',NULL,NULL,NULL,NULL,NULL,NULL),(9,'Allayer Communications',NULL,NULL,NULL,NULL,NULL,NULL),(10,'Allegro Microsystems',NULL,NULL,NULL,NULL,NULL,NULL),(11,'Alliance Semiconductor',NULL,NULL,NULL,NULL,NULL,NULL),(12,'Alpha Industries',NULL,NULL,NULL,NULL,NULL,NULL),(13,'Alpha Microelectronics',NULL,NULL,NULL,NULL,NULL,NULL),(14,'Altera',NULL,NULL,NULL,NULL,NULL,NULL),(15,'Advanced Micro Devices (AMD)',NULL,NULL,NULL,NULL,NULL,NULL),(16,'American Microsystems, Inc. (AMI)',NULL,NULL,NULL,NULL,NULL,NULL),(17,'Amic Technology',NULL,NULL,NULL,NULL,NULL,NULL),(18,'Amphus',NULL,NULL,NULL,NULL,NULL,NULL),(19,'Anachip Corp.',NULL,NULL,NULL,NULL,NULL,NULL),(20,'ANADIGICs',NULL,NULL,NULL,NULL,NULL,NULL),(21,'Analog Devices',NULL,NULL,NULL,NULL,NULL,NULL),(22,'Analog Systems',NULL,NULL,NULL,NULL,NULL,NULL),(23,'Anchor Chips',NULL,NULL,NULL,NULL,NULL,NULL),(24,'Apex Microtechnology',NULL,NULL,NULL,NULL,NULL,NULL),(25,'ARK Logic',NULL,NULL,NULL,NULL,NULL,NULL),(26,'ASD',NULL,NULL,NULL,NULL,NULL,NULL),(27,'Astec Semiconductor',NULL,NULL,NULL,NULL,NULL,NULL),(28,'ATC (Analog Technologie)',NULL,NULL,NULL,NULL,NULL,NULL),(29,'ATecoM',NULL,NULL,NULL,NULL,NULL,NULL),(30,'ATI Technologies',NULL,NULL,NULL,NULL,NULL,NULL),(31,'Atmel',NULL,NULL,NULL,NULL,NULL,NULL),(32,'AT&T',NULL,NULL,NULL,NULL,NULL,NULL),(33,'AudioCodes',NULL,NULL,NULL,NULL,NULL,NULL),(34,'Aura Vision',NULL,NULL,NULL,NULL,NULL,NULL),(35,'Aureal',NULL,NULL,NULL,NULL,NULL,NULL),(36,'Austin Semiconductor',NULL,NULL,NULL,NULL,NULL,NULL),(37,'Avance Logic',NULL,NULL,NULL,NULL,NULL,NULL),(38,'Bel Fuse',NULL,NULL,NULL,NULL,NULL,NULL),(39,'Benchmarq Microelectronics',NULL,NULL,NULL,NULL,NULL,NULL),(40,'BI Technologies',NULL,NULL,NULL,NULL,NULL,NULL),(41,'Bowmar/White',NULL,NULL,NULL,NULL,NULL,NULL),(42,'Brightflash',NULL,NULL,NULL,NULL,NULL,NULL),(43,'Broadcom',NULL,NULL,NULL,NULL,NULL,NULL),(44,'Brooktree(now Rockwell)',NULL,NULL,NULL,NULL,NULL,NULL),(45,'Burr Brown',NULL,NULL,NULL,NULL,NULL,NULL),(46,'California Micro Devices',NULL,NULL,NULL,NULL,NULL,NULL),(47,'Calogic',NULL,NULL,NULL,NULL,NULL,NULL),(48,'Catalyst Semiconductor',NULL,NULL,NULL,NULL,NULL,NULL),(49,'Centon Electronics',NULL,NULL,NULL,NULL,NULL,NULL),(50,'Ceramate Technical',NULL,NULL,NULL,NULL,NULL,NULL),(51,'Cherry Semiconductor',NULL,NULL,NULL,NULL,NULL,NULL),(52,'Chipcon AS',NULL,NULL,NULL,NULL,NULL,NULL),(53,'Chips',NULL,NULL,NULL,NULL,NULL,NULL),(54,'Chrontel',NULL,NULL,NULL,NULL,NULL,NULL),(55,'Cirrus Logic',NULL,NULL,NULL,NULL,NULL,NULL),(56,'ComCore Semiconductor',NULL,NULL,NULL,NULL,NULL,NULL),(57,'Conexant',NULL,NULL,NULL,NULL,NULL,NULL),(58,'Cosmo Electronics',NULL,NULL,NULL,NULL,NULL,NULL),(59,'Chrystal',NULL,NULL,NULL,NULL,NULL,NULL),(60,'Cygnal',NULL,NULL,NULL,NULL,NULL,NULL),(61,'Cypress Semiconductor',NULL,NULL,NULL,NULL,NULL,NULL),(62,'Cyrix Corporation',NULL,NULL,NULL,NULL,NULL,NULL),(63,'Daewoo Electronics Semiconductor',NULL,NULL,NULL,NULL,NULL,NULL),(64,'Dallas Semiconductor',NULL,NULL,NULL,NULL,NULL,NULL),(65,'Davicom Semiconductor',NULL,NULL,NULL,NULL,NULL,NULL),(66,'Data Delay Devices',NULL,NULL,NULL,NULL,NULL,NULL),(67,'Diamond Technologies',NULL,NULL,NULL,NULL,NULL,NULL),(68,'DIOTEC',NULL,NULL,NULL,NULL,NULL,NULL),(69,'DTC Data Technology',NULL,NULL,NULL,NULL,NULL,NULL),(70,'DVDO',NULL,NULL,NULL,NULL,NULL,NULL),(71,'EG&G',NULL,NULL,NULL,NULL,NULL,NULL),(72,'Elan Microelectronics',NULL,NULL,NULL,NULL,NULL,NULL),(73,'ELANTEC',NULL,NULL,NULL,NULL,NULL,NULL),(74,'Electronic Arrays',NULL,NULL,NULL,NULL,NULL,NULL),(75,'Elite Flash Storage Technology Inc. (EFST)',NULL,NULL,NULL,NULL,NULL,NULL),(76,'EM Microelectronik - Marin',NULL,NULL,NULL,NULL,NULL,NULL),(77,'Enhanced Memory Systems',NULL,NULL,NULL,NULL,NULL,NULL),(78,'Ensoniq Corp',NULL,NULL,NULL,NULL,NULL,NULL),(79,'EON Silicon Devices',NULL,NULL,NULL,NULL,NULL,NULL),(80,'Epson',NULL,NULL,NULL,NULL,NULL,NULL),(81,'Ericsson',NULL,NULL,NULL,NULL,NULL,NULL),(82,'ESS Technology',NULL,NULL,NULL,NULL,NULL,NULL),(83,'Electronic Technology',NULL,NULL,NULL,NULL,NULL,NULL),(84,'EXAR',NULL,NULL,NULL,NULL,NULL,NULL),(85,'Excel Semiconductor Inc.',NULL,NULL,NULL,NULL,NULL,NULL),(86,'Fairschild',NULL,NULL,NULL,NULL,NULL,NULL),(87,'Freescale Semiconductor',NULL,NULL,NULL,NULL,NULL,NULL),(88,'Fujitsu',NULL,NULL,NULL,NULL,NULL,NULL),(89,'Galileo Technology',NULL,NULL,NULL,NULL,NULL,NULL),(90,'Galvantech',NULL,NULL,NULL,NULL,NULL,NULL),(91,'GEC Plessey',NULL,NULL,NULL,NULL,NULL,NULL),(92,'Gennum',NULL,NULL,NULL,NULL,NULL,NULL),(93,'General Electric (Harris)',NULL,NULL,NULL,NULL,NULL,NULL),(94,'General Instruments',NULL,NULL,NULL,NULL,NULL,NULL),(95,'G-Link Technology',NULL,NULL,NULL,NULL,NULL,NULL),(96,'Goal Semiconductor',NULL,NULL,NULL,NULL,NULL,NULL),(97,'Goldstar',NULL,NULL,NULL,NULL,NULL,NULL),(98,'Gould',NULL,NULL,NULL,NULL,NULL,NULL),(99,'Greenwich Instruments',NULL,NULL,NULL,NULL,NULL,NULL),(100,'General Semiconductor',NULL,NULL,NULL,NULL,NULL,NULL),(101,'Harris Semiconductor',NULL,NULL,NULL,NULL,NULL,NULL),(102,'VEB',NULL,NULL,NULL,NULL,NULL,NULL),(103,'Hitachi Semiconductor',NULL,NULL,NULL,NULL,NULL,NULL),(104,'Holtek',NULL,NULL,NULL,NULL,NULL,NULL),(105,'Hewlett Packard',NULL,NULL,NULL,NULL,NULL,NULL),(106,'Hualon',NULL,NULL,NULL,NULL,NULL,NULL),(107,'Hynix Semiconductor',NULL,NULL,NULL,NULL,NULL,NULL),(108,'Hyundai',NULL,NULL,NULL,NULL,NULL,NULL),(109,'IC Design',NULL,NULL,NULL,NULL,NULL,NULL),(110,'Integrated Circuit Systems (ICS)',NULL,NULL,NULL,NULL,NULL,NULL),(111,'IC - Haus',NULL,NULL,NULL,NULL,NULL,NULL),(112,'ICSI (Integrated Circuit Solution Inc.)',NULL,NULL,NULL,NULL,NULL,NULL),(113,'I-Cube',NULL,NULL,NULL,NULL,NULL,NULL),(114,'IC Works',NULL,NULL,NULL,NULL,NULL,NULL),(115,'Integrated Device Technology (IDT)',NULL,NULL,NULL,NULL,NULL,NULL),(116,'IGS Technologies',NULL,NULL,NULL,NULL,NULL,NULL),(117,'IMPALA Linear',NULL,NULL,NULL,NULL,NULL,NULL),(118,'IMP',NULL,NULL,NULL,NULL,NULL,NULL),(119,'Infineon',NULL,NULL,NULL,NULL,NULL,NULL),(120,'INMOS',NULL,NULL,NULL,NULL,NULL,NULL),(121,'Intel',NULL,NULL,NULL,NULL,NULL,NULL),(122,'Intersil',NULL,NULL,NULL,NULL,NULL,NULL),(123,'International Rectifier',NULL,NULL,NULL,NULL,NULL,NULL),(124,'Information Storage Devices',NULL,NULL,NULL,NULL,NULL,NULL),(125,'ISSI (Integrated Silicon Solution, Inc.)',NULL,NULL,NULL,NULL,NULL,NULL),(126,'Integrated Technology Express',NULL,NULL,NULL,NULL,NULL,NULL),(127,'ITT Semiconductor (Micronas Intermetall)',NULL,NULL,NULL,NULL,NULL,NULL),(128,'IXYS',NULL,NULL,NULL,NULL,NULL,NULL),(129,'Korea Electronics (KEC)',NULL,NULL,NULL,NULL,NULL,NULL),(130,'Kota Microcircuits',NULL,NULL,NULL,NULL,NULL,NULL),(131,'Lattice Semiconductor Corp.',NULL,NULL,NULL,NULL,NULL,NULL),(132,'Lansdale Semiconductor',NULL,NULL,NULL,NULL,NULL,NULL),(133,'Level One Communications',NULL,NULL,NULL,NULL,NULL,NULL),(134,'LG Semicon (Lucky Goldstar Electronic Co.)',NULL,NULL,NULL,NULL,NULL,NULL),(135,'Linear Technology',NULL,NULL,NULL,NULL,NULL,NULL),(136,'Linfinity Microelectronics',NULL,NULL,NULL,NULL,NULL,NULL),(137,'Lite-On',NULL,NULL,NULL,NULL,NULL,NULL),(138,'Lucent Technologies (AT&T Microelectronics)',NULL,NULL,NULL,NULL,NULL,NULL),(139,'Macronix International',NULL,NULL,NULL,NULL,NULL,NULL),(140,'Marvell Semiconductor',NULL,NULL,NULL,NULL,NULL,NULL),(141,'Matsushita Panasonic',NULL,NULL,NULL,NULL,NULL,NULL),(142,'Maxim Dallas',NULL,NULL,NULL,NULL,NULL,NULL),(143,'Media Vision',NULL,NULL,NULL,NULL,NULL,NULL),(144,'Microchip (Arizona Michrochip Technology)',NULL,NULL,NULL,NULL,NULL,NULL),(145,'Matra MHS',NULL,NULL,NULL,NULL,NULL,NULL),(146,'Micrel Semiconductor',NULL,NULL,NULL,NULL,NULL,NULL),(147,'Micronas',NULL,NULL,NULL,NULL,NULL,NULL),(148,'Micronix Integrated Systems',NULL,NULL,NULL,NULL,NULL,NULL),(149,'Micron Technology, Inc.',NULL,NULL,NULL,NULL,NULL,NULL),(150,'Microsemi',NULL,NULL,NULL,NULL,NULL,NULL),(151,'Mini-Circuits',NULL,NULL,NULL,NULL,NULL,NULL),(152,'Mitel Semiconductor',NULL,NULL,NULL,NULL,NULL,NULL),(153,'Mitsubishi Semiconductor',NULL,NULL,NULL,NULL,NULL,NULL),(154,'Micro Linear',NULL,NULL,NULL,NULL,NULL,NULL),(155,'MMI (Monolithic Memories, Inc.)',NULL,NULL,NULL,NULL,NULL,NULL),(156,'Mosaic Semiconductor',NULL,NULL,NULL,NULL,NULL,NULL),(157,'Mosel Vitelic',NULL,NULL,NULL,NULL,NULL,NULL),(158,'MOS Technologies',NULL,NULL,NULL,NULL,NULL,NULL),(159,'Mostek',NULL,NULL,NULL,NULL,NULL,NULL),(160,'MoSys',NULL,NULL,NULL,NULL,NULL,NULL),(161,'Motorola',NULL,NULL,NULL,NULL,NULL,NULL),(162,'Microtune',NULL,NULL,NULL,NULL,NULL,NULL),(163,'M-Systems',NULL,NULL,NULL,NULL,NULL,NULL),(164,'Murata Manufacturing',NULL,NULL,NULL,NULL,NULL,NULL),(165,'MWave (IBM)',NULL,NULL,NULL,NULL,NULL,NULL),(166,'Myson Technology',NULL,NULL,NULL,NULL,NULL,NULL),(167,'NEC Electronics',NULL,NULL,NULL,NULL,NULL,NULL),(168,'NexFlash Technologies',NULL,NULL,NULL,NULL,NULL,NULL),(169,'New Japan Radio',NULL,NULL,NULL,NULL,NULL,NULL),(170,'National Semiconductor',NULL,NULL,NULL,NULL,NULL,NULL),(171,'NVidia Corporation',NULL,NULL,NULL,NULL,NULL,NULL),(172,'Oak Technology',NULL,NULL,NULL,NULL,NULL,NULL),(173,'Oki Semiconductor',NULL,NULL,NULL,NULL,NULL,NULL),(174,'Opti',NULL,NULL,NULL,NULL,NULL,NULL),(175,'Orbit Semiconductor',NULL,NULL,NULL,NULL,NULL,NULL),(176,'Oren Semiconductor',NULL,NULL,NULL,NULL,NULL,NULL),(177,'Performance Semiconductor',NULL,NULL,NULL,NULL,NULL,NULL),(178,'Pericom Semiconductor',NULL,NULL,NULL,NULL,NULL,NULL),(179,'PhaseLink Laboratories',NULL,NULL,NULL,NULL,NULL,NULL),(180,'Philips Semiconductor',NULL,NULL,NULL,NULL,NULL,NULL),(181,'PLX Technology',NULL,NULL,NULL,NULL,NULL,NULL),(182,'PMC- Sierra',NULL,NULL,NULL,NULL,NULL,NULL),(183,'Precision Monolithics',NULL,NULL,NULL,NULL,NULL,NULL),(184,'Princeton Technology',NULL,NULL,NULL,NULL,NULL,NULL),(185,'PowerSmart',NULL,NULL,NULL,NULL,NULL,NULL),(186,'QuickLogic',NULL,NULL,NULL,NULL,NULL,NULL),(187,'Qlogic',NULL,NULL,NULL,NULL,NULL,NULL),(188,'Quality Semiconductor',NULL,NULL,NULL,NULL,NULL,NULL),(189,'Rabbit Semiconductor',NULL,NULL,NULL,NULL,NULL,NULL),(190,'Ramtron International Co.',NULL,NULL,NULL,NULL,NULL,NULL),(191,'Raytheon Semiconductor',NULL,NULL,NULL,NULL,NULL,NULL),(192,'RCA Solid State',NULL,NULL,NULL,NULL,NULL,NULL),(193,'Realtek Semiconductor',NULL,NULL,NULL,NULL,NULL,NULL),(194,'Rectron',NULL,NULL,NULL,NULL,NULL,NULL),(195,'Rendition',NULL,NULL,NULL,NULL,NULL,NULL),(196,'Renesas Technology',NULL,NULL,NULL,NULL,NULL,NULL),(197,'Rockwell',NULL,NULL,NULL,NULL,NULL,NULL),(198,'Rohm Corp.',NULL,NULL,NULL,NULL,NULL,NULL),(199,'S3',NULL,NULL,NULL,NULL,NULL,NULL),(200,'Sage',NULL,NULL,NULL,NULL,NULL,NULL),(201,'Saifun Semiconductors Ltd.',NULL,NULL,NULL,NULL,NULL,NULL),(202,'Sames',NULL,NULL,NULL,NULL,NULL,NULL),(203,'Samsung',NULL,NULL,NULL,NULL,NULL,NULL),(204,'Sanken',NULL,NULL,NULL,NULL,NULL,NULL),(205,'Sanyo',NULL,NULL,NULL,NULL,NULL,NULL),(206,'Scenix',NULL,NULL,NULL,NULL,NULL,NULL),(207,'Samsung Electronics',NULL,NULL,NULL,NULL,NULL,NULL),(208,'SEEQ Technology',NULL,NULL,NULL,NULL,NULL,NULL),(209,'Seiko Instruments',NULL,NULL,NULL,NULL,NULL,NULL),(210,'Semtech',NULL,NULL,NULL,NULL,NULL,NULL),(211,'SGS-Ates',NULL,NULL,NULL,NULL,NULL,NULL),(212,'SGS-Thomson Microelectonics ST-M)',NULL,NULL,NULL,NULL,NULL,NULL),(213,'Sharp Microelectronics (USA)',NULL,NULL,NULL,NULL,NULL,NULL),(214,'Shindengen',NULL,NULL,NULL,NULL,NULL,NULL),(215,'Siemens Microelectronics, Inc.',NULL,NULL,NULL,NULL,NULL,NULL),(216,'Sierra',NULL,NULL,NULL,NULL,NULL,NULL),(217,'Sigma Tel',NULL,NULL,NULL,NULL,NULL,NULL),(218,'Signetics',NULL,NULL,NULL,NULL,NULL,NULL),(219,'Silicon Laboratories',NULL,NULL,NULL,NULL,NULL,NULL),(220,'Silicon Magic',NULL,NULL,NULL,NULL,NULL,NULL),(221,'Simtec Corp.',NULL,NULL,NULL,NULL,NULL,NULL),(222,'Siliconix',NULL,NULL,NULL,NULL,NULL,NULL),(223,'Siliconians',NULL,NULL,NULL,NULL,NULL,NULL),(224,'Sipex',NULL,NULL,NULL,NULL,NULL,NULL),(225,'Silicon Integrated Systems',NULL,NULL,NULL,NULL,NULL,NULL),(226,'SMC',NULL,NULL,NULL,NULL,NULL,NULL),(227,'Standard Microsystems',NULL,NULL,NULL,NULL,NULL,NULL),(228,'Sony Semiconductor',NULL,NULL,NULL,NULL,NULL,NULL),(229,'Space Electronics',NULL,NULL,NULL,NULL,NULL,NULL),(230,'Spectek',NULL,NULL,NULL,NULL,NULL,NULL),(231,'Signal Processing Technologies',NULL,NULL,NULL,NULL,NULL,NULL),(232,'Solid State Scientific',NULL,NULL,NULL,NULL,NULL,NULL),(233,'Silicon Storage Technology (SST)',NULL,NULL,NULL,NULL,NULL,NULL),(234,'STMicroelectronics',NULL,NULL,NULL,NULL,NULL,NULL),(235,'SUMMIT Microelectronics',NULL,NULL,NULL,NULL,NULL,NULL),(236,'Synergy Semiconductor',NULL,NULL,NULL,NULL,NULL,NULL),(237,'Synertek',NULL,NULL,NULL,NULL,NULL,NULL),(238,'Taiwan Semiconductor',NULL,NULL,NULL,NULL,NULL,NULL),(239,'TDK Semiconductor',NULL,NULL,NULL,NULL,NULL,NULL),(240,'Teccor Electronics',NULL,NULL,NULL,NULL,NULL,NULL),(241,'TelCom Semiconductor',NULL,NULL,NULL,NULL,NULL,NULL),(242,'Teledyne',NULL,NULL,NULL,NULL,NULL,NULL),(243,'Telefunken',NULL,NULL,NULL,NULL,NULL,NULL),(244,'Teltone',NULL,NULL,NULL,NULL,NULL,NULL),(245,'Thomson-CSF',NULL,NULL,NULL,NULL,NULL,NULL),(246,'Texas Instruments',NULL,NULL,NULL,NULL,NULL,NULL),(247,'Toko Amerika',NULL,NULL,NULL,NULL,NULL,NULL),(248,'Toshiba (US)',NULL,NULL,NULL,NULL,NULL,NULL),(249,'Trident',NULL,NULL,NULL,NULL,NULL,NULL),(250,'TriQuint Semiconductor',NULL,NULL,NULL,NULL,NULL,NULL),(251,'Triscend',NULL,NULL,NULL,NULL,NULL,NULL),(252,'Tseng Labs',NULL,NULL,NULL,NULL,NULL,NULL),(253,'Tundra',NULL,NULL,NULL,NULL,NULL,NULL),(254,'Turbo IC',NULL,NULL,NULL,NULL,NULL,NULL),(255,'Ubicom',NULL,NULL,NULL,NULL,NULL,NULL),(256,'United Microelectronics Corp (UMC)',NULL,NULL,NULL,NULL,NULL,NULL),(257,'Unitrode',NULL,NULL,NULL,NULL,NULL,NULL),(258,'USAR Systems',NULL,NULL,NULL,NULL,NULL,NULL),(259,'United Technologies Microelectronics Center (UTMC)',NULL,NULL,NULL,NULL,NULL,NULL),(260,'Utron',NULL,NULL,NULL,NULL,NULL,NULL),(261,'V3 Semiconductor',NULL,NULL,NULL,NULL,NULL,NULL),(262,'Vadem',NULL,NULL,NULL,NULL,NULL,NULL),(263,'Vanguard International Semiconductor',NULL,NULL,NULL,NULL,NULL,NULL),(264,'Vantis',NULL,NULL,NULL,NULL,NULL,NULL),(265,'Via Technologies',NULL,NULL,NULL,NULL,NULL,NULL),(266,'Virata',NULL,NULL,NULL,NULL,NULL,NULL),(267,'Vishay',NULL,NULL,NULL,NULL,NULL,NULL),(268,'Vision Tech',NULL,NULL,NULL,NULL,NULL,NULL),(269,'Vitelic',NULL,NULL,NULL,NULL,NULL,NULL),(270,'VLSI Technology',NULL,NULL,NULL,NULL,NULL,NULL),(271,'Volterra',NULL,NULL,NULL,NULL,NULL,NULL),(272,'VTC',NULL,NULL,NULL,NULL,NULL,NULL),(273,'Waferscale Integration (WSI)',NULL,NULL,NULL,NULL,NULL,NULL),(274,'Western Digital',NULL,NULL,NULL,NULL,NULL,NULL),(275,'Weitek',NULL,NULL,NULL,NULL,NULL,NULL),(276,'Winbond',NULL,NULL,NULL,NULL,NULL,NULL),(277,'Wofson Microelectronics',NULL,NULL,NULL,NULL,NULL,NULL),(278,'Xwmics',NULL,NULL,NULL,NULL,NULL,NULL),(279,'Xicor',NULL,NULL,NULL,NULL,NULL,NULL),(280,'Xilinx',NULL,NULL,NULL,NULL,NULL,NULL),(281,'Yamaha',NULL,NULL,NULL,NULL,NULL,NULL),(282,'Zetex Semiconductors',NULL,NULL,NULL,NULL,NULL,NULL),(283,'Zilog',NULL,NULL,NULL,NULL,NULL,NULL),(284,'ZMD (Zentrum Mikroelektronik Dresden)',NULL,NULL,NULL,NULL,NULL,NULL),(285,'Zoran',NULL,NULL,NULL,NULL,NULL,NULL),(286,'Nova Elektronik GmbH','Sachsstr. 6, 50259 Pulheim','www.nova-elektronik.de','Info@nova-elektronik.de','','','');
/*!40000 ALTER TABLE `Manufacturer` ENABLE KEYS */;
UNLOCK TABLES;

--
-- Table structure for table `ManufacturerICLogo`
--

DROP TABLE IF EXISTS `ManufacturerICLogo`;
/*!40101 SET @saved_cs_client     = @@character_set_client */;
/*!40101 SET character_set_client = utf8 */;
CREATE TABLE `ManufacturerICLogo` (
  `id` int(11) NOT NULL AUTO_INCREMENT,
  `manufacturer_id` int(11) DEFAULT NULL,
  `type` varchar(255) COLLATE utf8_unicode_ci NOT NULL,
  `filename` varchar(255) COLLATE utf8_unicode_ci NOT NULL,
  `originalname` varchar(255) COLLATE utf8_unicode_ci DEFAULT NULL,
  `mimetype` varchar(255) COLLATE utf8_unicode_ci NOT NULL,
  `size` int(11) NOT NULL,
  `extension` varchar(255) COLLATE utf8_unicode_ci DEFAULT NULL,
  `description` longtext COLLATE utf8_unicode_ci,
  `created` datetime NOT NULL,
  PRIMARY KEY (`id`),
  KEY `IDX_3F1EF213A23B42D` (`manufacturer_id`),
  CONSTRAINT `FK_3F1EF213A23B42D` FOREIGN KEY (`manufacturer_id`) REFERENCES `Manufacturer` (`id`)
) ENGINE=InnoDB AUTO_INCREMENT=347 DEFAULT CHARSET=utf8 COLLATE=utf8_unicode_ci;
/*!40101 SET character_set_client = @saved_cs_client */;

--
-- Dumping data for table `ManufacturerICLogo`
--

LOCK TABLES `ManufacturerICLogo` WRITE;
/*!40000 ALTER TABLE `ManufacturerICLogo` DISABLE KEYS */;
INSERT INTO `ManufacturerICLogo` VALUES (1,1,'iclogo','4223a386-a768-11eb-9c72-031bd95bd415','acer.png','image/png',2195,'png',NULL,'2021-04-27 16:52:59'),(2,2,'iclogo','42251d56-a768-11eb-9472-3dd36fcc33ff','actel.png','image/png',5003,'png',NULL,'2021-04-27 16:52:59'),(3,3,'iclogo','422571e8-a768-11eb-98a6-3c9511f5b8c4','advldev.png','image/png',1835,'png',NULL,'2021-04-27 16:52:59'),(4,4,'iclogo','4225b766-a768-11eb-96b4-bdafa721f057','aeroflex1.png','image/png',9649,'png',NULL,'2021-04-27 16:52:59'),(5,4,'iclogo','4225e218-a768-11eb-85ca-fb11ab096912','aeroflex2.png','image/png',4562,'png',NULL,'2021-04-27 16:52:59'),(6,5,'iclogo','42261f12-a768-11eb-946a-48dd5f6a6246','agilent.png','image/png',5264,'png',NULL,'2021-04-27 16:52:59'),(7,6,'iclogo','42265dce-a768-11eb-be7c-725c4860da50','akm.png','image/png',2204,'png',NULL,'2021-04-27 16:52:59'),(8,7,'iclogo','42269190-a768-11eb-b1a5-bc3653d50a84','alesis.png','image/png',1475,'png',NULL,'2021-04-27 16:52:59'),(9,8,'iclogo','4226c386-a768-11eb-8703-96ffe82c63f3','ali1.png','image/png',2462,'png',NULL,'2021-04-27 16:52:59'),(10,8,'iclogo','4226e5c8-a768-11eb-8bfd-bfe5945273b4','ali2.png','image/png',1784,'png',NULL,'2021-04-27 16:52:59'),(11,9,'iclogo','422721aa-a768-11eb-bad2-340815b1db52','allayer.png','image/png',1869,'png',NULL,'2021-04-27 16:52:59'),(12,10,'iclogo','4227574c-a768-11eb-9581-f775732aa05f','allegro.png','image/png',1475,'png',NULL,'2021-04-27 16:52:59'),(13,11,'iclogo','42279022-a768-11eb-92e5-267a2b4f72a5','alliance.png','image/png',1949,'png',NULL,'2021-04-27 16:52:59'),(14,12,'iclogo','4227c4e8-a768-11eb-8299-9a6d5f3fca70','alphaind.png','image/png',1403,'png',NULL,'2021-04-27 16:52:59'),(15,13,'iclogo','4227f832-a768-11eb-b5f6-3f8de5df0c9d','alphamic.png','image/png',2989,'png',NULL,'2021-04-27 16:52:59'),(16,13,'iclogo','42281998-a768-11eb-aebc-0c0be7291de0','alpha.png','image/png',1534,'png',NULL,'2021-04-27 16:52:59'),(17,14,'iclogo','42284fbc-a768-11eb-b178-85d30716f920','altera.png','image/png',4064,'png',NULL,'2021-04-27 16:52:59'),(18,15,'iclogo','42288734-a768-11eb-8590-93888f043df0','amd.png','image/png',1709,'png',NULL,'2021-04-27 16:52:59'),(19,16,'iclogo','4228c320-a768-11eb-8d8f-1ef95a914289','ami1.png','image/png',2399,'png',NULL,'2021-04-27 16:52:59'),(20,16,'iclogo','4228debe-a768-11eb-bb90-e8926096df91','ami2.png','image/png',1706,'png',NULL,'2021-04-27 16:52:59'),(21,17,'iclogo','422910fa-a768-11eb-87f1-93effc25f021','amic.png','image/png',2228,'png',NULL,'2021-04-27 16:52:59'),(22,18,'iclogo','422941ba-a768-11eb-82bb-2ce9ed5667ff','ampus.png','image/png',6150,'png',NULL,'2021-04-27 16:52:59'),(23,19,'iclogo','42297d10-a768-11eb-b4d7-86923d266c86','anachip.png','image/png',3549,'png',NULL,'2021-04-27 16:52:59'),(24,20,'iclogo','4229b460-a768-11eb-ad34-e316774ac4ab','anadigic.png','image/png',5147,'png',NULL,'2021-04-27 16:52:59'),(25,21,'iclogo','4229fda8-a768-11eb-ab2c-f603170f0dae','analog1.png','image/png',1262,'png',NULL,'2021-04-27 16:52:59'),(26,21,'iclogo','422a1bda-a768-11eb-96c0-97b96866f38e','analog.png','image/png',1403,'png',NULL,'2021-04-27 16:52:59'),(27,22,'iclogo','422a50aa-a768-11eb-8ff5-a99664473fe4','anasys.png','image/png',3309,'png',NULL,'2021-04-27 16:52:59'),(28,23,'iclogo','422a88e0-a768-11eb-a647-104c71561d5e','anchorch.png','image/png',1475,'png',NULL,'2021-04-27 16:52:59'),(29,24,'iclogo','422ac2a6-a768-11eb-ac60-c153a54855af','apex1.png','image/png',2627,'png',NULL,'2021-04-27 16:52:59'),(30,24,'iclogo','422ae312-a768-11eb-a9cf-0422f0a330ea','apex.png','image/png',3974,'png',NULL,'2021-04-27 16:52:59'),(31,25,'iclogo','422b1ad0-a768-11eb-bcb0-2889f4e6c934','ark.png','image/png',2089,'png',NULL,'2021-04-27 16:52:59'),(32,26,'iclogo','422b536a-a768-11eb-85c4-54a0a906fecb','asd.png','image/png',5024,'png',NULL,'2021-04-27 16:52:59'),(33,27,'iclogo','422b9e10-a768-11eb-8564-35bc4ece056d','astec.png','image/png',3369,'png',NULL,'2021-04-27 16:52:59'),(34,28,'iclogo','422bd7e0-a768-11eb-b848-d063d0e0fe6e','atc.png','image/png',8660,'png',NULL,'2021-04-27 16:52:59'),(35,29,'iclogo','422c0e72-a768-11eb-9b01-27713d8a8305','atecom.png','image/png',1709,'png',NULL,'2021-04-27 16:52:59'),(36,30,'iclogo','422c3ffa-a768-11eb-b42d-069c8394225a','ati.png','image/png',2630,'png',NULL,'2021-04-27 16:52:59'),(37,31,'iclogo','422c72d6-a768-11eb-aec9-05cf5e8fac3f','atmel.png','image/png',2843,'png',NULL,'2021-04-27 16:52:59'),(38,32,'iclogo','422ca4fe-a768-11eb-9842-930473b526ce','att.png','image/png',2816,'png',NULL,'2021-04-27 16:52:59'),(39,33,'iclogo','422cd636-a768-11eb-9f39-f3bedd40aaa2','audiocod.png','image/png',2429,'png',NULL,'2021-04-27 16:52:59'),(40,34,'iclogo','422d096c-a768-11eb-bd79-143ac4f47fad','auravis.png','image/png',2281,'png',NULL,'2021-04-27 16:52:59'),(41,35,'iclogo','422d3a40-a768-11eb-8224-d089918ab80c','aureal.png','image/png',2109,'png',NULL,'2021-04-27 16:52:59'),(42,36,'iclogo','422d6aa6-a768-11eb-b9b4-6d98aa0d411f','austin.png','image/png',2464,'png',NULL,'2021-04-27 16:52:59'),(43,37,'iclogo','422d9dd2-a768-11eb-ab27-de905b4fc8ee','averlog.png','image/png',1552,'png',NULL,'2021-04-27 16:52:59'),(44,38,'iclogo','422dd50e-a768-11eb-8140-b65de3a271df','belfuse.png','image/png',2204,'png',NULL,'2021-04-27 16:52:59'),(45,39,'iclogo','422e090c-a768-11eb-8163-fe0065630461','benchmrq.png','image/png',1370,'png',NULL,'2021-04-27 16:52:59'),(46,40,'iclogo','422e4200-a768-11eb-a746-c40fd430ab92','bi.png','image/png',2008,'png',NULL,'2021-04-27 16:52:59'),(47,41,'iclogo','422e7400-a768-11eb-a7d8-50b5f98e1fb1','bowmar_white.png','image/png',4652,'png',NULL,'2021-04-27 16:52:59'),(48,42,'iclogo','422ea6dc-a768-11eb-ace1-6e9210ffec83','bright.png','image/png',6839,'png',NULL,'2021-04-27 16:52:59'),(49,43,'iclogo','422ee2fa-a768-11eb-b5ce-ed02aa37e81a','broadcom.png','image/png',6056,'png',NULL,'2021-04-27 16:52:59'),(50,44,'iclogo','422f34da-a768-11eb-afbf-d50ecc42e4ac','brooktre.png','image/png',1364,'png',NULL,'2021-04-27 16:52:59'),(51,45,'iclogo','422f945c-a768-11eb-badf-0894430d85ba','burrbrwn.png','image/png',3563,'png',NULL,'2021-04-27 16:52:59'),(52,46,'iclogo','422fd2fa-a768-11eb-a44b-fc4da322596c','calmicro.png','image/png',2109,'png',NULL,'2021-04-27 16:52:59'),(53,47,'iclogo','42300a22-a768-11eb-85fa-a9f26fd863d6','calogic.png','image/png',3367,'png',NULL,'2021-04-27 16:52:59'),(54,48,'iclogo','42303d94-a768-11eb-9477-40da5dd70503','catalys1.png','image/png',1922,'png',NULL,'2021-04-27 16:52:59'),(55,48,'iclogo','42305ca2-a768-11eb-a12e-70f410f0584f','catalyst.png','image/png',2228,'png',NULL,'2021-04-27 16:52:59'),(56,49,'iclogo','4230950a-a768-11eb-a01a-e3cf00186d06','ccube.png','image/png',1309,'png',NULL,'2021-04-27 16:52:59'),(57,50,'iclogo','4230c908-a768-11eb-ab31-5f72055989cf','ceramate1.png','image/png',2917,'png',NULL,'2021-04-27 16:52:59'),(58,50,'iclogo','4230e74e-a768-11eb-9662-789f8817ad35','ceramate2.png','image/png',2917,'png',NULL,'2021-04-27 16:52:59'),(59,51,'iclogo','42311fca-a768-11eb-8bcd-073bc55d5729','cherry.png','image/png',2507,'png',NULL,'2021-04-27 16:52:59'),(60,52,'iclogo','42315378-a768-11eb-ade7-e3ecb4eb43c2','chipcon1.png','image/png',8655,'png',NULL,'2021-04-27 16:52:59'),(61,52,'iclogo','4231742a-a768-11eb-b1a0-20a11a9d54f2','chipcon2.png','image/png',2923,'png',NULL,'2021-04-27 16:52:59'),(62,53,'iclogo','4231a74c-a768-11eb-99da-d26d5af1ea8d','chips.png','image/png',2864,'png',NULL,'2021-04-27 16:52:59'),(63,54,'iclogo','4231dad2-a768-11eb-9e75-3c9690c2b520','chrontel.png','image/png',1476,'png',NULL,'2021-04-27 16:52:59'),(64,55,'iclogo','42320cc8-a768-11eb-854c-3e0b294e81a7','cirrus.png','image/png',3218,'png',NULL,'2021-04-27 16:52:59'),(65,56,'iclogo','42323e00-a768-11eb-a7f1-5f81cabb6c48','comcore.png','image/png',1709,'png',NULL,'2021-04-27 16:52:59'),(66,57,'iclogo','42327096-a768-11eb-9701-aefc3e1e1752','conexant.png','image/png',2051,'png',NULL,'2021-04-27 16:52:59'),(67,58,'iclogo','4232a250-a768-11eb-9a17-17e4851791b6','cosmo.png','image/png',1709,'png',NULL,'2021-04-27 16:52:59'),(68,59,'iclogo','4232d338-a768-11eb-9245-6bfc6207905a','crystal.png','image/png',3605,'png',NULL,'2021-04-27 16:52:59'),(69,60,'iclogo','42330466-a768-11eb-aa75-0a884b0351d8','cygnal.png','image/png',2135,'png',NULL,'2021-04-27 16:52:59'),(70,61,'iclogo','42333724-a768-11eb-932f-c8e366612ec0','cypres1.png','image/png',2504,'png',NULL,'2021-04-27 16:52:59'),(71,61,'iclogo','423351fa-a768-11eb-8860-f67d463abd19','cypress.png','image/png',4275,'png',NULL,'2021-04-27 16:52:59'),(72,62,'iclogo','4233863e-a768-11eb-b7c6-fbffea1e0324','cyrix.png','image/png',2204,'png',NULL,'2021-04-27 16:52:59'),(73,63,'iclogo','4233bfd2-a768-11eb-960c-83b1e5cc64a5','daewoo.png','image/png',1907,'png',NULL,'2021-04-27 16:52:59'),(74,64,'iclogo','4233f9e8-a768-11eb-8bd2-2db275982091','dallas1.png','image/png',1469,'png',NULL,'2021-04-27 16:52:59'),(75,64,'iclogo','423414be-a768-11eb-88c4-5a51425834bb','dallas2.png','image/png',1309,'png',NULL,'2021-04-27 16:52:59'),(76,64,'iclogo','42342ec2-a768-11eb-adc7-856d9eb23cfd','dallas3.png','image/png',1869,'png',NULL,'2021-04-27 16:52:59'),(77,65,'iclogo','423464f0-a768-11eb-b77b-319e314ce7a1','davicom.png','image/png',4589,'png',NULL,'2021-04-27 16:52:59'),(78,66,'iclogo','4234993e-a768-11eb-a386-fbe042ed75a2','ddd.png','image/png',3235,'png',NULL,'2021-04-27 16:52:59'),(79,67,'iclogo','4234caf8-a768-11eb-b579-b216f7f7c74b','diamond.png','image/png',2504,'png',NULL,'2021-04-27 16:52:59'),(80,68,'iclogo','42350072-a768-11eb-9439-517f76a491a5','diotec.png','image/png',1454,'png',NULL,'2021-04-27 16:52:59'),(81,69,'iclogo','42353786-a768-11eb-af92-52b8a1eb57fa','dtc1.png','image/png',2513,'png',NULL,'2021-04-27 16:52:59'),(82,69,'iclogo','42355874-a768-11eb-b64c-4b2704c6becc','dtc2.png','image/png',1670,'png',NULL,'2021-04-27 16:52:59'),(83,70,'iclogo','42359492-a768-11eb-922d-d7ee66b6b075','dvdo.png','image/png',2357,'png',NULL,'2021-04-27 16:52:59'),(84,71,'iclogo','4235c89a-a768-11eb-aecf-6a59e034c242','egg.png','image/png',1628,'png',NULL,'2021-04-27 16:52:59'),(85,72,'iclogo','4235fb76-a768-11eb-8412-9fbf53699fe9','elan.png','image/png',13826,'png',NULL,'2021-04-27 16:52:59'),(86,73,'iclogo','423642f2-a768-11eb-81ad-2c69f2c61cde','elantec1.png','image/png',1400,'png',NULL,'2021-04-27 16:52:59'),(87,73,'iclogo','423664a8-a768-11eb-8224-8aa110f104cf','elantec.png','image/png',3274,'png',NULL,'2021-04-27 16:52:59'),(88,74,'iclogo','42369cd4-a768-11eb-8253-4b61e758f534','elec_arrays.png','image/png',5602,'png',NULL,'2021-04-27 16:52:59'),(89,75,'iclogo','4236db04-a768-11eb-97ef-1c38a5b183b9','elite[1].png','image/png',8285,'png',NULL,'2021-04-27 16:52:59'),(90,76,'iclogo','42371862-a768-11eb-b224-2b94e8016c14','emmicro.png','image/png',3599,'png',NULL,'2021-04-27 16:52:59'),(91,77,'iclogo','42374e4a-a768-11eb-ba82-cac04ebdaadc','enhmemsy.png','image/png',1403,'png',NULL,'2021-04-27 16:52:59'),(92,78,'iclogo','423784f0-a768-11eb-8583-a7d473dc4865','ensoniq.png','image/png',3557,'png',NULL,'2021-04-27 16:52:59'),(93,79,'iclogo','4237bcf4-a768-11eb-902b-69121096b048','eon.png','image/png',5393,'png',NULL,'2021-04-27 16:52:59'),(94,80,'iclogo','4237f1b0-a768-11eb-9716-be8b0bb4ec11','epson1.png','image/png',2349,'png',NULL,'2021-04-27 16:52:59'),(95,80,'iclogo','42380cd6-a768-11eb-a324-41537f5fe535','epson2.png','image/png',2405,'png',NULL,'2021-04-27 16:52:59'),(96,81,'iclogo','423841e2-a768-11eb-842e-129f5000431c','ericsson.png','image/png',4184,'png',NULL,'2021-04-27 16:52:59'),(97,82,'iclogo','423879c8-a768-11eb-a63d-feb943b90cde','ess.png','image/png',3030,'png',NULL,'2021-04-27 16:52:59'),(98,83,'iclogo','4238ac68-a768-11eb-b2d4-8205e1566eb5','etc.png','image/png',2189,'png',NULL,'2021-04-27 16:52:59'),(99,84,'iclogo','4238ddbe-a768-11eb-9996-6b8230adff3a','exar.png','image/png',2771,'png',NULL,'2021-04-27 16:52:59'),(100,85,'iclogo','4239137e-a768-11eb-acb8-243840820a16','excelsemi1.png','image/png',7632,'png',NULL,'2021-04-27 16:52:59'),(101,85,'iclogo','423935f2-a768-11eb-89eb-374bd609ff57','excelsemi2.png','image/png',2339,'png',NULL,'2021-04-27 16:52:59'),(102,85,'iclogo','42395334-a768-11eb-a0d9-c1126a87b4cf','exel.png','image/png',2771,'png',NULL,'2021-04-27 16:52:59'),(103,86,'iclogo','42398cc8-a768-11eb-9d8e-e8fef7b64349','fairchil.png','image/png',1552,'png',NULL,'2021-04-27 16:52:59'),(104,87,'iclogo','4239c120-a768-11eb-96ff-a6d6b86384d1','freescale.png','image/png',3840,'png',NULL,'2021-04-27 16:52:59'),(105,88,'iclogo','4239f884-a768-11eb-88c5-e2e42bb87255','fujielec.png','image/png',5048,'png',NULL,'2021-04-27 16:52:59'),(106,88,'iclogo','423a1e72-a768-11eb-9ed3-9e06f8e11e28','fujitsu2.png','image/png',1860,'png',NULL,'2021-04-27 16:52:59'),(107,89,'iclogo','423a5720-a768-11eb-b4bf-b25edd5abdd7','galileo.png','image/png',3779,'png',NULL,'2021-04-27 16:52:59'),(108,90,'iclogo','423a8a88-a768-11eb-ae4a-5dbef7907727','galvant.png','image/png',2669,'png',NULL,'2021-04-27 16:52:59'),(109,91,'iclogo','423abe68-a768-11eb-9060-3e522b65fec0','gecples.png','image/png',2312,'png',NULL,'2021-04-27 16:52:59'),(110,92,'iclogo','423af7ac-a768-11eb-9bdc-532cf91059cd','gennum.png','image/png',2614,'png',NULL,'2021-04-27 16:52:59'),(111,93,'iclogo','423b3226-a768-11eb-b487-a5c57dfc1c3f','ge.png','image/png',2321,'png',NULL,'2021-04-27 16:52:59'),(112,94,'iclogo','423b6782-a768-11eb-8652-814cba4383f4','gi1.png','image/png',1385,'png',NULL,'2021-04-27 16:52:59'),(113,94,'iclogo','423b855a-a768-11eb-8272-4352e471bd5c','gi.png','image/png',1691,'png',NULL,'2021-04-27 16:52:59'),(114,95,'iclogo','423bbcaa-a768-11eb-8b4d-dbd91623728c','glink.png','image/png',1706,'png',NULL,'2021-04-27 16:52:59'),(115,96,'iclogo','423befc2-a768-11eb-8df4-0d268a5c6569','goal1.png','image/png',9092,'png',NULL,'2021-04-27 16:52:59'),(116,96,'iclogo','423c1308-a768-11eb-8be3-4f304b3f14e0','goal2.png','image/png',9649,'png',NULL,'2021-04-27 16:52:59'),(117,97,'iclogo','423c5142-a768-11eb-94ac-f43696366067','goldstar1.png','image/png',2923,'png',NULL,'2021-04-27 16:52:59'),(118,97,'iclogo','423c724e-a768-11eb-b030-c92d5ae99ebe','goldstar2.png','image/png',11387,'png',NULL,'2021-04-27 16:52:59'),(119,98,'iclogo','423caf20-a768-11eb-b9b1-8b67bd3c46d1','gould.png','image/png',1549,'png',NULL,'2021-04-27 16:52:59'),(120,99,'iclogo','423ce3be-a768-11eb-abbd-e42044a254c9','greenwich.png','image/png',9761,'png',NULL,'2021-04-27 16:52:59'),(121,100,'iclogo','423d2a4a-a768-11eb-a229-cba784f1cabc','gsemi.png','image/png',1704,'png',NULL,'2021-04-27 16:52:59'),(122,101,'iclogo','423d630c-a768-11eb-a03a-07e4596eb5f0','harris1.png','image/png',1549,'png',NULL,'2021-04-27 16:52:59'),(123,101,'iclogo','423d7f40-a768-11eb-9977-e8443789355c','harris2.png','image/png',1874,'png',NULL,'2021-04-27 16:52:59'),(124,102,'iclogo','423db44c-a768-11eb-af35-59249cce5668','hfo.png','image/png',1958,'png',NULL,'2021-04-27 16:52:59'),(125,103,'iclogo','423de8a4-a768-11eb-a6b3-9e9ac9873a5f','hitachi.png','image/png',2611,'png',NULL,'2021-04-27 16:52:59'),(126,104,'iclogo','423e2256-a768-11eb-9a60-0f33b6a481b4','holtek.png','image/png',2160,'png',NULL,'2021-04-27 16:52:59'),(127,105,'iclogo','423e5384-a768-11eb-bcfe-24a0d937729f','hp.png','image/png',2464,'png',NULL,'2021-04-27 16:52:59'),(128,106,'iclogo','423e8408-a768-11eb-869d-b8f486b296e0','hualon.png','image/png',2864,'png',NULL,'2021-04-27 16:52:59'),(129,107,'iclogo','423eb676-a768-11eb-996b-ce7723164f8a','hynix.png','image/png',8444,'png',NULL,'2021-04-27 16:52:59'),(130,108,'iclogo','423eebfa-a768-11eb-97c9-bffd532b439e','hyundai2.png','image/png',2269,'png',NULL,'2021-04-27 16:52:59'),(131,109,'iclogo','423f1dfa-a768-11eb-b10b-2a69c19a7046','icdesign.png','image/png',3014,'png',NULL,'2021-04-27 16:52:59'),(132,110,'iclogo','423f57c0-a768-11eb-bfce-8d16f1dd4de9','icd.png','image/png',1641,'png',NULL,'2021-04-27 16:52:59'),(133,110,'iclogo','423f7566-a768-11eb-bdb1-fcb17e39a4dc','ics.png','image/png',2042,'png',NULL,'2021-04-27 16:52:59'),(134,111,'iclogo','423fa9f0-a768-11eb-a39e-e71e15b35179','ichaus1.png','image/png',3370,'png',NULL,'2021-04-27 16:52:59'),(135,111,'iclogo','423fc7dc-a768-11eb-87f2-cbcb1e616db4','ichaus.png','image/png',1552,'png',NULL,'2021-04-27 16:52:59'),(136,112,'iclogo','423ffea0-a768-11eb-be12-e5847cd6bed9','icsi.png','image/png',4049,'png',NULL,'2021-04-27 16:52:59'),(137,113,'iclogo','42403384-a768-11eb-a010-ee0b559a3b4d','icube.png','image/png',1629,'png',NULL,'2021-04-27 16:52:59'),(138,114,'iclogo','424067b4-a768-11eb-83c0-dabbe690f3bb','icworks.png','image/png',1874,'png',NULL,'2021-04-27 16:52:59'),(139,115,'iclogo','42409f7c-a768-11eb-9b87-1085fffd8e8a','idt1.png','image/png',3995,'png',NULL,'2021-04-27 16:52:59'),(140,115,'iclogo','4240bd54-a768-11eb-950e-cada1230b88b','idt.png','image/png',1553,'png',NULL,'2021-04-27 16:52:59'),(141,116,'iclogo','4240f0da-a768-11eb-986b-fd0d2d5d5a0d','igstech.png','image/png',3832,'png',NULL,'2021-04-27 16:52:59'),(142,117,'iclogo','424126ae-a768-11eb-820a-e9acd8e702f2','impala.png','image/png',1628,'png',NULL,'2021-04-27 16:52:59'),(143,118,'iclogo','42415a84-a768-11eb-b986-de79895876d1','imp.png','image/png',2175,'png',NULL,'2021-04-27 16:52:59'),(144,119,'iclogo','42418dc4-a768-11eb-b4cd-00fc0056ec65','infineon.png','image/png',4511,'png',NULL,'2021-04-27 16:52:59'),(145,120,'iclogo','4241ca3c-a768-11eb-982a-5bedee5ffa51','inmos.png','image/png',3365,'png',NULL,'2021-04-27 16:52:59'),(146,121,'iclogo','4241fe6c-a768-11eb-89ce-15ef7ab6b804','intel2.png','image/png',2010,'png',NULL,'2021-04-27 16:52:59'),(147,122,'iclogo','4242354e-a768-11eb-8e81-cb00785da8bd','intresil4.png','image/png',2614,'png',NULL,'2021-04-27 16:52:59'),(148,122,'iclogo','424254f2-a768-11eb-bc87-198da924863a','intrsil1.png','image/png',1874,'png',NULL,'2021-04-27 16:52:59'),(149,122,'iclogo','42427446-a768-11eb-b3b7-6919276a34c4','intrsil2.png','image/png',2520,'png',NULL,'2021-04-27 16:52:59'),(150,122,'iclogo','42428e0e-a768-11eb-9254-e4341d13f3ed','intrsil3.png','image/png',3295,'png',NULL,'2021-04-27 16:52:59'),(151,123,'iclogo','4242c6da-a768-11eb-b480-c8c68bc19554','ir.png','image/png',2729,'png',NULL,'2021-04-27 16:52:59'),(152,124,'iclogo','4242ff88-a768-11eb-9f44-466bef0ec9e9','isd.png','image/png',2554,'png',NULL,'2021-04-27 16:52:59'),(153,125,'iclogo','42433160-a768-11eb-b260-834992460f39','issi.png','image/png',3030,'png',NULL,'2021-04-27 16:52:59'),(154,126,'iclogo','424365e0-a768-11eb-addf-93bc5c329c15','ite.png','image/png',3302,'png',NULL,'2021-04-27 16:52:59'),(155,127,'iclogo','42439e52-a768-11eb-b65e-32ef1556c9bc','itt.png','image/png',2483,'png',NULL,'2021-04-27 16:52:59'),(156,128,'iclogo','4243d520-a768-11eb-b70a-52cce5fe58ce','ixys.png','image/png',3575,'png',NULL,'2021-04-27 16:52:59'),(157,129,'iclogo','42440efa-a768-11eb-9a5d-b9cbd2164701','kec.png','image/png',2567,'png',NULL,'2021-04-27 16:52:59'),(158,130,'iclogo','42444168-a768-11eb-ac95-b121d5d92aec','kota.png','image/png',1552,'png',NULL,'2021-04-27 16:52:59'),(159,131,'iclogo','424471c4-a768-11eb-8e2f-6ab628a545cd','lattice1.png','image/png',1768,'png',NULL,'2021-04-27 16:52:59'),(160,131,'iclogo','42448ba0-a768-11eb-8366-9287dac9e4e2','lattice2.png','image/png',1519,'png',NULL,'2021-04-27 16:52:59'),(161,131,'iclogo','4244a504-a768-11eb-92df-05f31f8d4029','lattice3.png','image/png',1216,'png',NULL,'2021-04-27 16:52:59'),(162,132,'iclogo','4244d98e-a768-11eb-8df1-b6fe8d620013','lds1.png','image/png',2136,'png',NULL,'2021-04-27 16:52:59'),(163,132,'iclogo','4244fa0e-a768-11eb-8856-082f5805652e','lds.png','image/png',1959,'png',NULL,'2021-04-27 16:52:59'),(164,133,'iclogo','424531b8-a768-11eb-9d29-6bf1dc9f6e42','levone.png','image/png',4189,'png',NULL,'2021-04-27 16:52:59'),(165,134,'iclogo','42456caa-a768-11eb-b302-3be567e3c1b0','lgs1.png','image/png',2417,'png',NULL,'2021-04-27 16:52:59'),(166,134,'iclogo','42458ece-a768-11eb-808e-078fc2305a7e','lgs.png','image/png',737,'png',NULL,'2021-04-27 16:52:59'),(167,135,'iclogo','4245c416-a768-11eb-84d3-2f91a1464b5d','linear.png','image/png',2486,'png',NULL,'2021-04-27 16:52:59'),(168,136,'iclogo','4245fb66-a768-11eb-b785-b70c336e844e','linfin.png','image/png',4844,'png',NULL,'2021-04-27 16:52:59'),(169,137,'iclogo','42463630-a768-11eb-bb51-7a3a03ee7271','liteon.png','image/png',2388,'png',NULL,'2021-04-27 16:52:59'),(170,138,'iclogo','424666fa-a768-11eb-98a6-3482d0fce7c3','lucent.png','image/png',1709,'png',NULL,'2021-04-27 16:52:59'),(171,139,'iclogo','424698be-a768-11eb-8920-51a8675e9b58','macronix.png','image/png',2324,'png',NULL,'2021-04-27 16:52:59'),(172,140,'iclogo','4246cde8-a768-11eb-b8d7-6b8484ee9a75','marvell.png','image/png',3131,'png',NULL,'2021-04-27 16:52:59'),(173,141,'iclogo','42470538-a768-11eb-b4f1-7d6289950891','matsush1.png','image/png',1709,'png',NULL,'2021-04-27 16:52:59'),(174,141,'iclogo','42472324-a768-11eb-8b0b-35ace7314352','matsushi.png','image/png',2029,'png',NULL,'2021-04-27 16:52:59'),(175,142,'iclogo','42475b0a-a768-11eb-b4c2-6d740ded62c9','maxim.png','image/png',2690,'png',NULL,'2021-04-27 16:52:59'),(176,143,'iclogo','42479214-a768-11eb-b357-a0f9563e8cae','mediavi1.png','image/png',2189,'png',NULL,'2021-04-27 16:52:59'),(177,143,'iclogo','4247b4b0-a768-11eb-a909-09b289ad1f47','mediavi2.png','image/png',2487,'png',NULL,'2021-04-27 16:52:59'),(178,144,'iclogo','4247e7a0-a768-11eb-b7ba-211fcad814e1','me.png','image/png',2411,'png',NULL,'2021-04-27 16:52:59'),(179,144,'iclogo','42480672-a768-11eb-9e0b-6c2d7ba4d8db','microchp.png','image/png',2814,'png',NULL,'2021-04-27 16:52:59'),(180,145,'iclogo','42483b06-a768-11eb-9894-ae21c5c7f389','mhs2.png','image/png',2036,'png',NULL,'2021-04-27 16:52:59'),(181,145,'iclogo','42485aa0-a768-11eb-9b0d-fdcfff2192d8','mhs.png','image/png',1870,'png',NULL,'2021-04-27 16:52:59'),(182,146,'iclogo','4248a050-a768-11eb-865c-7f58216f6271','micrel1.png','image/png',9695,'png',NULL,'2021-04-27 16:52:59'),(183,146,'iclogo','4248caf8-a768-11eb-8962-8316998b84f8','micrel2.png','image/png',9695,'png',NULL,'2021-04-27 16:52:59'),(184,147,'iclogo','42490982-a768-11eb-853c-c62911b20da2','micronas.png','image/png',1871,'png',NULL,'2021-04-27 16:52:59'),(185,148,'iclogo','42497b6a-a768-11eb-9cbf-b39ddcae4440','micronix.png','image/png',1856,'png',NULL,'2021-04-27 16:52:59'),(186,149,'iclogo','4249fedc-a768-11eb-bc8d-e6e5b255c302','micron.png','image/png',1763,'png',NULL,'2021-04-27 16:52:59'),(187,150,'iclogo','424a37e4-a768-11eb-b904-9289ed503198','microsemi1.png','image/png',3714,'png',NULL,'2021-04-27 16:52:59'),(188,150,'iclogo','424a5a62-a768-11eb-bffd-6fcb24e8745d','microsemi2.png','image/png',11992,'png',NULL,'2021-04-27 16:52:59'),(189,151,'iclogo','424a9c2a-a768-11eb-8e7f-c3b7ca4d7539','minicirc.png','image/png',1391,'png',NULL,'2021-04-27 16:52:59'),(190,152,'iclogo','424ace7a-a768-11eb-9bf3-a88b676eca76','mitel.png','image/png',2819,'png',NULL,'2021-04-27 16:52:59'),(191,153,'iclogo','424b02c8-a768-11eb-ba13-f146dd692ba7','mitsubis.png','image/png',2311,'png',NULL,'2021-04-27 16:52:59'),(192,154,'iclogo','424b3888-a768-11eb-a98d-a844166c88aa','mlinear.png','image/png',3377,'png',NULL,'2021-04-27 16:52:59'),(193,155,'iclogo','424b6ec0-a768-11eb-a159-a3e84da2863e','mmi.png','image/png',2692,'png',NULL,'2021-04-27 16:52:59'),(194,156,'iclogo','424ba11a-a768-11eb-afc0-c02a466eb9a3','mosaic.png','image/png',2959,'png',NULL,'2021-04-27 16:52:59'),(195,157,'iclogo','424bd694-a768-11eb-8d1c-21a2e48d9cc8','moselvit.png','image/png',2504,'png',NULL,'2021-04-27 16:52:59'),(196,158,'iclogo','424c0c40-a768-11eb-80ce-9d573a63a577','mos.png','image/png',2857,'png',NULL,'2021-04-27 16:52:59'),(197,159,'iclogo','424c420a-a768-11eb-96f7-c2f6c6461a4b','mostek1.png','image/png',7502,'png',NULL,'2021-04-27 16:52:59'),(198,159,'iclogo','424c632a-a768-11eb-b750-691a21bc96b0','mostek2.png','image/png',7502,'png',NULL,'2021-04-27 16:52:59'),(199,159,'iclogo','424c84ae-a768-11eb-a797-d9f9d18d5ee6','mostek3.png','image/png',2514,'png',NULL,'2021-04-27 16:52:59'),(200,160,'iclogo','424cb960-a768-11eb-bb32-dc947888ffb0','mosys.png','image/png',2321,'png',NULL,'2021-04-27 16:52:59'),(201,161,'iclogo','424cef3e-a768-11eb-9781-90b4efca0a21','motorol1.png','image/png',999,'png',NULL,'2021-04-27 16:52:59'),(202,161,'iclogo','424d09f6-a768-11eb-a29b-6f3d75a7daca','motorol2.png','image/png',2417,'png',NULL,'2021-04-27 16:52:59'),(203,162,'iclogo','424d3c0a-a768-11eb-9eac-efdfdce1ea3a','mpd.png','image/png',2663,'png',NULL,'2021-04-27 16:52:59'),(204,163,'iclogo','424d6ebe-a768-11eb-b686-ca2e3dab01b5','msystem.png','image/png',1670,'png',NULL,'2021-04-27 16:52:59'),(205,164,'iclogo','424da000-a768-11eb-bec6-a0a83d540556','murata1.png','image/png',4874,'png',NULL,'2021-04-27 16:52:59'),(206,164,'iclogo','424dc3e6-a768-11eb-aef3-bde0aca52732','murata.png','image/png',4777,'png',NULL,'2021-04-27 16:52:59'),(207,165,'iclogo','424dff8c-a768-11eb-a0b2-e2bdf0443207','mwave.png','image/png',3370,'png',NULL,'2021-04-27 16:52:59'),(208,166,'iclogo','424e361e-a768-11eb-b8e5-2110875b1b81','myson.png','image/png',1932,'png',NULL,'2021-04-27 16:52:59'),(209,167,'iclogo','424e6f3a-a768-11eb-b85c-4e4960744cd6','nec1.png','image/png',3166,'png',NULL,'2021-04-27 16:52:59'),(210,167,'iclogo','424e8b5a-a768-11eb-be3f-43de6a1c7f35','nec2.png','image/png',3071,'png',NULL,'2021-04-27 16:52:59'),(211,168,'iclogo','424ebd64-a768-11eb-bf71-a7c199483e25','nexflash.png','image/png',7789,'png',NULL,'2021-04-27 16:52:59'),(212,169,'iclogo','424ef252-a768-11eb-a739-a10e2b804fb0','njr.png','image/png',3419,'png',NULL,'2021-04-27 16:52:59'),(213,170,'iclogo','424f248e-a768-11eb-b747-a55123644223','ns1.png','image/png',1959,'png',NULL,'2021-04-27 16:52:59'),(214,170,'iclogo','424f3f0a-a768-11eb-a764-8088f1285454','ns2.png','image/png',1952,'png',NULL,'2021-04-27 16:52:59'),(215,171,'iclogo','424f702e-a768-11eb-b200-7fe3ae1793d3','nvidia.png','image/png',1874,'png',NULL,'2021-04-27 16:52:59'),(216,172,'iclogo','424fa242-a768-11eb-b5a8-e1b0aec2543d','oak.png','image/png',2614,'png',NULL,'2021-04-27 16:52:59'),(217,173,'iclogo','424fd898-a768-11eb-b4cf-70ad13082478','oki1.png','image/png',2267,'png',NULL,'2021-04-27 16:52:59'),(218,173,'iclogo','424ff67a-a768-11eb-b0a7-4991e0f700d3','oki.png','image/png',2546,'png',NULL,'2021-04-27 16:52:59'),(219,174,'iclogo','42502fbe-a768-11eb-a293-c7b4690af678','opti.png','image/png',1684,'png',NULL,'2021-04-27 16:52:59'),(220,175,'iclogo','425065f6-a768-11eb-a09c-6139cbcb8770','orbit.png','image/png',3347,'png',NULL,'2021-04-27 16:52:59'),(221,176,'iclogo','42509c60-a768-11eb-8994-a77e34fc3108','oren.png','image/png',3497,'png',NULL,'2021-04-27 16:52:59'),(222,177,'iclogo','4250d0fe-a768-11eb-8505-69d06574447f','perform.png','image/png',3284,'png',NULL,'2021-04-27 16:52:59'),(223,178,'iclogo','42510696-a768-11eb-8224-42254fa96c17','pericom.png','image/png',2311,'png',NULL,'2021-04-27 16:52:59'),(224,179,'iclogo','42513de6-a768-11eb-b798-dfa478b5f49f','phaslink.png','image/png',2669,'png',NULL,'2021-04-27 16:52:59'),(225,180,'iclogo','42517536-a768-11eb-b46e-7818f2f75758','philips.png','image/png',8690,'png',NULL,'2021-04-27 16:52:59'),(226,181,'iclogo','4251bf00-a768-11eb-bde6-3dc79e8627bf','plx.png','image/png',4749,'png',NULL,'2021-04-27 16:52:59'),(227,182,'iclogo','4251f93e-a768-11eb-a8dc-8251526b666b','pmc.png','image/png',3497,'png',NULL,'2021-04-27 16:52:59'),(228,183,'iclogo','42522a8a-a768-11eb-8845-d771acd9a1e3','pmi.png','image/png',3807,'png',NULL,'2021-04-27 16:52:59'),(229,184,'iclogo','42525dac-a768-11eb-9324-4b17c739e05a','ptc.png','image/png',2669,'png',NULL,'2021-04-27 16:52:59'),(230,185,'iclogo','42528e9e-a768-11eb-b2e9-79ca529ec4c1','pwrsmart.png','image/png',1389,'png',NULL,'2021-04-27 16:52:59'),(231,186,'iclogo','4252bf0e-a768-11eb-88ba-1348e3ebafb2','qlogic.png','image/png',1709,'png',NULL,'2021-04-27 16:52:59'),(232,187,'iclogo','4252f0f0-a768-11eb-9ebf-cd5afe1b9157','qualcomm.png','image/png',3326,'png',NULL,'2021-04-27 16:52:59'),(233,188,'iclogo','42532214-a768-11eb-91bb-17105e354b52','quality.png','image/png',1309,'png',NULL,'2021-04-27 16:52:59'),(234,189,'iclogo','42535356-a768-11eb-b7ca-8f3c123205e8','rabbit.png','image/png',2857,'png',NULL,'2021-04-27 16:52:59'),(235,190,'iclogo','425385d8-a768-11eb-9f14-939a9ad7c9db','ramtron.png','image/png',1573,'png',NULL,'2021-04-27 16:52:59'),(236,191,'iclogo','4253bc9c-a768-11eb-b039-80faf5d6a889','raytheon.png','image/png',4303,'png',NULL,'2021-04-27 16:52:59'),(237,192,'iclogo','4253f860-a768-11eb-862d-b1bf51113c07','rca.png','image/png',1860,'png',NULL,'2021-04-27 16:52:59'),(238,193,'iclogo','42542b32-a768-11eb-b891-546436e7fe29','realtek.png','image/png',2993,'png',NULL,'2021-04-27 16:52:59'),(239,194,'iclogo','42546048-a768-11eb-acc5-7096bc1d4fbb','rectron.png','image/png',1691,'png',NULL,'2021-04-27 16:52:59'),(240,195,'iclogo','42549626-a768-11eb-90b3-cbb17b746623','rendit.png','image/png',1370,'png',NULL,'2021-04-27 16:52:59'),(241,196,'iclogo','4254c7ae-a768-11eb-9d1b-56535b9b7f84','renesas.png','image/png',8761,'png',NULL,'2021-04-27 16:52:59'),(242,197,'iclogo','4254fde6-a768-11eb-870b-057ed8b7b018','rockwell.png','image/png',1704,'png',NULL,'2021-04-27 16:52:59'),(243,198,'iclogo','42553284-a768-11eb-b7b5-57ef03484196','rohm.png','image/png',2693,'png',NULL,'2021-04-27 16:52:59'),(244,199,'iclogo','42556b46-a768-11eb-b5d3-73f3f6bd8769','s3.png','image/png',2189,'png',NULL,'2021-04-27 16:52:59'),(245,200,'iclogo','42559b8e-a768-11eb-8855-116be9fe9a0b','sage.png','image/png',2735,'png',NULL,'2021-04-27 16:52:59'),(246,201,'iclogo','4255cd70-a768-11eb-b730-d3b0904cecf5','saifun.png','image/png',19242,'png',NULL,'2021-04-27 16:52:59'),(247,202,'iclogo','4256129e-a768-11eb-bfb7-90bcd275515c','sames.png','image/png',2614,'png',NULL,'2021-04-27 16:52:59'),(248,203,'iclogo','42564a7a-a768-11eb-a7c2-38ce68aaba43','samsung.png','image/png',1841,'png',NULL,'2021-04-27 16:52:59'),(249,204,'iclogo','42567cc0-a768-11eb-bc4b-0b012166e0a8','sanken1.png','image/png',2214,'png',NULL,'2021-04-27 16:52:59'),(250,204,'iclogo','42569d5e-a768-11eb-8124-8577b8ce5173','sanken.png','image/png',5309,'png',NULL,'2021-04-27 16:52:59'),(251,205,'iclogo','4256d51c-a768-11eb-a881-d5f7992986d2','sanyo1.png','image/png',2228,'png',NULL,'2021-04-27 16:52:59'),(252,205,'iclogo','4256f56a-a768-11eb-895b-35665eec713f','sanyo.png','image/png',2455,'png',NULL,'2021-04-27 16:52:59'),(253,206,'iclogo','42572e7c-a768-11eb-a47a-08ed52c1793d','scenix.png','image/png',1869,'png',NULL,'2021-04-27 16:52:59'),(254,207,'iclogo','425765ae-a768-11eb-b20b-38ac5ff17012','sec1.png','image/png',9392,'png',NULL,'2021-04-27 16:52:59'),(255,207,'iclogo','42578be2-a768-11eb-b933-881f90386c05','sec.png','image/png',2051,'png',NULL,'2021-04-27 16:52:59'),(256,208,'iclogo','4257c4d6-a768-11eb-a4d3-8751a7fbde2b','seeq.png','image/png',2903,'png',NULL,'2021-04-27 16:52:59'),(257,209,'iclogo','4257f8b6-a768-11eb-a28f-48bd00eabfae','seikoi.png','image/png',1709,'png',NULL,'2021-04-27 16:52:59'),(258,209,'iclogo','425818f0-a768-11eb-91c6-56c0e8ef3992','semelab.png','image/png',1709,'png',NULL,'2021-04-27 16:52:59'),(259,210,'iclogo','42585392-a768-11eb-b24b-bb78a8c009b8','semtech.png','image/png',1431,'png',NULL,'2021-04-27 16:52:59'),(260,211,'iclogo','425884e8-a768-11eb-9137-3a1d325471d0','sgs1.png','image/png',2339,'png',NULL,'2021-04-27 16:52:59'),(261,212,'iclogo','4258b67a-a768-11eb-86d5-4dedc15bd92a','sgs2.png','image/png',1874,'png',NULL,'2021-04-27 16:52:59'),(262,213,'iclogo','4258e7c6-a768-11eb-a8ba-e4d89cb693b7','sharp.png','image/png',2258,'png',NULL,'2021-04-27 16:52:59'),(263,214,'iclogo','42591930-a768-11eb-94ab-6c326ea35372','shindgen.png','image/png',1629,'png',NULL,'2021-04-27 16:52:59'),(264,215,'iclogo','42594acc-a768-11eb-9851-e18d76b1b297','siemens1.png','image/png',1216,'png',NULL,'2021-04-27 16:52:59'),(265,215,'iclogo','42596890-a768-11eb-b82c-f27e335dd346','siemens2.png','image/png',2916,'png',NULL,'2021-04-27 16:52:59'),(266,216,'iclogo','42599fae-a768-11eb-bbf7-fb5ccb257930','sierra.png','image/png',2321,'png',NULL,'2021-04-27 16:52:59'),(267,217,'iclogo','4259d334-a768-11eb-92cd-a2c1aa6965a8','sigmatel.png','image/png',1790,'png',NULL,'2021-04-27 16:52:59'),(268,218,'iclogo','425a0386-a768-11eb-8cf7-076e6c3eb99a','signetic.png','image/png',1519,'png',NULL,'2021-04-27 16:52:59'),(269,219,'iclogo','425a36b2-a768-11eb-b668-f6f5a87fc4a3','siliconlabs.png','image/png',5540,'png',NULL,'2021-04-27 16:52:59'),(270,220,'iclogo','425a6a74-a768-11eb-8618-0075e0cf65a0','siliconm.png','image/png',3817,'png',NULL,'2021-04-27 16:52:59'),(271,221,'iclogo','425a9b7a-a768-11eb-b713-4abdb17fa0b8','silicons.png','image/png',2320,'png',NULL,'2021-04-27 16:52:59'),(272,221,'iclogo','425ab628-a768-11eb-b4b3-5190c18a967b','simtek.png','image/png',1874,'png',NULL,'2021-04-27 16:52:59'),(273,222,'iclogo','425aef6c-a768-11eb-97c9-e56f39553f07','siliconx.png','image/png',2464,'png',NULL,'2021-04-27 16:52:59'),(274,223,'iclogo','425b252c-a768-11eb-bce9-b97252e18632','silnans.png','image/png',1549,'png',NULL,'2021-04-27 16:52:59'),(275,224,'iclogo','425b5e70-a768-11eb-b5c8-c2ae8c4223b4','sipex.png','image/png',4029,'png',NULL,'2021-04-27 16:52:59'),(276,225,'iclogo','425b96ba-a768-11eb-bbec-7d4920bc54a3','sis.png','image/png',3608,'png',NULL,'2021-04-27 16:52:59'),(277,226,'iclogo','425bce50-a768-11eb-a61b-c233060478b1','smc1.png','image/png',1763,'png',NULL,'2021-04-27 16:52:59'),(278,227,'iclogo','425c006e-a768-11eb-8b6c-11052bb7b0f2','smsc1.png','image/png',1781,'png',NULL,'2021-04-27 16:52:59'),(279,227,'iclogo','425c212a-a768-11eb-922c-b1b645e49af8','smsc.png','image/png',2117,'png',NULL,'2021-04-27 16:52:59'),(280,228,'iclogo','425c582a-a768-11eb-959b-c42c1f5a289d','sony.png','image/png',2476,'png',NULL,'2021-04-27 16:52:59'),(281,229,'iclogo','425c9056-a768-11eb-9679-c2eff1395c9d','space.png','image/png',3377,'png',NULL,'2021-04-27 16:52:59'),(282,230,'iclogo','425cc990-a768-11eb-9fd9-199e0f17f48a','spectek.png','image/png',2228,'png',NULL,'2021-04-27 16:52:59'),(283,231,'iclogo','425cfa00-a768-11eb-8711-e4a7706a8b30','spt.png','image/png',3419,'png',NULL,'2021-04-27 16:52:59'),(284,232,'iclogo','425d2e62-a768-11eb-929b-14695ace065a','sss.png','image/png',1871,'png',NULL,'2021-04-27 16:52:59'),(285,233,'iclogo','425d6120-a768-11eb-b77d-0b84f93618d5','sst.png','image/png',3072,'png',NULL,'2021-04-27 16:52:59'),(286,234,'iclogo','425d92a8-a768-11eb-ad13-eed32523a02e','st.png','image/png',1604,'png',NULL,'2021-04-27 16:52:59'),(287,235,'iclogo','425dc908-a768-11eb-848d-597393df9194','summit.png','image/png',11440,'png',NULL,'2021-04-27 16:52:59'),(288,236,'iclogo','425e0774-a768-11eb-97ab-fb0768f0b195','synergy.png','image/png',1709,'png',NULL,'2021-04-27 16:52:59'),(289,237,'iclogo','425e39d8-a768-11eb-85ec-9e7a94693269','synertek.png','image/png',1789,'png',NULL,'2021-04-27 16:52:59'),(290,238,'iclogo','425e6d22-a768-11eb-b555-d1cf3d19d50c','taiwsemi.png','image/png',1475,'png',NULL,'2021-04-27 16:52:59'),(291,239,'iclogo','425ea206-a768-11eb-a805-5aeb0cfa9114','tdk.png','image/png',3687,'png',NULL,'2021-04-27 16:52:59'),(292,240,'iclogo','425ed488-a768-11eb-bdcb-14a6e64e6e64','teccor.png','image/png',1869,'png',NULL,'2021-04-27 16:52:59'),(293,241,'iclogo','425f0746-a768-11eb-a3ae-7ae79dda5dd2','telcom.png','image/png',2555,'png',NULL,'2021-04-27 16:52:59'),(294,242,'iclogo','425f398c-a768-11eb-8209-772704b39856','teledyne.png','image/png',1904,'png',NULL,'2021-04-27 16:52:59'),(295,243,'iclogo','425f6f92-a768-11eb-8b11-bb9764d5d478','telefunk.png','image/png',2715,'png',NULL,'2021-04-27 16:52:59'),(296,244,'iclogo','425fa890-a768-11eb-819d-3a6054440a88','teltone.png','image/png',4303,'png',NULL,'2021-04-27 16:52:59'),(297,245,'iclogo','425fe256-a768-11eb-a4d6-a1e2156aa8f9','thomscsf.png','image/png',1874,'png',NULL,'2021-04-27 16:52:59'),(298,246,'iclogo','426012c6-a768-11eb-83ed-c6559054e48f','ti1.png','image/png',1869,'png',NULL,'2021-04-27 16:52:59'),(299,246,'iclogo','426030da-a768-11eb-8cc7-b3a2688ab002','ti.png','image/png',1789,'png',NULL,'2021-04-27 16:52:59'),(300,247,'iclogo','4260664a-a768-11eb-91e9-b7c0760a1ddc','toko.png','image/png',1907,'png',NULL,'2021-04-27 16:52:59'),(301,248,'iclogo','42609bb0-a768-11eb-b3e4-8706525d5ad5','toshiba1.png','image/png',1922,'png',NULL,'2021-04-27 16:52:59'),(302,248,'iclogo','4260bdde-a768-11eb-b4d2-f4b39401bb81','toshiba2.png','image/png',1309,'png',NULL,'2021-04-27 16:52:59'),(303,248,'iclogo','4260d85a-a768-11eb-bbde-3ef6cffb4a19','toshiba3.png','image/png',2269,'png',NULL,'2021-04-27 16:52:59'),(304,249,'iclogo','42610f50-a768-11eb-91a4-6b7fc8d80ae3','trident.png','image/png',1414,'png',NULL,'2021-04-27 16:52:59'),(305,250,'iclogo','4261448e-a768-11eb-a76b-e922b654a8c3','triquint.png','image/png',2294,'png',NULL,'2021-04-27 16:52:59'),(306,251,'iclogo','426179d6-a768-11eb-9209-95cc73de5756','triscend.png','image/png',4521,'png',NULL,'2021-04-27 16:52:59'),(307,252,'iclogo','4261afbe-a768-11eb-a7cd-a11e281c2320','tseng.png','image/png',1466,'png',NULL,'2021-04-27 16:52:59'),(308,253,'iclogo','4261e132-a768-11eb-afba-25e7234be319','tundra.png','image/png',1709,'png',NULL,'2021-04-27 16:52:59'),(309,254,'iclogo','426214fe-a768-11eb-9d9a-315b90e133ae','turbo_ic.png','image/png',7784,'png',NULL,'2021-04-27 16:52:59'),(310,255,'iclogo','42624d3e-a768-11eb-bad6-22f07bf111f9','ubicom.png','image/png',2047,'png',NULL,'2021-04-27 16:52:59'),(311,256,'iclogo','42627fca-a768-11eb-ad7a-15e499c65d38','umc.png','image/png',3032,'png',NULL,'2021-04-27 16:52:59'),(312,257,'iclogo','4262b3d2-a768-11eb-a652-ed2003b71137','unitrode.png','image/png',1309,'png',NULL,'2021-04-27 16:52:59'),(313,258,'iclogo','4262e5be-a768-11eb-b792-a4f29ed5f8cc','usar1.png','image/png',2771,'png',NULL,'2021-04-27 16:52:59'),(314,258,'iclogo','4263068e-a768-11eb-967c-04e3d0a363c5','usar.png','image/png',2793,'png',NULL,'2021-04-27 16:52:59'),(315,259,'iclogo','42633dfc-a768-11eb-8153-958710032f0d','utmc.png','image/png',2047,'png',NULL,'2021-04-27 16:52:59'),(316,260,'iclogo','4263774a-a768-11eb-9a52-6bf90c96c5d9','utron.png','image/png',2047,'png',NULL,'2021-04-27 16:52:59'),(317,261,'iclogo','4263b098-a768-11eb-9cba-185f019a5b47','v3.png','image/png',3248,'png',NULL,'2021-04-27 16:52:59'),(318,262,'iclogo','4263e2c0-a768-11eb-8ba1-a00810bb229d','vadem.png','image/png',1874,'png',NULL,'2021-04-27 16:52:59'),(319,263,'iclogo','426414e8-a768-11eb-996b-345b09d4df06','vanguard.png','image/png',1454,'png',NULL,'2021-04-27 16:52:59'),(320,264,'iclogo','4264458a-a768-11eb-abbc-98fe1ba5ba1c','vantis.png','image/png',1475,'png',NULL,'2021-04-27 16:52:59'),(321,265,'iclogo','42647668-a768-11eb-a790-562f21935c56','via.png','image/png',1922,'png',NULL,'2021-04-27 16:52:59'),(322,266,'iclogo','4264a8d6-a768-11eb-b7ea-ebaf771f0048','virata.png','image/png',3764,'png',NULL,'2021-04-27 16:52:59'),(323,267,'iclogo','4264da2c-a768-11eb-9403-b631f382b924','vishay.png','image/png',4410,'png',NULL,'2021-04-27 16:52:59'),(324,268,'iclogo','42650e02-a768-11eb-ac2a-541d4bb9cbc9','vistech.png','image/png',1942,'png',NULL,'2021-04-27 16:52:59'),(325,269,'iclogo','42654110-a768-11eb-a97e-adb7af5ce186','vitelic.png','image/png',1691,'png',NULL,'2021-04-27 16:52:59'),(326,270,'iclogo','42657176-a768-11eb-a1c5-3e3d04fb6c62','vlsi.png','image/png',1874,'png',NULL,'2021-04-27 16:52:59'),(327,271,'iclogo','4265a22c-a768-11eb-8b68-50d9638664b9','volterra.png','image/png',2029,'png',NULL,'2021-04-27 16:52:59'),(328,272,'iclogo','4265d512-a768-11eb-a44a-bf65fbbddbce','vtc.png','image/png',2223,'png',NULL,'2021-04-27 16:52:59'),(329,273,'iclogo','426605e6-a768-11eb-b32d-243b4d33174c','wafscale.png','image/png',2985,'png',NULL,'2021-04-27 16:52:59'),(330,274,'iclogo','4266371e-a768-11eb-a7b7-b63796127e1d','wdc1.png','image/png',1784,'png',NULL,'2021-04-27 16:52:59'),(331,274,'iclogo','426652f8-a768-11eb-ab89-163598f15fa9','wdc2.png','image/png',1403,'png',NULL,'2021-04-27 16:52:59'),(332,275,'iclogo','42668534-a768-11eb-a4a1-ff3d8eb7c22f','weitek.png','image/png',1468,'png',NULL,'2021-04-27 16:52:59'),(333,276,'iclogo','4266b64e-a768-11eb-974b-c3f3d2e4e518','winbond.png','image/png',5402,'png',NULL,'2021-04-27 16:52:59'),(334,277,'iclogo','4266ea60-a768-11eb-8a03-8a244518f960','wolf.png','image/png',2343,'png',NULL,'2021-04-27 16:52:59'),(335,278,'iclogo','42671f58-a768-11eb-91ca-87fb009ab8dc','xemics.png','image/png',2029,'png',NULL,'2021-04-27 16:52:59'),(336,279,'iclogo','426755b8-a768-11eb-9b0f-163e06a26274','xicor1.png','image/png',1259,'png',NULL,'2021-04-27 16:52:59'),(337,279,'iclogo','426776f6-a768-11eb-a6d2-8623f3b17e98','xicor.png','image/png',3389,'png',NULL,'2021-04-27 16:52:59'),(338,280,'iclogo','4267ae50-a768-11eb-90b3-23db71aef3fe','xilinx.png','image/png',4186,'png',NULL,'2021-04-27 16:52:59'),(339,281,'iclogo','4267e5b4-a768-11eb-be35-4c38b9f6c850','yamaha.png','image/png',1779,'png',NULL,'2021-04-27 16:52:59'),(340,282,'iclogo','42681bec-a768-11eb-a9f9-8079b4e78a24','zetex.png','image/png',1255,'png',NULL,'2021-04-27 16:52:59'),(341,283,'iclogo','42684c7a-a768-11eb-8641-974afd9693bf','zilog1.png','image/png',1958,'png',NULL,'2021-04-27 16:52:59'),(342,283,'iclogo','426866d8-a768-11eb-8114-6e7081b36b6b','zilog2.png','image/png',2204,'png',NULL,'2021-04-27 16:52:59'),(343,283,'iclogo','4268844c-a768-11eb-a5bd-7887bacc2766','zilog3.png','image/png',2614,'png',NULL,'2021-04-27 16:52:59'),(344,283,'iclogo','4268a1e8-a768-11eb-8c0b-eb3230955864','zilog4.png','image/png',2405,'png',NULL,'2021-04-27 16:52:59'),(345,284,'iclogo','4268e022-a768-11eb-8971-7553ddfb881b','zmda.png','image/png',3709,'png',NULL,'2021-04-27 16:52:59'),(346,285,'iclogo','426916fa-a768-11eb-80a5-cf8846dd8c2e','zoran.png','image/png',2784,'png',NULL,'2021-04-27 16:52:59');
/*!40000 ALTER TABLE `ManufacturerICLogo` ENABLE KEYS */;
UNLOCK TABLES;

--
-- Table structure for table `MetaPartParameterCriteria`
--

DROP TABLE IF EXISTS `MetaPartParameterCriteria`;
/*!40101 SET @saved_cs_client     = @@character_set_client */;
/*!40101 SET character_set_client = utf8 */;
CREATE TABLE `MetaPartParameterCriteria` (
  `id` int(11) NOT NULL AUTO_INCREMENT,
  `part_id` int(11) DEFAULT NULL,
  `unit_id` int(11) DEFAULT NULL,
  `partParameterName` varchar(255) COLLATE utf8_unicode_ci NOT NULL,
  `operator` varchar(255) COLLATE utf8_unicode_ci NOT NULL,
  `value` double DEFAULT NULL,
  `normalizedValue` double DEFAULT NULL,
  `stringValue` varchar(255) COLLATE utf8_unicode_ci NOT NULL,
  `valueType` varchar(255) COLLATE utf8_unicode_ci NOT NULL,
  `siPrefix_id` int(11) DEFAULT NULL,
  PRIMARY KEY (`id`),
  KEY `IDX_6EE1D3924CE34BEC` (`part_id`),
  KEY `IDX_6EE1D39219187357` (`siPrefix_id`),
  KEY `IDX_6EE1D392F8BD700D` (`unit_id`),
  CONSTRAINT `FK_6EE1D39219187357` FOREIGN KEY (`siPrefix_id`) REFERENCES `SiPrefix` (`id`),
  CONSTRAINT `FK_6EE1D3924CE34BEC` FOREIGN KEY (`part_id`) REFERENCES `Part` (`id`),
  CONSTRAINT `FK_6EE1D392F8BD700D` FOREIGN KEY (`unit_id`) REFERENCES `Unit` (`id`)
) ENGINE=InnoDB DEFAULT CHARSET=utf8 COLLATE=utf8_unicode_ci;
/*!40101 SET character_set_client = @saved_cs_client */;

--
-- Dumping data for table `MetaPartParameterCriteria`
--

LOCK TABLES `MetaPartParameterCriteria` WRITE;
/*!40000 ALTER TABLE `MetaPartParameterCriteria` DISABLE KEYS */;
/*!40000 ALTER TABLE `MetaPartParameterCriteria` ENABLE KEYS */;
UNLOCK TABLES;

--
-- Table structure for table `Part`
--

DROP TABLE IF EXISTS `Part`;
/*!40101 SET @saved_cs_client     = @@character_set_client */;
/*!40101 SET character_set_client = utf8 */;
CREATE TABLE `Part` (
  `id` int(11) NOT NULL AUTO_INCREMENT,
  `category_id` int(11) DEFAULT NULL,
  `footprint_id` int(11) DEFAULT NULL,
  `name` varchar(255) COLLATE utf8_unicode_ci NOT NULL,
  `description` varchar(255) COLLATE utf8_unicode_ci DEFAULT NULL,
  `comment` longtext COLLATE utf8_unicode_ci NOT NULL,
  `stockLevel` int(11) NOT NULL,
  `minStockLevel` int(11) NOT NULL,
  `averagePrice` decimal(13,4) NOT NULL,
  `status` varchar(255) COLLATE utf8_unicode_ci DEFAULT NULL,
  `needsReview` tinyint(1) NOT NULL,
  `partCondition` varchar(255) COLLATE utf8_unicode_ci DEFAULT NULL,
  `productionRemarks` varchar(255) COLLATE utf8_unicode_ci DEFAULT NULL,
  `createDate` datetime DEFAULT NULL,
  `internalPartNumber` varchar(255) COLLATE utf8_unicode_ci DEFAULT NULL,
  `removals` tinyint(1) NOT NULL,
  `lowStock` tinyint(1) NOT NULL,
  `metaPart` tinyint(1) NOT NULL DEFAULT '0',
  `partUnit_id` int(11) DEFAULT NULL,
  `storageLocation_id` int(11) DEFAULT NULL,
  PRIMARY KEY (`id`),
  KEY `IDX_E93DDFF812469DE2` (`category_id`),
  KEY `IDX_E93DDFF851364C98` (`footprint_id`),
  KEY `IDX_E93DDFF8F7A36E87` (`partUnit_id`),
  KEY `IDX_E93DDFF873CD58AF` (`storageLocation_id`),
  CONSTRAINT `FK_E93DDFF812469DE2` FOREIGN KEY (`category_id`) REFERENCES `PartCategory` (`id`),
  CONSTRAINT `FK_E93DDFF851364C98` FOREIGN KEY (`footprint_id`) REFERENCES `Footprint` (`id`),
  CONSTRAINT `FK_E93DDFF873CD58AF` FOREIGN KEY (`storageLocation_id`) REFERENCES `StorageLocation` (`id`),
  CONSTRAINT `FK_E93DDFF8F7A36E87` FOREIGN KEY (`partUnit_id`) REFERENCES `PartUnit` (`id`)
) ENGINE=InnoDB AUTO_INCREMENT=715 DEFAULT CHARSET=utf8 COLLATE=utf8_unicode_ci;
/*!40101 SET character_set_client = @saved_cs_client */;

--
-- Dumping data for table `Part`
--

LOCK TABLES `Part` WRITE;
/*!40000 ALTER TABLE `Part` DISABLE KEYS */;
INSERT INTO `Part` VALUES (2,10,NULL,'10Ω   1/3W  5%','','',15,0,0.0000,'',0,'','','2021-04-28 10:58:09','',0,0,0,1,1),(4,10,NULL,'11Ω 1/3W 5%','','',5,0,0.0000,'',0,'','','2021-04-28 12:01:24','',0,0,0,1,1),(5,10,NULL,'12Ω 1/3W 5%','','',10,0,0.0000,'',0,'','','2021-04-28 12:37:32','',0,0,0,1,1),(6,10,NULL,'13Ω   1/3W  5%','','',5,0,0.0000,'',0,'','','2021-04-28 12:43:16','',0,0,0,1,1),(7,10,NULL,'15Ω 1/3W 5%','','',21,0,0.0000,'',0,'','','2021-04-28 12:53:49','',0,0,0,1,1),(8,10,NULL,'16Ω   1/3W  5%','','',5,0,0.0000,'',0,'','','2021-04-28 13:00:48','',0,0,0,1,1),(9,10,NULL,'18Ω   1/3W  5%','','',10,0,0.0000,'',0,'','','2021-04-28 13:04:15','',0,0,0,1,1),(10,10,NULL,'20Ω   1/3W  5%','','',5,0,0.0000,'',0,'','','2021-04-28 13:08:22','',0,0,0,1,1),(11,10,NULL,'22Ω   1/3W  5%','','',24,0,0.0000,'',0,'','','2021-04-28 13:13:36','',0,0,0,1,1),(12,10,NULL,'24Ω   1/3W  5%','','',5,0,0.0000,'',0,'','','2021-04-28 13:19:02','',0,0,0,1,1),(13,10,NULL,'27Ω   1/3W  5%','','',10,0,0.0000,'',0,'','','2021-04-28 13:24:49','',0,0,0,1,1),(14,10,NULL,'30Ω   1/3W  5%','','',5,0,0.0000,'',0,'','','2021-04-28 13:28:08','',0,0,0,1,1),(15,10,NULL,'33Ω   1/3W  5%','','',23,0,0.0000,'',0,'','','2021-04-28 13:34:29','',0,0,0,1,1),(16,10,NULL,'36Ω   1/3W  5%','','',5,0,0.0000,'',0,'','','2021-04-28 13:38:35','',0,0,0,1,1),(17,10,NULL,'39Ω   1/3W  5%','','',10,0,0.0000,'',0,'','','2021-04-28 13:41:39','',0,0,0,1,1),(18,10,NULL,'43Ω   1/3W  5%','','',5,0,0.0000,'',0,'','','2021-04-28 13:44:24','',0,0,0,1,1),(19,10,NULL,'47Ω   1/3W  5%','','',23,0,0.0000,'',0,'','','2021-04-28 13:50:27','',0,0,0,1,1),(20,10,NULL,'51Ω   1/3W  5%','','',3,0,0.0000,'',0,'','','2021-04-28 13:53:00','',0,0,0,1,1),(21,10,NULL,'56Ω   1/3W  5%','','',19,0,0.0000,'',0,'','','2021-04-28 14:06:58','',0,0,0,1,1),(22,10,NULL,'62Ω   1/3W  5%','','',5,0,0.0000,'',0,'','','2021-04-28 14:13:54','',0,0,0,1,1),(23,10,NULL,'68Ω 1/3W 5%','','',25,0,0.0000,'',0,'','','2021-04-29 12:46:49','',0,0,0,1,1),(24,10,NULL,'75Ω 1/3W 5%','','',4,0,0.0000,'',0,'','','2021-04-29 12:50:01','',0,0,0,1,1),(25,10,NULL,'82Ω 1/3W 5%','','',10,0,0.0000,'',0,'','','2021-04-29 12:51:05','',0,0,0,1,1),(26,10,NULL,'91Ω 1/3W 5%','','',4,0,0.0000,'',0,'','','2021-04-29 12:52:12','',0,0,0,1,1),(27,10,NULL,'100Ω 1/3W 5%','','',38,0,0.0000,'',0,'','','2021-04-29 12:53:37','',0,0,0,1,1),(28,10,NULL,'110Ω 1/3W 5%','','',10,0,0.0000,'',0,'','','2021-04-29 12:57:56','',0,0,0,1,1),(29,10,NULL,'120Ω 1/3W 5%','','',23,0,0.0000,'',0,'','','2021-04-29 12:58:58','',0,0,0,1,1),(30,10,NULL,'130Ω 1/3W 5%','','',10,0,0.0000,'',0,'','','2021-04-29 13:00:26','',0,0,0,1,1),(31,10,NULL,'150Ω 1/3W 5%','','',39,0,0.0000,'',0,'','','2021-04-29 13:01:55','',0,0,0,1,1),(32,10,NULL,'160Ω 1/3W 5%','','',11,0,0.0000,'',0,'','','2021-04-29 13:07:09','',0,0,0,1,1),(33,10,NULL,'180Ω 1/3W 5%','','',23,0,0.0000,'',0,'','','2021-04-29 13:08:38','',0,0,0,1,1),(34,10,NULL,'200Ω 1/3W 5%','','',6,0,0.0000,'',0,'','','2021-04-29 13:11:17','',0,0,0,1,1),(35,10,NULL,'220Ω 1/3W 5%','','',35,0,0.0000,'',0,'','','2021-04-29 13:12:58','',0,0,0,1,1),(36,10,NULL,'240Ω 1/3W 5%','','',10,0,0.0000,'',0,'','','2021-04-29 13:16:29','',0,0,0,1,1),(37,10,NULL,'270Ω 1/3W 5%','','',24,0,0.0000,'',0,'','','2021-04-29 13:18:16','',0,0,0,1,1),(38,10,NULL,'300Ω 1/3W 5%','','',8,0,0.0000,'',0,'','','2021-04-29 13:20:50','',0,0,0,1,1),(39,10,NULL,'330Ω 1/3W 5%','','',40,0,0.0000,'',0,'','','2021-04-29 13:22:34','',0,0,0,1,1),(40,10,NULL,'360Ω 1/3W 5%','','',10,0,0.0000,'',0,'','','2021-04-29 13:27:18','',0,0,0,1,1),(41,10,NULL,'390Ω 1/3W 5%','','',24,0,0.0000,'',0,'','','2021-04-29 13:28:11','',0,0,0,1,1),(42,10,NULL,'430Ω 1/3W 5%','','',10,0,0.0000,'',0,'','','2021-04-29 13:29:39','',0,0,0,1,1),(43,10,NULL,'510Ω 1/3W 5%','','',10,0,0.0000,'',0,'','','2021-04-29 13:30:40','',0,0,0,1,1),(44,10,NULL,'560Ω 1/3W 5%','','',23,0,0.0000,'',0,'','','2021-04-29 13:31:50','',0,0,0,1,1),(45,10,NULL,'620Ω 1/3W 5%','','',7,0,0.0000,'',0,'','','2021-04-29 13:37:58','',0,0,0,1,1),(46,10,NULL,'680Ω 1/3W 5%','','',34,0,0.0000,'',0,'','','2021-04-29 13:38:49','',0,0,0,1,1),(47,10,NULL,'750Ω 1/3W 5%','','',10,0,0.0000,'',0,'','','2021-04-29 13:40:33','',0,0,0,1,1),(48,10,NULL,'820Ω 1/3W 5%','','',22,0,0.0000,'',0,'','','2021-04-29 13:41:41','',0,0,0,1,1),(49,10,NULL,'910Ω 1/3W 5%','','',5,0,0.0000,'',0,'','','2021-04-29 13:42:54','',0,0,0,1,1),(51,10,NULL,'1.0 K   1/3W  5%','','',12,0,0.0000,'',0,'','','2021-04-30 08:59:54','',0,0,0,1,1),(52,10,NULL,'1.1 K   1/3W  5%','','',9,0,0.0000,'',0,'','','2021-04-30 09:06:20','',0,0,0,1,1),(53,10,NULL,'1.2 K   1/3W  5%','','',21,0,0.0000,'',0,'','','2021-04-30 09:07:13','',0,0,0,1,1),(54,10,NULL,'1.3 K   1/3W  5%','','',10,0,0.0000,'',0,'','','2021-04-30 09:07:36','',0,0,0,1,1),(55,10,NULL,'1.5 K   1/3W  5%','','',39,0,0.0000,'',0,'','','2021-04-30 09:08:08','',0,0,0,1,1),(56,10,NULL,'1.6 K   1/3W  5%','','',10,0,0.0000,'',0,'','','2021-04-30 09:08:48','',0,0,0,1,1),(57,10,NULL,'1.8 K   1/3W  5%','','',24,0,0.0000,'',0,'','','2021-04-30 09:09:21','',0,0,0,1,1),(58,10,NULL,'2.0 K   1/3W  5%','','',10,0,0.0000,'',0,'','','2021-04-30 09:09:56','',0,0,0,1,1),(59,10,NULL,'2.2 K   1/3W  5%','','',34,0,0.0000,'',0,'','','2021-04-30 09:11:16','',0,0,0,1,1),(60,10,NULL,'2.4 K   1/3W  5%','','',10,0,0.0000,'',0,'','','2021-04-30 09:11:55','',0,0,0,1,1),(61,10,NULL,'2.7 K   1/3W  5%','','',25,0,0.0000,'',0,'','','2021-04-30 09:12:45','',0,0,0,1,1),(62,10,NULL,'3.0 K   1/3W  5%','','',10,0,0.0000,'',0,'','','2021-04-30 09:13:21','',0,0,0,1,1),(63,10,NULL,'3.3 K   1/3W  5%','','',30,0,0.0000,'',0,'','','2021-04-30 09:14:43','',0,0,0,1,1),(64,10,NULL,'3.6 K   1/3W  5%','','',10,0,0.0000,'',0,'','','2021-04-30 09:16:01','',0,0,0,1,1),(65,10,NULL,'3.9 K   1/3W  5%','','',25,0,0.0000,'',0,'','','2021-04-30 09:16:39','',0,0,0,1,1),(66,10,NULL,'4.3 K   1/3W  5%','','',10,0,0.0000,'',0,'','','2021-04-30 09:20:00','',0,0,0,1,1),(67,10,NULL,'4.7 K   1/3W  5%','','',27,0,0.0000,'',0,'','','2021-04-30 09:20:37','',0,0,0,1,1),(68,10,NULL,'5.6 K   1/3W  5%','','',23,0,0.0000,'',0,'','','2021-04-30 09:21:15','',0,0,0,1,1),(69,10,NULL,'5.1 K   1/3W  5%','','',10,0,0.0000,'',0,'','','2021-04-30 09:24:28','',0,0,0,1,1),(70,10,NULL,'6.2 K   1/3W  5%','','',8,0,0.0000,'',0,'','','2021-04-30 09:26:20','',0,0,0,1,1),(71,10,NULL,'6.8 K   1/3W  5%','','',41,0,0.0000,'',0,'','','2021-04-30 09:26:52','',0,0,0,1,1),(72,10,NULL,'7.5 K   1/3W  5%','','',8,0,0.0000,'',0,'','','2021-04-30 09:28:23','',0,0,0,1,1),(73,10,NULL,'8.2 K   1/3W  5%','','',26,0,0.0000,'',0,'','','2021-04-30 09:28:58','',0,0,0,1,1),(74,10,NULL,'9.1 K   1/3W  5%','','',9,0,0.0000,'',0,'','','2021-04-30 09:29:30','',0,0,0,1,1),(75,10,NULL,'10 K   1/3W  5%','','',10,0,0.0000,'',0,'','','2021-04-30 10:39:57','',0,0,0,1,1),(76,10,NULL,'11 K   1/3W  5%','','',10,0,0.0000,'',0,'','','2021-04-30 10:40:41','',0,0,0,1,1),(77,10,NULL,'12 K   1/3W  5%','','',25,0,0.0000,'',0,'','','2021-04-30 12:37:15','',0,0,0,1,1),(78,10,NULL,'13 K   1/3W  5%','','',10,0,0.0000,'',0,'','','2021-04-30 12:40:00','',0,0,0,1,1),(79,10,NULL,'15 K   1/3W  5%','','',40,0,0.0000,'',0,'','','2021-04-30 12:41:20','',0,0,0,1,1),(80,10,NULL,'16 K   1/3W  5%','','',10,0,0.0000,'',0,'','','2021-04-30 12:42:15','',0,0,0,1,1),(81,10,NULL,'18 K   1/3W  5%','','',25,0,0.0000,'',0,'','','2021-04-30 12:42:46','',0,0,0,1,1),(82,10,NULL,'20 K   1/3W  5%','','',10,0,0.0000,'',0,'','','2021-04-30 12:43:34','',0,0,0,1,1),(83,10,NULL,'22 K   1/3W  5%','','',30,0,0.0000,'',0,'','','2021-04-30 12:44:57','',0,0,0,1,1),(84,10,NULL,'27 K   1/3W  5%','','',28,0,0.0000,'',0,'','','2021-04-30 12:45:58','',0,0,0,1,1),(85,10,NULL,'24 K   1/3W  5%','','',8,0,0.0000,'',0,'','','2021-04-30 12:47:09','',0,0,0,1,1),(86,10,NULL,'51 K   1/3W  5%','','',10,0,0.0000,'',0,'','','2021-04-30 12:47:53','',0,0,0,1,1),(87,10,NULL,'56 K   1/3W  5%','','',20,0,0.0000,'',0,'','','2021-04-30 12:49:48','',0,0,0,1,1),(88,10,NULL,'62 K   1/3W  5%','','',7,0,0.0000,'',0,'','','2021-04-30 12:51:17','',0,0,0,1,1),(89,10,NULL,'68 K   1/3W  5%','','',40,0,0.0000,'',0,'','','2021-04-30 12:53:53','',0,0,0,1,1),(90,10,NULL,'82 K   1/3W  5%','','',25,0,0.0000,'',0,'','','2021-04-30 12:54:57','',0,0,0,1,1),(91,10,NULL,'75 K   1/3W  5%','','',9,0,0.0000,'',0,'','','2021-04-30 12:55:56','',0,0,0,1,1),(92,10,NULL,'91 K   1/3W  5%','','',10,0,0.0000,'',0,'','','2021-04-30 12:57:01','',0,0,0,1,1),(93,10,NULL,'30 K   1/3W  5%','','',10,0,0.0000,'',0,'','','2021-04-30 13:09:01','',0,0,0,1,1),(94,10,NULL,'33 K   1/3W  5%','','',35,0,0.0000,'',0,'','','2021-04-30 13:10:42','',0,0,0,1,1),(95,10,NULL,'39 K   1/3W  5%','','',25,0,0.0000,'',0,'','','2021-04-30 13:11:41','',0,0,0,1,1),(96,10,NULL,'43 K   1/3W  5%','','',5,0,0.0000,'',0,'','','2021-04-30 13:13:31','',0,0,0,1,1),(97,10,NULL,'47 K   1/3W  5%','','',40,0,0.0000,'',0,'','','2021-04-30 13:14:17','',0,0,0,1,1),(98,10,NULL,'110 K   1/3W  5%','','',10,0,0.0000,'',0,'','','2021-04-30 13:14:59','',0,0,0,1,1),(99,10,NULL,'36 K   1/3W  5%','','',9,0,0.0000,'',0,'','','2021-04-30 13:35:14','',0,0,0,1,1),(102,10,NULL,'100 K   1/3W  5%','','',39,0,0.0000,'',0,'','','2021-05-03 09:03:48','',0,0,0,1,1),(103,10,NULL,'110 K   1/3W  5%','','',0,0,0.0000,'',0,'','','2021-05-03 09:04:20','',0,0,0,1,1),(104,10,NULL,'120 K   1/3W  5%','','',24,0,0.0000,'',0,'','','2021-05-03 09:05:29','',0,0,0,1,1),(105,10,NULL,'130 K   1/3W  5%','','',10,0,0.0000,'',0,'','','2021-05-03 09:05:59','',0,0,0,1,1),(106,10,NULL,'150 K   1/3W  5%','','',39,0,0.0000,'',0,'','','2021-05-03 09:06:32','',0,0,0,1,1),(107,10,NULL,'160 K   1/3W  5%','','',10,0,0.0000,'',0,'','','2021-05-03 09:06:59','',0,0,0,1,1),(108,10,NULL,'180 K   1/3W  5%','','',25,0,0.0000,'',0,'','','2021-05-03 09:07:31','',0,0,0,1,1),(109,10,NULL,'200 K   1/3W  5%','','',10,0,0.0000,'',0,'','','2021-05-03 09:08:03','',0,0,0,1,1),(110,10,NULL,'220 K   1/3W  5%','','',37,0,0.0000,'',0,'','','2021-05-03 09:08:41','',0,0,0,1,1),(111,10,NULL,'240 K   1/3W  5%','','',10,0,0.0000,'',0,'','','2021-05-03 09:09:09','',0,0,0,1,1),(112,10,NULL,'270 K   1/3W  5%','','',24,0,0.0000,'',0,'','','2021-05-03 09:09:54','',0,0,0,1,1),(113,10,NULL,'300 K   1/3W  5%','','',10,0,0.0000,'',0,'','','2021-05-03 09:10:23','',0,0,0,1,1),(114,10,NULL,'330 K   1/3W  5%','','',38,0,0.0000,'',0,'','','2021-05-03 09:11:53','',0,0,0,1,1),(115,10,NULL,'360 K   1/3W  5%','','',10,0,0.0000,'',0,'','','2021-05-03 09:12:33','',0,0,0,1,1),(116,10,NULL,'390 K   1/3W  5%','','',25,0,0.0000,'',0,'','','2021-05-03 09:13:09','',0,0,0,1,1),(117,10,NULL,'430 K   1/3W  5%','','',10,0,0.0000,'',0,'','','2021-05-03 09:13:46','',0,0,0,1,1),(118,10,NULL,'470 K   1/3W  5%','','',37,0,0.0000,'',0,'','','2021-05-03 09:15:05','',0,0,0,1,1),(119,10,NULL,'510 K   1/3W  5%','','',10,0,0.0000,'',0,'','','2021-05-03 09:15:38','',0,0,0,1,1),(120,10,NULL,'560 K   1/3W  5%','','',25,0,0.0000,'',0,'','','2021-05-03 09:16:19','',0,0,0,1,1),(121,10,NULL,'620 K   1/3W  5%','','',10,0,0.0000,'',0,'','','2021-05-03 09:16:54','',0,0,0,1,1),(122,10,NULL,'680 K   1/3W  5%','','',40,0,0.0000,'',0,'','','2021-05-03 09:17:30','',0,0,0,1,1),(123,10,NULL,'750 K   1/3W  5%','','',10,0,0.0000,'',0,'','','2021-05-03 09:18:07','',0,0,0,1,1),(124,10,NULL,'820 K   1/3W  5%','','',27,0,0.0000,'',0,'','','2021-05-03 09:20:37','',0,0,0,1,1),(125,10,NULL,'1.0 M   1/3W  5%','','',36,0,0.0000,'',0,'','','2021-05-03 09:21:17','',0,0,0,1,1),(126,8,NULL,'Resistencia de montaje en panel 500mΩ ±5% 50W, ','Con carcasa de aluminio, Axial, Bobinado    Arcol','',9,0,0.0000,'',0,'','','2021-05-03 11:59:46','',0,0,0,1,2),(127,8,NULL,'Resistencia de montaje 150 Ω','ELECTRO DH ','',5,0,0.0000,'',0,'','','2021-05-03 12:43:39','',0,0,0,1,2),(128,8,NULL,'RCL AL-50 5ohm 3% ','','',3,0,0.0000,'',0,'','','2021-05-03 12:48:16','',0,0,0,1,2),(129,8,NULL,'RCD 615 11 K Ohm 25W Resistor Wire Wound 5% Tolerance','','',1,0,0.0000,'',0,'','','2021-05-03 12:57:48','',0,0,0,1,2),(130,8,NULL,'HS50-5% CTG RESISTOR 2 OHM ','','',1,0,0.0000,'',0,'','','2021-05-03 13:02:25','',0,0,0,1,2),(131,8,NULL,'5W Wirewound ceramic resistor, vertical mount, 5mm pitch','ROYAL','',3,0,0.0000,'',0,'','','2021-05-03 13:08:03','',0,0,0,1,2),(132,8,NULL,'RESISTOR CERAMICO 5W 47R PORCELANA','RWR','',2,0,0.0000,'',0,'','','2021-05-03 13:10:47','',0,0,0,1,2),(133,8,NULL,'Resistencia de cemento MEG05N 0.39 ohm 135º C ','','',1,0,0.0000,'',0,'','','2021-05-03 13:15:32','',0,0,0,1,2),(134,120,39,'BC337-25','Amplifier Transistors NPN Silicon','Transistor en caja de 20 unidades comprada de Aliexpress',20,0,0.0000,'',0,'','','2021-05-04 11:33:52','',0,0,0,1,4),(135,117,NULL,'1Ω 1/10W ?%','1.58 mm','',1410,0,0.0000,'',0,'','','2021-05-05 09:07:11','',0,0,0,1,3),(136,117,NULL,'150 K 1/10W ?%','1.58 mm','',1530,0,0.0000,'',0,'','','2021-05-05 09:09:20','',0,0,0,1,3),(137,117,NULL,'1K 1/10W ?%','1.58mm','',990,0,0.0000,'',0,'','','2021-05-05 09:10:25','',0,0,0,1,3),(138,117,NULL,'200 k 1/10W ?%','1.58 mm','',1590,0,0.0000,'',0,'','','2021-05-05 09:12:07','',0,0,0,1,3),(139,117,NULL,'220 k 1/10W ?%','1.58 mm','',1590,0,0.0000,'',0,'','','2021-05-05 09:13:31','',0,0,0,1,3),(140,117,NULL,'91 K 1/10W ?%','1.58 mm','',1530,0,0.0000,'',0,'','','2021-05-05 09:14:53','',0,0,0,1,3),(141,117,NULL,'39 K 1/10W ?%','1.58 mm','',1470,0,0.0000,'',0,'','','2021-05-05 09:15:56','',0,0,0,1,3),(142,117,NULL,'2Ω 1/10W ?%','1.58 mm','',870,0,0.0000,'',0,'','','2021-05-05 09:21:53','',0,0,0,1,3),(143,117,NULL,'68Ω 1/10W ?%','1.58 mm','',1530,0,0.0000,'',0,'','','2021-05-05 09:22:47','',0,0,0,1,3),(144,117,NULL,'47Ω 1/10W ?%','2.58 mm','',1590,0,0.0000,'',0,'','','2021-05-05 09:24:21','',0,0,0,1,3),(145,117,NULL,'33 K 1/10W ?%','1.58 mm','',1260,0,0.0000,'',0,'','','2021-05-05 09:28:38','',0,0,0,1,3),(146,117,NULL,'270 k 1/10W ?%','1.58 mm','',1440,0,0.0000,'',0,'','','2021-05-05 09:31:08','',0,0,0,1,3),(147,117,NULL,'15 K 1/10W ?%','1.58 mm','',1200,0,0.0000,'',0,'','','2021-05-05 09:32:20','',0,0,0,1,3),(148,117,NULL,'75 K 1/10W ?%','1.58 mm','',1500,0,0.0000,'',0,'','','2021-05-05 09:33:42','',0,0,0,1,3),(149,117,NULL,'82 K 1/10W ?%','1.58 mm','',1260,0,0.0000,'',0,'','','2021-05-05 09:35:13','',0,0,0,1,3),(150,117,NULL,'10 K 1/10W ?%','1.58 mm','',690,0,0.0000,'',0,'','','2021-05-05 09:37:53','',0,0,0,1,3),(151,117,NULL,'820 K 1/10W ?%','1.58 mm','',1260,0,0.0000,'',0,'','','2021-05-05 09:39:05','',0,0,0,1,3),(152,117,NULL,'768 K 1/10W ?%','1.58 mm','',1470,0,0.0000,'',0,'','','2021-05-05 09:43:19','',0,0,0,1,3),(153,117,NULL,'750 k 1/10W ?%','1.58 mm','',1530,0,0.0000,'',0,'','','2021-05-05 09:46:22','',0,0,0,1,3),(154,117,NULL,'330 K 1/10W ?%','1.58 mm','',660,0,0.0000,'',0,'','','2021-05-05 09:47:29','',0,0,0,1,3),(155,117,NULL,'649 K 1/10W ?%','1.58 mm','',1620,0,0.0000,'',0,'','','2021-05-05 09:48:30','',0,0,0,1,3),(156,117,NULL,'1.5 K 1/10W ?%','1.58 mm','',1560,0,0.0000,'',0,'','','2021-05-05 09:49:47','',0,0,0,1,3),(157,117,NULL,'390 K 1/10W ?%','1.58 mm','',780,0,0.0000,'',0,'','','2021-05-05 09:51:56','',0,0,0,1,3),(158,117,NULL,'56 K 1/10W ?%','1.58 mm','',1350,0,0.0000,'',0,'','','2021-05-05 09:53:47','',0,0,0,1,3),(159,117,NULL,'2.7 K 1/10W ?%','1.58 mm','',1350,0,0.0000,'',0,'','','2021-05-05 09:55:26','',0,0,0,1,3),(160,117,NULL,'5.6 K 1/10W ?%','1.58 mm','',630,0,0.0000,'',0,'','','2021-05-05 09:56:41','',0,0,0,1,3),(161,117,NULL,'280 Ω 1/10W ?%','1.58 mm','',1170,0,0.0000,'',0,'','','2021-05-05 09:57:44','',0,0,0,1,3),(162,117,NULL,'560 k 1/10W ?%','1.58 mm','',1410,0,0.0000,'',0,'','','2021-05-05 09:59:34','',0,0,0,1,3),(163,117,NULL,'10 Ω 1/10W ?%','1.58 mm','',1410,0,0.0000,'',0,'','','2021-05-05 10:01:07','',0,0,0,1,3),(164,117,NULL,'470 K 1/10W ?%','1.58 mm','',1620,0,0.0000,'',0,'','','2021-05-05 10:02:25','',0,0,0,1,3),(165,117,NULL,'4.7 Ω 1/10W ?%','1.58 mm','',1410,0,0.0000,'',0,'','','2021-05-05 10:03:30','',0,0,0,1,3),(166,117,NULL,'3.3 K Ω 1/10W ?%','1.58 mm','',1350,0,0.0000,'',0,'','','2021-05-05 10:08:17','',0,0,0,1,3),(167,117,NULL,'100 Ω 1/10W ?%','1.58 mm','',1440,0,0.0000,'',0,'','','2021-05-05 10:10:38','',0,0,0,1,3),(168,117,NULL,'47 K 1/10W ?%','1.54 mm','',1170,0,0.0000,'',0,'','','2021-05-05 10:11:56','',0,0,0,1,3),(169,117,NULL,'43 K 1/10W ?%','1.58 mm','',270,0,0.0000,'',0,'','','2021-05-05 10:16:50','',0,0,0,1,3),(170,122,39,'BC327-40 ','PNP Silicon AF Transistors','Transistor en caja de 20 unidades comprada de Aliexpress',20,0,0.0000,'',0,'','','2021-05-05 10:50:19','',0,0,0,1,4),(171,120,39,'2N2222-A331','Transistor 2N2222 A331 - NPN -','Transistor en caja de 20 unidades comprada de Aliexpress',20,0,0.0000,'',0,'','','2021-05-05 10:53:40','',0,0,0,1,4),(172,122,39,'2N2907-A331',' Bipolar PNP Transistor','Transistor en caja de 20 unidades comprada de Aliexpress',20,0,0.0000,'',0,'','','2021-05-05 10:57:44','',0,0,0,1,4),(173,120,39,'2N3904-H331','General Purpose TransistorsNPN Silicon','Transistor en caja de 20 unidades comprada de Aliexpress',20,0,0.0000,'',0,'','','2021-05-05 11:00:49','',0,0,0,1,4),(174,122,39,'2N3906-H331','General Purpose Transistors PNP Silicon','Transistor en caja de 20 unidades comprada de Aliexpress',20,0,0.0000,'',0,'','','2021-05-05 11:04:09','',0,0,0,1,4),(175,120,39,'S8050-D331','transistores NPN Gráficos to de 92','Transistor en caja de 20 unidades comprada de Aliexpress',20,0,0.0000,'',0,'','','2021-05-05 11:08:15','',0,0,0,1,4),(176,122,39,'S8550-D331','PNP Amplificador De Transistores','Transistor en caja de 20 unidades comprada de Aliexpress',20,0,0.0000,'',0,'','','2021-05-05 11:10:28','',0,0,0,1,4),(177,122,39,'A1015-GR331','Transistor A1015 GR331 - PNP - TO-92','Transistor en caja de 20 unidades comprada de Aliexpress',20,0,0.0000,'',0,'','','2021-05-05 11:13:39','',0,0,0,1,4),(178,120,39,'C18015-GR331','Transistor NPN, de propósito general, empleado principalmente en amplificación de audio.','Transistor en caja de 20 unidades comprada de Aliexpress',20,0,0.0000,'',0,'','','2021-05-05 11:18:17','',0,0,0,1,4),(179,124,NULL,'Peine de rosca Imperial/Métrico 28 cuchillas 11-1/2, 4, 6, 8, 10, 11, 12, 13, 16, 20, 28, 32, 40, 56','RS Código RS: 387-0183','',1,0,0.0000,'',0,'','','2021-05-05 12:47:17','',0,0,0,1,5),(180,125,NULL,'HSS M3.5 x 0.6','RS Código RS: 152-053','',1,0,5.1700,'',0,'','','2021-05-05 12:51:50','',0,0,0,1,5),(181,124,NULL,'Peine de rosca Imperial 30 cuchillas 4, 4-1/2, 5, 5-1/2, 6, 7, 8, 9, 10, 11, 11-1/2, 12, 13, 14, 15,','Código RS: 683-0743','',1,0,23.1900,'',0,'','','2021-05-05 13:13:08','',0,0,0,1,5),(182,124,NULL,'Peine de rosca Imperial 27 cuchillas 4, 4-1/2, 5, 6, 7, 8, 9, 10, 11, 12, 13, 14, 16, 18, 19, 20,','Código RS 683-0756','',1,0,23.1900,'',0,'','','2021-05-05 13:21:59','',0,0,0,1,5),(183,126,NULL,'Juego de punzones para grabado de números RS PRO, carácter de 1mm',' A-Z','',27,0,0.0000,'',0,'','','2021-05-05 13:45:24','',0,0,0,1,5),(184,125,NULL,'Machos de roscar 1/4\" X 19 BSP HSSG Mano Taps Forma Cónica ,conjunto VOLKEL','','',2,0,0.0000,'',0,'','','2021-05-05 14:12:16','',0,0,0,1,5),(185,125,NULL,'COJINETE PARA ROSCAR 20*7','','',1,0,0.0000,'',0,'','','2021-05-05 14:14:20','',0,0,0,1,5),(187,133,NULL,'LED PLCC6 3 in 1 SMD LED CLX6F-FKC','CREE','',0,0,0.0000,'',0,'','','2021-05-06 13:28:54','',0,0,0,1,7),(188,73,NULL,'Tactile Switches SPST OFF-(ON) Round pushbutton','506-FSM6JH','',8,0,0.0000,'',0,'','','2021-05-06 13:46:19','',0,0,0,1,18),(189,73,NULL,'Interruptor Táctil, Accionamiento Superior, Taladro Pasante, Botón Redondo, 260 gf, 50mA a 24VDC','	ALCOSWITCH - TE CONNECTIVITY','',44,0,0.0000,'',0,'','','2021-05-06 13:54:34','',0,0,0,1,18),(190,73,NULL,'Interruptor Táctil, Accionamiento Superior, Taladro Pasante, Botón Rectángulo, 260 gf, 50mA a 24VDC','	ALCOSWITCH - TE CONNECTIVITY','',180,0,0.0000,'',0,'','','2021-05-07 08:54:53','',0,0,0,1,18),(192,117,NULL,'100K   1/10W  5%','','',5000,0,0.0000,'',0,'','','2021-05-07 09:42:12','',0,0,0,1,8),(193,117,NULL,'2.2μF, ±10%, 10V dc','Condensador cerámico multicapa MLCC, Montaje en Superficie, X7R dieléctrico','',4000,0,0.2300,'',0,'','','2021-05-07 09:56:56','',0,0,0,1,8),(194,135,NULL,'100Ω 1/8 W 5%','FH (tecnología avanzada de Guangdong Fenghua) RS-05K101JT','',5000,0,0.0000,'',0,'','','2021-05-07 10:08:05','',0,0,0,1,8),(195,120,NULL,'LGE 1N4148W','Diodes/Switching Diode','',0,0,0.0000,'',0,'','','2021-05-07 10:25:10','',0,0,0,1,7),(196,128,NULL,'18 K 1/4W ?%','','',2010,0,0.0000,'',0,'','','2021-05-07 10:48:15','',0,0,0,1,9),(197,131,NULL,'2.2Ω 1/4W 5%','','',40,0,0.0000,'',0,'','','2021-05-07 11:04:46','',0,0,0,1,6),(198,131,NULL,'6.8Ω 1/4W 5%','','',20,0,0.0000,'',0,'','','2021-05-07 11:08:18','',0,0,0,1,6),(199,131,NULL,'2.7Ω 1/4W 5%','','',47,0,0.0000,'',0,'','','2021-05-07 11:08:53','',0,0,0,1,6),(200,131,NULL,'47Ω 1/4W 5%','','',35,0,0.0000,'',0,'','','2021-05-07 11:14:25','',0,0,0,1,6),(201,131,NULL,'83Ω 1/4W 5%','','',42,0,0.0000,'',0,'','','2021-05-07 11:15:11','',0,0,0,1,6),(202,131,NULL,'180Ω 1/4W 5%','','',37,0,0.0000,'',0,'','','2021-05-07 11:15:54','',0,0,0,1,6),(203,131,NULL,'680Ω 1/4W 5%','','',29,0,0.0000,'',0,'','','2021-05-07 11:17:19','',0,0,0,1,6),(204,131,NULL,'1.8K 1/4W 5%','','',38,0,0.0000,'',0,'','','2021-05-07 11:18:22','',0,0,0,1,6),(205,131,NULL,'3.0K 1/4W 5%','','',42,0,0.0000,'',0,'','','2021-05-07 11:19:09','',0,0,0,1,6),(206,131,NULL,'22Ω 1/4W 5%','','',23,0,0.0000,'',0,'','','2021-05-07 11:20:12','',0,0,0,1,6),(207,131,NULL,'56Ω 1/4W 5%','','',23,0,0.0000,'',0,'','','2021-05-07 11:20:57','',0,0,0,1,6),(208,131,NULL,'330Ω 1/4W 5%','','',19,0,0.0000,'',0,'','','2021-05-07 11:21:58','',0,0,0,1,6),(209,131,NULL,'820Ω 1/4W 5%','','',22,0,0.0000,'',0,'','','2021-05-07 11:23:29','',0,0,0,1,6),(210,131,NULL,'3.3K 1/4W 5%','','',45,0,0.0000,'',0,'','','2021-05-07 11:25:02','',0,0,0,1,6),(211,131,NULL,'3.3Ω 1/4W 5%','','',47,0,0.0000,'',0,'','','2021-05-07 11:25:54','',0,0,0,1,6),(212,131,NULL,'8.2Ω 1/4W 5%','','',33,0,0.0000,'',0,'','','2021-05-07 11:27:49','',0,0,0,1,6),(213,131,NULL,'27Ω 1/4W 5%','','',29,0,0.0000,'',0,'','','2021-05-07 11:29:15','',0,0,0,1,6),(214,131,NULL,'100Ω 1/4W 5%','','',17,0,0.0000,'',0,'','','2021-05-07 11:33:25','',0,0,0,1,6),(215,131,NULL,'220Ω 1/4W 5%','','',28,0,0.0000,'',0,'','','2021-05-07 11:34:16','',0,0,0,1,6),(216,131,NULL,'390Ω 1/4W 5%','','',19,0,0.0000,'',0,'','','2021-05-07 11:35:07','',0,0,0,1,6),(217,131,NULL,'1.0K 1/4W 5%','','',10,0,0.0000,'',0,'','','2021-05-07 11:36:01','',0,0,0,1,6),(218,131,NULL,'2.4K 1/4W 5%','','',20,0,0.0000,'',0,'','','2021-05-07 11:39:22','',0,0,0,1,6),(219,131,NULL,'3.9K 1/4W 5%','','',22,0,0.0000,'',0,'','','2021-05-07 11:40:05','',0,0,0,1,6),(220,131,NULL,'4.7Ω 1/4W 5%','','',21,0,0.0000,'',0,'','','2021-05-07 11:40:51','',0,0,0,1,6),(221,131,NULL,'33Ω 1/4W 5%','','',24,0,0.0000,'',0,'','','2021-05-07 11:41:38','',0,0,0,1,6),(222,131,NULL,'150Ω 1/4W 5%','','',31,0,0.0000,'',0,'','','2021-05-07 11:42:20','',0,0,0,1,6),(223,131,NULL,'1.5K 1/4W 5%','','',23,0,0.0000,'',0,'','','2021-05-07 11:43:40','',0,0,0,1,6),(224,131,NULL,'2.7K 1/4W 5%','','',34,0,0.0000,'',0,'','','2021-05-07 11:45:04','',0,0,0,1,6),(225,131,NULL,'4.7K 1/4W 5%','','',25,0,0.0000,'',0,'','','2021-05-07 11:46:03','',0,0,0,1,6),(226,131,NULL,'270Ω 1/4W 5%','','',41,0,0.0000,'',0,'','','2021-05-07 12:11:16','',0,0,0,1,6),(227,135,NULL,'27Ω 1/8 W 1%','Yageo-RC0805FR-0727RL','',300,0,0.0000,'',0,'','','2021-05-10 09:35:26','',0,0,0,1,10),(228,136,NULL,' Diodos Incorporados DMG1012T-7','MOSFET MOSFET N-CANAL SOT-523','',0,0,0.0000,'',0,'','','2021-05-10 09:58:55','',0,0,0,1,11),(229,136,NULL,'MOSFET 2N7002','ON Semiconductor ','',2,0,1.3700,'',0,'','','2021-05-10 10:24:55','',0,0,0,1,11),(230,63,NULL,'Zumbadores piezoeléctricos e indicadores de audio','TDK','',4,0,0.6100,'',0,'','','2021-05-10 10:30:14','',0,0,0,1,11),(231,69,NULL,'Ningbo Kangnex Elec WJ126V-5.0-2P','Connectors/Screw terminal','',0,0,0.0000,'',0,'','','2021-05-10 10:45:39','',0,0,0,1,13),(232,135,NULL,'3.3 k 1/8 W 1%','Yageo-RC0805FR-073K3L','',300,0,0.0000,'',0,'','','2021-05-10 13:30:16','',0,0,0,1,10),(233,135,NULL,'12Ω 1/8 W 1%','Yageo-RC0805FR-0712RL','',300,0,0.0000,'',0,'','','2021-05-10 13:37:00','',0,0,0,1,10),(234,135,NULL,'560K 1/8 W 1%','Yageo-RC0805FR-07560KL','',300,0,0.0000,'',0,'','','2021-05-10 13:44:50','',0,0,0,1,10),(235,135,NULL,'4.3M 1/8 W 1%','Yageo-RC0805FR-074M3L','',300,0,0.0000,'',0,'','','2021-05-10 13:50:43','',0,0,0,1,10),(236,135,NULL,'150Ω 1/8 W 1%','Yageo-RC0805FR-07150RL','',300,0,0.0000,'',0,'','','2021-05-10 13:54:27','',0,0,0,1,10),(237,135,NULL,'30K 1/8 W 1%','Yageo-RC0805FR-0730KL','',300,0,0.0000,'',0,'','','2021-05-10 13:59:21','',0,0,0,1,10),(238,135,NULL,'4.3Ω 1/8 W 1%','Yageo-RC0805FR-074R3L','',300,0,0.0000,'',0,'','','2021-05-10 14:03:31','',0,0,0,1,10),(239,73,NULL,'Tactile Switches SPST OFF-(ON) Round pushbutton','506-FSM6JH','',0,0,0.0000,'',0,'','','2021-05-11 08:37:00','',0,0,0,1,18),(240,135,NULL,'510Ω 1/8 W 1%',' Yageo-RC0805FR-07510RL','',300,0,0.0000,'',0,'','','2021-05-11 08:53:18','',0,0,0,1,10),(241,135,NULL,'5.1Ω 1/8 W 1%',' Yageo-RC0805FR-075R1L','',300,0,0.0000,'',0,'','','2021-05-11 09:03:39','',0,0,0,1,10),(242,135,NULL,'24k 1/8 W 1%','Yageo-RC0805FR-0724KL','',300,0,0.0000,'',0,'','','2021-05-11 09:21:33','',0,0,0,1,10),(243,135,NULL,'3k 1/8W 1%','Yageo-RC0805FR-073KL','',300,0,0.0000,'',0,'','','2021-05-11 09:26:56','',0,0,0,1,10),(244,135,NULL,'51Ω 1/8W 1%','Yageo- RC0805FR-0751RL','',300,0,0.0000,'',0,'','','2021-05-11 09:39:21','',0,0,0,1,10),(245,135,NULL,'2.4K 1/8 W 1%','Yageo-RC0805FR-072K4L','',300,0,0.0000,'',0,'','','2021-05-11 09:59:30','',0,0,0,1,10),(246,135,NULL,'9.1Ω 1/8 W 1%','Yageo-RC0805FR-079R1L','',300,0,0.0000,'',0,'','','2021-05-11 10:06:09','',0,0,0,1,10),(247,135,NULL,'200Ω 1/8 W 1%','Yageo-RC0805FR-07200KL','',150,0,0.0000,'',0,'','','2021-05-11 10:18:33','',0,0,0,1,10),(248,135,NULL,'82k 1/8 W 1%','Yageo-RC0805FR-0782KL','',300,0,0.0000,'',0,'','','2021-05-11 10:24:36','',0,0,0,1,10),(249,135,NULL,'120k 1/8 W 1%','Yageo-RC0805FR-07120KL','',300,0,0.0000,'',0,'','','2021-05-11 10:35:34','',0,0,0,1,10),(250,135,NULL,'91K 1/8 W 1%',' Yageo-RC0805FR-0712KL','',300,0,0.0000,'',0,'','','2021-05-11 10:40:26','',0,0,0,1,10),(251,128,NULL,'6.2 K 1/4W 2%','','',1500,0,0.0000,'',0,'','','2021-05-11 10:45:47','',0,0,0,1,9),(252,128,NULL,'6.2 K 1/4W 5%','','',1680,0,0.0000,'',0,'','','2021-05-11 10:46:27','',0,0,0,1,9),(253,128,NULL,'430 Ω 1/4W 2%','','',2010,0,0.0000,'',0,'','','2021-05-11 10:47:32','',0,0,0,1,9),(254,128,NULL,'220 Ω 1/4W 1%','','',2040,0,0.0000,'',0,'','','2021-05-11 10:48:18','',0,0,0,1,9),(255,128,NULL,'1.3 k 1/4W 1%','','',1830,0,0.0000,'',0,'','','2021-05-11 10:48:46','',0,0,0,1,9),(256,135,NULL,'39k 1/8 W 1%','Yageo-RC0805FR-0739KL','',300,0,0.0000,'',0,'','','2021-05-11 10:49:10','',0,0,0,1,10),(257,128,NULL,'15 K 125W 5%','','',1800,0,0.0000,'',0,'','','2021-05-11 10:49:35','',0,0,0,1,9),(258,128,NULL,'51 Ω 1/4W 5%','','',1920,0,0.0000,'',0,'','','2021-05-11 10:50:07','',0,0,0,1,9),(259,128,NULL,'220 Ω 1/4W 5%','','',1980,0,0.0000,'',0,'','','2021-05-11 10:51:14','',0,0,0,1,9),(260,128,NULL,'5.6 K 1/4W 5%','','',1920,0,0.0000,'',0,'','','2021-05-11 10:51:46','',0,0,0,1,9),(261,128,NULL,'1 K 1/4W ?%','','',540,0,0.0000,'',0,'','','2021-05-11 10:52:52','',0,0,0,1,9),(262,128,NULL,'4.3 K 1/4W 2%','','',1800,0,0.0000,'',0,'','','2021-05-11 10:53:26','',0,0,0,1,9),(263,128,NULL,'42 Ω 1/4W ?%','','',1710,0,0.0000,'',0,'','','2021-05-11 10:54:05','',0,0,0,1,9),(264,128,NULL,'15 K 1/4W 5%','','',1500,0,0.0000,'',0,'','','2021-05-11 10:54:27','',0,0,0,1,9),(265,128,NULL,'27 Ω 1/4W ?%','','',2010,0,0.0000,'',0,'','','2021-05-11 10:55:03','',0,0,0,1,9),(266,128,NULL,'330 Ω 1/4W 5%','','',2070,0,0.0000,'',0,'','','2021-05-11 10:56:05','',0,0,0,1,9),(267,128,NULL,'100 Ω 1/4W 5%','','',1770,0,0.0000,'',0,'','','2021-05-11 10:56:36','',0,0,0,1,9),(268,128,NULL,'470 Ω 1/4W 2%','','',1470,0,0.0000,'',0,'','','2021-05-11 10:57:16','',0,0,0,1,9),(269,135,NULL,'12K  1/8 W 1%','Yageo-RC0805FR-0791KL ','',300,0,0.0000,'',0,'','','2021-05-11 11:10:01','',0,0,0,1,10),(270,135,NULL,'22Ω 1/8 W 1%','Yageo-RC0805FR-0722RL','',300,0,0.0000,'',0,'','','2021-05-11 11:14:21','',0,0,0,1,10),(271,135,NULL,'430Ω 1/8 W 1%','Yageo-RC0805FR-07430RL','',300,0,0.0000,'',0,'','','2021-05-11 11:20:04','',0,0,0,1,10),(272,135,NULL,'2M 1/8 W 1%','Yageo-RC0805FR-072ML','',300,0,0.0000,'',0,'','','2021-05-11 11:23:20','',0,0,0,1,10),(273,135,NULL,'2.4M 1/8 W 1%','Yageo-RC0805FR-072M4L','',300,0,0.0000,'',0,'','','2021-05-11 13:36:30','',0,0,0,1,10),(274,135,NULL,'1.6M 1/8 W 1%','Yageo-RC0805FR-071M6L','',300,0,0.0000,'',0,'','','2021-05-11 13:42:58','',0,0,0,1,10),(276,135,NULL,'30Ω  1/8 W 1%','Yageo-RC0805FR-0730RL','',300,0,0.0000,'',0,'','','2021-05-12 11:21:37','',0,0,0,1,10),(277,135,NULL,'56Ω 1/8 W 5%','Yageo-RC0805FR-0756RL','',300,0,0.0000,'',0,'','','2021-05-12 11:28:12','',0,0,0,1,10),(278,135,NULL,'10Ω 1/8 W 1%','Yageo-RC0805FR-0710RL','',300,0,0.0000,'',0,'','','2021-05-12 11:33:30','',0,0,0,1,10),(279,135,NULL,'15K 1/8 W 5%','Yageo-RC0805FR-0715KL','',300,0,0.0000,'',0,'','','2021-05-12 11:36:53','',0,0,0,1,10),(280,135,NULL,'20Ω 1/8 W 1%','Yageo-RC0805FR-0720RL','',300,0,0.0000,'',0,'','','2021-05-12 11:41:08','',0,0,0,1,10),(281,135,NULL,'6.8Ω 1/8 W 1%','Yageo-RC0805FR-076R8L','',300,0,0.0000,'',0,'','','2021-05-12 11:45:12','',0,0,0,1,10),(282,135,NULL,'62Ω 1/8 W 1%','Yageo- RC0805FR-0762RL','',300,0,0.0000,'',0,'','','2021-05-12 11:48:36','',0,0,0,1,10),(283,135,NULL,'360Ω 1/8W 1%','Yageo-RC0805FR-07360RL','',300,0,0.0000,'',0,'','','2021-05-12 11:51:42','',0,0,0,1,10),(284,135,NULL,'100K 1/8W 1%','Yageo-RC0805FR-07100KL','',300,0,0.0000,'',0,'','','2021-05-12 11:59:37','',0,0,0,1,10),(285,135,NULL,'620Ω  1/8 W 1%','Yageo-RC0805FR-07620RL','',300,0,0.0000,'',0,'','','2021-05-12 12:03:19','',0,0,0,1,10),(286,135,NULL,'750K  1/8 W 1%','Yageo-RC0805FR-07750KL','',300,0,0.0000,'',0,'','','2021-05-12 12:07:16','',0,0,0,1,10),(287,135,NULL,'47Ω 1/8 W 1%','Yageo- RC0805FR-0747RL','',300,0,0.0000,'',0,'','','2021-05-12 12:14:57','',0,0,0,1,10),(288,135,NULL,'150K 1/8 W 1%','Yageo-RC0805FR-07150KL','',300,0,0.0000,'',0,'','','2021-05-12 12:17:51','',0,0,0,1,10),(289,135,NULL,'5.1M 1/8 W 1%','Yageo-RC0805FR-075M1L','',300,0,0.0000,'',0,'','','2021-05-12 12:28:54','',0,0,0,1,10),(290,135,NULL,'16k 1/8 W 1%','Yageo-RC0805FR-0716KL','',300,0,0.0000,'',0,'','','2021-05-12 12:32:29','',0,0,0,1,10),(291,135,NULL,'3.9M 1/8 W 1%','Yageo-RC0805FR-073M9L','',300,0,0.0000,'',0,'','','2021-05-12 12:40:54','',0,0,0,1,10),(292,135,NULL,'820K 1/8 W 1%','Yageo-RC0805FR-07820KL','',300,0,0.0000,'',0,'','','2021-05-12 12:45:15','',0,0,0,1,10),(293,135,NULL,'160K  1/8 W  1%','Yageo- RC0805FR-07160KL','',300,0,0.0000,'',0,'','','2021-05-12 12:49:42','',0,0,0,1,10),(294,135,NULL,'2.7K 1/8 W 1%','Yageo- RC0805FR-072K7L','',300,0,0.0000,'',0,'','','2021-05-12 12:53:12','',0,0,0,1,10),(295,135,NULL,'510k 1/8 W 1%','Yageo-RC0805FR-07510KL','',300,0,0.0000,'',0,'','','2021-05-12 13:06:55','',0,0,0,1,10),(296,135,NULL,'910K 1/8W 1%','Yageo-RC0805FR-07910KL','',300,0,0.0000,'',0,'','','2021-05-12 13:10:19','',0,0,0,1,10),(297,135,NULL,'75Ω 1/8W 1%','Yageo-RC0805FR-0775RL','',300,0,0.0000,'',0,'','','2021-05-12 13:16:30','',0,0,0,1,10),(298,135,NULL,'3.6M 1/8W 1%','Yageo-RC0805FR-073M6L','',300,0,0.0000,'',0,'','','2021-05-12 13:19:17','',0,0,0,1,10),(299,135,NULL,'36Ω 1/8W 1%','Yageo-RC0805FR-0768RL','',300,0,0.0000,'',0,'','','2021-05-12 13:26:39','',0,0,0,1,10),(300,135,NULL,'27K  1/8 W  1%','Yageo-RC0805FR-0727KL','',300,0,0.0000,'',0,'','','2021-05-12 14:00:25','',0,0,0,1,10),(301,135,NULL,'2K 1/8 W 1%','Yageo-RC0805FR-072KL','',300,0,0.0000,'',0,'','','2021-05-14 08:50:59','',0,0,0,1,10),(302,135,NULL,'82Ω 1/8 W 1%','Yageo-RC0805FR-0782RL','',300,0,0.0000,'',0,'','','2021-05-14 08:54:50','',0,0,0,1,10),(303,135,NULL,'470Ω   1/8W   1%','Yageo- RC0805FR-07470RL','',300,0,0.0000,'',0,'','','2021-05-14 08:59:11','',0,0,0,1,10),(304,135,NULL,'8.2Ω   1/8W   1%','Yageo-RC0805FR-078R2L','',300,0,0.0000,'',0,'','','2021-05-14 09:03:39','',0,0,0,1,10),(305,135,NULL,'7.5Ω   1/8W   1%','Yageo- RC0805FR-077R5L','',300,0,0.0000,'',0,'','','2021-05-14 09:13:00','',0,0,0,1,10),(306,135,NULL,'20K   1/8W   1%','Yageo- RC0805FR-0720KL','',300,0,0.0000,'',0,'','','2021-05-14 09:18:08','',0,0,0,1,10),(307,135,NULL,'10K 1/8 W 1%','Yageo-RC0805FR-0710KL','',300,0,0.0000,'',0,'','','2021-05-14 09:22:16','',0,0,0,1,10),(308,135,NULL,'4.7M 1/8 W 1%','Yageo- RC0805FR-074M7L','',300,0,0.0000,'',0,'','','2021-05-14 09:26:48','',0,0,0,1,10),(309,135,NULL,'2.32K 1/8 W 1%','Yageo-RC0805FR-072K32L','',300,0,0.0000,'',0,'','','2021-05-14 09:32:00','',0,0,0,1,10),(310,135,NULL,'39Ω 1/8 W 1%','Yageo-RC0805FR-0739RL','',300,0,0.0000,'',0,'','','2021-05-14 09:47:28','',0,0,0,1,10),(311,135,NULL,'1.8M 1/8 W 1%','Yageo- RC0805FR-071M8L','',300,0,0.0000,'',0,'','','2021-05-14 09:50:15','',0,0,0,1,10),(312,135,NULL,'22K 1/8 W 1%','Yageo- RC0805FR-0722KL','',300,0,0.0000,'',0,'','','2021-05-14 09:52:45','',0,0,0,1,10),(313,135,NULL,'180K 1/8 W 1%','Yageo- RC0805FR-07180KL','',300,0,0.0000,'',0,'','','2021-05-14 09:55:50','',0,0,0,1,10),(314,135,NULL,'5.6Ω 1/8 W 1%','Yageo-RC0805FR-075R6L','',300,0,0.0000,'',0,'','','2021-05-14 09:58:48','',0,0,0,1,10),(315,135,NULL,'560Ω 1/8 W 1%','Yageo- RC0805FR-07560RL','',300,0,0.0000,'',0,'','','2021-05-14 10:10:01','',0,0,0,1,10),(316,135,NULL,'680K 1/8 W 1%','Yageo- RC0805FR-07680KL','',300,0,0.0000,'',0,'','','2021-05-14 10:17:45','',0,0,0,1,10),(317,135,NULL,'300K 1/8 W 1%','Yageo-RC0805FR-07300KL','',300,0,0.0000,'',0,'','','2021-05-14 10:23:39','',0,0,0,1,10),(318,135,NULL,'1M 1/8 W 1%','Yageo- RC0805FR-071ML','',300,0,0.0000,'',0,'','','2021-05-14 10:27:50','',0,0,0,1,10),(319,135,NULL,'1.5M 1/8 W 1%','Yageo-RC0805FR-071M5L','',300,0,0.0000,'',0,'','','2021-05-14 10:32:18','',0,0,0,1,10),(320,135,NULL,'5.1Ω 1/8 W 1%','Yageo-RC0805FR-073ML','',300,0,0.0000,'',0,'','','2021-05-14 10:36:29','',0,0,0,1,10),(321,125,NULL,' Juego de machos y fileras con giramachos',' Metalworks SKC110ETM','',110,0,134.1900,'',0,'','','2021-05-17 08:58:25','',0,0,0,1,5),(322,16,NULL,'Condensador Electrolítico Aluminio SMD, Radial - SMD, 22 µF, 16 V, VT, V-Chip Series','MULTICOMP PRO-MCVVT016M220DA1L','',1000,0,0.0400,'',0,'','','2021-05-17 09:11:43','',0,0,0,1,14),(323,125,NULL,'Terraja de Roscar-M2X0.4',' Metalworks SKC110ETM','',0,0,0.0000,'',0,'','','2021-05-17 13:10:39','',0,0,0,1,17),(324,125,NULL,'Terraja de Roscar-M3X0.5',' Metalworks SKC110ETM','',0,0,0.0000,'',0,'','','2021-05-17 13:28:58','',0,0,0,1,17),(325,125,NULL,'Terraja de Roscar-M4X0.7',' Metalworks SKC110ETM','',0,0,0.0000,'',0,'','','2021-05-17 13:30:06','',0,0,0,1,17),(326,125,NULL,'Terraja de Roscar-M5X0.8',' Metalworks SKC110ETM','',0,0,0.0000,'',0,'','','2021-05-17 13:31:39','',0,0,0,1,17),(327,125,NULL,'Terraja de Roscar-M6X0.75','Metalworks SKC110ETM','',0,0,0.0000,'',0,'','','2021-05-17 13:33:25','',0,0,0,1,17),(328,125,NULL,'Terraja de Roscar-M7X0.75','Metalworks SKC110ETM','',0,0,0.0000,'',0,'','','2021-05-17 13:35:12','',0,0,0,1,17),(329,125,NULL,'Terraja de Roscar-M7X1.0','Metalworks SKC110ETM','',0,0,0.0000,'',0,'','','2021-05-17 13:37:25','',0,0,0,1,17),(330,125,NULL,'Terraja de Roscar-M8X0.75','Metalworks SKC110ETM','',0,0,0.0000,'',0,'','','2021-05-17 13:38:41','',0,0,0,1,17),(331,125,NULL,'Terraja de Roscar-M8X1.0','Metalworks SKC110ETM','',0,0,0.0000,'',0,'','','2021-05-17 13:41:23','',0,0,0,1,17),(332,125,NULL,'Terraja de Roscar-M8X1.25','Metalworks SKC110ETM','',0,0,0.0000,'',0,'','','2021-05-17 13:42:52','',0,0,0,1,17),(333,125,NULL,'Terraja de Roscar-M9X0.75','Metalworks SKC110ETM','',0,0,0.0000,'',0,'','','2021-05-17 13:44:21','',0,0,0,1,17),(334,125,NULL,'Terraja de Roscar-M9X1.0','Metalworks SKC110ETM','',0,0,0.0000,'',0,'','','2021-05-17 13:45:36','',0,0,0,1,17),(335,125,NULL,'Terraja de Roscar-M9X1.25','Metalworks SKC110ETM','',0,0,0.0000,'',0,'','','2021-05-17 13:47:38','',0,0,0,1,17),(336,125,NULL,'Llave de acero para grifos ','Metalworks SKC110ETM','',0,0,0.0000,'',0,'','','2021-05-17 13:49:35','',0,0,0,1,17),(337,125,NULL,'Terraja de Roscar-M6X1.0','Metalworks SKC110ETM','',0,0,0.0000,'',0,'','','2021-05-17 13:51:29','',0,0,0,1,17),(338,125,NULL,'Terraja de Roscar-M10X1.25','Metalworks SKC110ETM','',0,0,0.0000,'',0,'','','2021-05-17 13:54:04','',0,0,0,1,17),(339,125,NULL,'Terraja de Roscar-M10X1.5','Metalworks SKC110ETM','',0,0,0.0000,'',0,'','','2021-05-17 13:55:57','',0,0,0,1,17),(340,125,NULL,'Terraja de Roscar-M10X1.0','Metalworks SKC110ETM','',0,0,0.0000,'',0,'','','2021-05-17 13:57:55','',0,0,0,1,17),(341,125,NULL,'Terraja de Roscar-M10X0.75','Metalworks SKC110ETM','',0,0,0.0000,'',0,'','','2021-05-17 14:00:27','',0,0,0,1,17),(342,125,NULL,'Terraja de Roscar-M11X0.75','Metalworks SKC110ETM','',0,0,0.0000,'',0,'','','2021-05-17 14:04:59','',0,0,0,1,17),(343,125,NULL,'Terraja de Roscar-M11X1.0','Metalworks SKC110ETM','',0,0,0.0000,'',0,'','','2021-05-17 14:12:07','',0,0,0,1,17),(344,125,NULL,'Terraja de Roscar-M11X1.25','Metalworks SKC110ETM','',0,0,0.0000,'',0,'','','2021-05-17 14:13:32','',0,0,0,1,17),(345,125,NULL,'Terraja de Roscar-M10X1.5','Metalworks SKC110ETM','',0,0,0.0000,'',0,'','','2021-05-17 14:15:09','',0,0,0,1,17),(346,125,NULL,'Terraja de Roscar-M12X0.75','Metalworks SKC110ETM','',0,0,0.0000,'',0,'','','2021-05-17 14:17:07','',0,0,0,1,17),(347,125,NULL,'Terraja de Roscar-M12X1.0','Metalworks SKC110ETM','',0,0,0.0000,'',0,'','','2021-05-17 14:18:40','',0,0,0,1,17),(348,125,NULL,'Terraja de Roscar-M12X1.25','Metalworks SKC110ETM','',0,0,0.0000,'',0,'','','2021-05-17 14:20:23','',0,0,0,1,17),(349,125,NULL,'Terraja de Roscar-M12X1.5','Metalworks SKC110ETM','',0,0,0.0000,'',0,'','','2021-05-17 14:21:48','',0,0,0,1,17),(350,125,NULL,'Terraja de Roscar-M12X1.75','Metalworks SKC110ETM','',0,0,0.0000,'',0,'','','2021-05-17 14:23:19','',0,0,0,1,17),(351,125,NULL,'Terraja de Roscar-M14X1.0','Metalworks SKC110ETM','',0,0,0.0000,'',0,'','','2021-05-17 14:25:24','',0,0,0,1,17),(352,125,NULL,'Terraja de Roscar-M14X1.25','Metalworks SKC110ETM','',0,0,0.0000,'',0,'','','2021-05-18 08:44:53','',0,0,0,1,17),(353,125,NULL,'Terraja de Roscar-M14X1.5','Metalworks SKC110ETM','',0,0,0.0000,'',0,'','','2021-05-18 08:46:57','',0,0,0,1,17),(354,125,NULL,'Terraja de Roscar-M14X2.0','Metalworks SKC110ETM','',0,0,0.0000,'',0,'','','2021-05-18 08:48:06','',0,0,0,1,17),(355,125,NULL,'Terraja de Roscar-M18X1.5','Metalworks SKC110ETM','',0,0,0.0000,'',0,'','','2021-05-18 08:50:22','',0,0,0,1,17),(356,125,NULL,'Terraja de Roscar-M16X1.0','Metalworks SKC110ETM','',0,0,0.0000,'',0,'','','2021-05-18 08:51:48','',0,0,0,1,17),(357,125,NULL,'Terraja de Roscar-M16X1.5','Metalworks SKC110ETM','',0,0,0.0000,'',0,'','','2021-05-18 08:53:55','',0,0,0,1,17),(358,125,NULL,'Macos de Roscar-M16X2.0','Metalworks SKC110ETM','',0,0,0.0000,'',0,'','','2021-05-18 08:55:42','',0,0,0,1,17),(359,125,NULL,'Giramachos de barra ajustable para llave-M6-M20','Metalworks SKC110ETM','',0,0,0.0000,'',0,'','','2021-05-18 08:58:09','',0,0,0,1,17),(360,125,NULL,'Portaherramientas con mango corredizo para macho','Metalworks SKC110ETM','',0,0,0.0000,'',0,'','','2021-05-18 08:59:12','',0,0,0,1,17),(361,125,NULL,'Macos de Roscar-M11X1.25','Metalworks SKC110ETM','',0,0,0.0000,'',0,'','','2021-05-18 09:00:24','',0,0,0,1,17),(362,125,NULL,'Macos de Roscar-M11X1.5','Metalworks SKC110ETM','',0,0,0.0000,'',0,'','','2021-05-18 09:03:15','',0,0,0,1,17),(363,125,NULL,'Macos de Roscar-M12X0.75','Metalworks SKC110ETM','',0,0,0.0000,'',0,'','','2021-05-18 09:04:58','',0,0,0,1,17),(364,125,NULL,'Macos de Roscar-M12X1.0','Metalworks SKC110ETM','',0,0,0.0000,'',0,'','','2021-05-18 09:07:28','',0,0,0,1,17),(365,125,NULL,'Macos de Roscar-M12X1.25','Metalworks SKC110ETM','',0,0,0.0000,'',0,'','','2021-05-18 09:09:44','',0,0,0,1,17),(366,125,NULL,'Macos de Roscar-M12X1.5','Metalworks SKC110ETM','',0,0,0.0000,'',0,'','','2021-05-18 09:15:07','',0,0,0,1,17),(367,125,NULL,'Macos de Roscar-M12X1.75','Metalworks SKC110ETM','',0,0,0.0000,'',0,'','','2021-05-18 09:16:35','',0,0,0,1,17),(368,125,NULL,'Macos de Roscar-M18X1.5','Metalworks SKC110ETM','',0,0,0.0000,'',0,'','','2021-05-18 09:19:18','',0,0,0,1,17),(369,125,NULL,'Macos de Roscar-M2X0.4','Metalworks SKC110ETM','',0,0,0.0000,'',0,'','','2021-05-18 09:21:51','',0,0,0,1,17),(370,125,NULL,'Macos de Roscar-M3X0.5','Metalworks SKC110ETM','',0,0,0.0000,'',0,'','','2021-05-18 09:23:51','',0,0,0,1,17),(371,125,NULL,'Macos de Roscar-M6X0.75','Metalworks SKC110ETM','',0,0,0.0000,'',0,'','','2021-05-18 09:25:42','',0,0,0,1,17),(372,125,NULL,'Macos de Roscar-M6X1.0','Metalworks SKC110ETM','',0,0,0.0000,'',0,'','','2021-05-18 09:26:39','',0,0,0,1,17),(373,125,NULL,'Macos de Roscar-M8X0.75','Metalworks SKC110ETM','',0,0,0.0000,'',0,'','','2021-05-18 09:28:09','',0,0,0,1,17),(374,125,NULL,'Macos de Roscar-M9X0.75','Metalworks SKC110ETM','',0,0,0.0000,'',0,'','','2021-05-18 09:29:38','',0,0,0,1,17),(375,125,NULL,'Macos de Roscar-M9X1.0','Metalworks SKC110ETM','',0,0,0.0000,'',0,'','','2021-05-18 09:30:56','',0,0,0,1,17),(376,125,NULL,'Macos de Roscar-M10X1.0','Metalworks SKC110ETM','',0,0,0.0000,'',0,'','','2021-05-18 09:33:39','',0,0,0,1,17),(377,125,NULL,'Macos de Roscar-M11X0.75','Metalworks SKC110ETM','',0,0,0.0000,'',0,'','','2021-05-18 09:34:49','',0,0,0,1,17),(378,125,NULL,'Macos de Roscar-M11X1.0','Metalworks SKC110ETM','',0,0,0.0000,'',0,'','','2021-05-18 09:37:48','',0,0,0,1,17),(379,125,NULL,'Macos de Roscar-M5X0.8','Metalworks SKC110ETM','',0,0,0.0000,'',0,'','','2021-05-18 09:38:49','',0,0,0,1,17),(380,125,NULL,'Macos de Roscar-M4X0.75','Metalworks SKC110ETM','',0,0,0.0000,'',0,'','','2021-05-18 09:39:47','',0,0,0,1,17),(381,125,NULL,'Macos de Roscar-M7X0.75','Metalworks SKC110ETM','',0,0,0.0000,'',0,'','','2021-05-18 09:40:44','',0,0,0,1,17),(382,125,NULL,'Macos de Roscar-M8X1.25','Metalworks SKC110ETM','',0,0,0.0000,'',0,'','','2021-05-18 09:41:57','',0,0,0,1,17),(383,125,NULL,'Macos de Roscar-M8X1.0','Metalworks SKC110ETM','',0,0,0.0000,'',0,'','','2021-05-18 09:42:57','',0,0,0,1,17),(384,125,NULL,'Macos de Roscar-M10X0.75','Metalworks SKC110ETM','',0,0,0.0000,'',0,'','','2021-05-18 09:44:19','',0,0,0,1,17),(385,125,NULL,'Macos de Roscar-M9X1.25','Metalworks SKC110ETM','',0,0,0.0000,'',0,'','','2021-05-18 09:46:10','',0,0,0,1,17),(386,125,NULL,'Macos de Roscar-M10X1.25','Metalworks SKC110ETM','',0,0,0.0000,'',0,'','','2021-05-18 09:48:14','',0,0,0,1,17),(387,125,NULL,'Macos de Roscar-M10X1.5','Metalworks SKC110ETM','',0,0,0.0000,'',0,'','','2021-05-18 09:49:02','',0,0,0,1,17),(388,125,NULL,'Macos de Roscar-M14X2.0','Metalworks SKC110ETM','',0,0,0.0000,'',0,'','','2021-05-18 09:50:28','',0,0,0,1,17),(389,125,NULL,'Macos de Roscar-M14X1.5','Metalworks SKC110ETM','',0,0,0.0000,'',0,'','','2021-05-18 09:51:48','',0,0,0,1,17),(390,125,NULL,'Macos de Roscar-M14X1.0','Metalworks SKC110ETM','',0,0,0.0000,'',0,'','','2021-05-18 09:52:55','',0,0,0,1,17),(391,125,NULL,'Macos de Roscar-M16X1.0','Metalworks SKC110ETM','',0,0,0.0000,'',0,'','','2021-05-18 09:54:15','',0,0,0,1,17),(392,125,NULL,'Macos de Roscar-M16X1.5','Metalworks SKC110ETM','',0,0,0.0000,'',0,'','','2021-05-18 09:55:16','',0,0,0,1,17),(393,125,NULL,'Macos de Roscar-M16X2.0','Metalworks SKC110ETM','',0,0,0.0000,'',0,'','','2021-05-18 09:57:20','',0,0,0,1,17),(394,140,NULL,'I/O Connectors 24P Centronics fem vertical dip solder','NorComp-111-024-213L001','',5,0,2.1600,'',0,'','','2021-05-19 09:23:03','',0,0,0,1,19),(395,142,NULL,'Reguladores de Voltage LDO 800MA LDO ','LINARES REG','',23,0,0.9900,'',0,'','','2021-05-19 09:43:00','',0,0,0,1,20),(396,14,NULL,'Condensador cerámico multicapa MLCC-22nF, ±10%, 50V dc','Montaje en Superficie, X7R-Samsung Electro-Mechanics','',60,0,0.5600,'',0,'','','2021-05-19 12:37:39','',0,0,0,1,14),(397,128,NULL,' 56Ω 14W  5%','Yageo-Resistores de película gruesa','',0,0,0.0000,'',0,'','','2021-05-19 12:56:35','',0,0,0,1,14),(398,128,NULL,'220 Ω 1/4W 5%','','',0,0,0.0000,'',0,'','','2021-05-19 12:58:31','',0,0,0,1,9),(399,128,NULL,'220 Ω 1/4W 5%','','',0,0,0.0000,'',0,'','','2021-05-19 12:59:53','',0,0,0,1,9),(400,128,NULL,'220 Ω 1/4W 5%','','',0,0,0.0000,'',0,'','','2021-05-19 12:59:59','',0,0,0,1,9),(401,128,NULL,'220 Ω 1/4W 5%','','',0,0,0.0000,'',0,'','','2021-05-19 13:00:01','',0,0,0,1,9),(402,16,NULL,'Condensador UUX1E101MNL1GS, 100μF, ±20%, 25V dc,','Montaje en Superficie +105°C, Electrolítico, Serie UX','',1,0,0.0000,'',0,'','','2021-05-19 13:14:41','',0,0,0,1,14),(403,16,NULL,'10uF ±20% 16V 4mm 5.4mm 1000hrs 105℃ -40℃~+105℃ SMD,4x5.4mm','Aluminum Electrolytic Capacitors - SMD RoHS','',1,0,0.0000,'',0,'','','2021-05-19 13:22:41','',0,0,0,1,14),(404,16,NULL,'Cap Aluminum 22uF 16V ±20% Cylindrical 22mA 2000 hr 105°C','Multicomp','',1,0,0.0000,'',0,'','','2021-05-19 13:31:43','',0,0,0,1,14),(405,149,NULL,' SK 10v 2200uf 10x20mm electrolytic Capacitor 85°C','JAMICON','',200,0,10.9900,'',0,'','','2021-05-21 09:11:09','',0,0,0,1,22),(406,16,NULL,'Condensador cerámico multicapa MLCC-22nF, ±10%, 50V dc','Montaje en Superficie, X7R-Samsung Electro-Mechanics','',0,0,0.0000,'',0,'','','2021-05-21 09:47:13','',0,0,0,1,14),(407,16,NULL,'SMD, 100 µF, 25 V, VT, V-Chip Series','Condensador Electrolítico Aluminio SMD, Radial ','',27,0,0.1600,'',0,'','','2021-05-21 09:58:17','',0,0,0,1,22),(408,16,NULL,'Radial - SMD, 220 µF, 35 V, Serie CW, 7000 horas a 105°C','Condensador Electrolítico Aluminio SMD','',5,0,0.0000,'',0,'','','2021-05-21 10:16:28','',0,0,0,1,22),(409,16,NULL,'SMD, 10 µF, 16 V','Condensador Electrolítico Aluminio SMD','',40,0,0.0000,'',0,'','','2021-05-21 11:05:00','',0,0,0,1,22),(410,16,NULL,'SMD, 1054 µF, 50 V','Condensador Electrolítico Aluminio SMD','',50,0,0.0000,'',0,'','','2021-05-21 11:10:44','',0,0,0,1,22),(411,16,NULL,'SMD, 4.70 µF, 50 V','Condensador Electrolítico Aluminio SMD','',18,0,0.0000,'',0,'','','2021-05-21 11:15:38','',0,0,0,1,22),(412,16,NULL,'SMD, 3.25 µF, 35 V','Condensador Electrolítico Aluminio SMD','',45,0,0.0000,'',0,'','','2021-05-21 11:20:19','',0,0,0,1,22),(413,16,NULL,'SMD, 146 µF ','Condensador Electrolítico Aluminio SMD','',10,0,0.0000,'',0,'','','2021-05-21 11:25:30','',0,0,0,1,22),(414,16,NULL,'Cap Aluminum 1056 nF','Multicomp','',0,0,0.0000,'',0,'','','2021-05-21 11:31:55','',0,0,0,1,22),(415,121,NULL,'SMD 	47 µF ','Condensador de tantalio SMD','',10,0,0.0000,'',0,'','','2021-05-21 12:14:19','',0,0,0,1,22),(416,121,NULL,'SMD 68 µF ','Condensador de tantalio','',10,0,0.0000,'',0,'','','2021-05-21 12:16:16','',0,0,0,1,22),(417,121,NULL,'SMD 150 µF ','Condensador de tantalio','',20,0,0.0000,'',0,'','','2021-05-21 12:18:37','',0,0,0,1,22),(418,135,NULL,'100Ω   0.125 W   ?%','Resistencia SMD de Tipo Chip, Película Gruesa','',0,0,0.0000,'',0,'','','2021-05-21 12:37:55','',0,0,0,1,22),(419,150,NULL,'clavija soldadura hembra tuerca borde PCB Clip montaje recto, 1,6mm','oro plateado RF conector soldadura de receptáculo','',20,0,1.0600,'',0,'','','2021-05-24 09:35:47','',0,0,0,1,23),(420,150,NULL,'Conector SMA a SMA N BNC UHF RPSMA SO239 PL259 macho hembra','adaptador recto RF convertidor','',9,0,0.4489,'',0,'','','2021-05-24 09:59:33','',0,0,0,1,23),(421,150,NULL,'Conector SMA a SMA macho hembra RP SMA a SMA macho RPSMA','convertidor de adaptador RF de 3 vías de ángulo recto','',11,0,0.5500,'',0,'','','2021-05-24 10:05:24','',0,0,0,1,23),(422,150,NULL,'Conector SMA a SMA N BNC UHF RPSMA SO239 PL259 macho hembra ','adaptador recto RF convertidor Plateado ','',4,0,0.0000,'',0,'','','2021-05-24 10:10:32','',0,0,0,1,23),(423,150,NULL,'Conector macho TV antena coaxial ','','',5,0,6.9900,'',0,'','','2021-05-24 10:24:17','',0,0,0,1,23),(424,150,NULL,'Conector Macho diámetro 9,5mm','Televés F4312300 C','',1,0,0.5700,'',0,'','','2021-05-24 10:27:43','',0,0,0,1,23),(425,150,NULL,'Conector hembra TV antena coaxial','','',3,0,0.9900,'',0,'','','2021-05-24 10:31:22','',0,0,0,1,23),(426,150,NULL,'Adaptador de conector de cable de ángulo recto de antena de TV macho a hembra','','',1,0,0.0000,'',0,'','','2021-05-24 10:38:52','',0,0,0,1,23),(427,150,NULL,'CONECTOR F  MACHO PARA CABLE CXT 5MM ','TELEVES','',1,0,0.4700,'',0,'','','2021-05-24 10:45:16','',0,0,0,1,23),(428,150,NULL,'EMPALMADOR DE CABLES COAXIALES CON CONECTORES F','TELEVES','',2,0,0.0000,'',0,'','','2021-05-24 10:47:12','',0,0,0,1,23),(429,150,NULL,'F Hembra a RCA Hembra ','Adaptador Tuerca y Arandela Tipo','',1,0,0.6300,'',0,'','','2021-05-24 10:57:29','',0,0,0,1,23),(430,151,NULL,'Adaptador de toma de banana BNC a 4mm',' macho a macho, hembra, Coaxial, 4mm, convertidor de conector BNC','',3,0,1.4200,'',0,'','','2021-05-24 11:46:03','',0,0,0,1,24),(431,151,NULL,'Conector banana doble a adaptador hembra BNC','','',6,0,24.6100,'',0,'','','2021-05-24 11:49:16','',0,0,0,1,24),(432,151,NULL,'BNC macho enchufe a F hembra Jack adaptador  Coax Cable conector acoplador CCTV Cámara','','',2,0,0.0000,'',0,'','','2021-05-24 12:06:02','',0,0,0,1,24),(433,151,NULL,'BNC Connector','','',12,0,0.0000,'',0,'','','2021-05-24 12:10:17','',0,0,0,1,24),(434,151,NULL,'Adaptador BNC a RCA, Adaptador RCA Macho a BNC Macho','','',2,0,2.4800,'',0,'','','2021-05-24 12:24:05','',0,0,0,1,24),(435,151,NULL,' Adaptador RCA BNC BNC / RCA Macho','','',6,0,6.3800,'',0,'','','2021-05-24 12:32:35','',0,0,0,1,24),(436,151,NULL,'Conector Prolongador Doble RF Coaxial Tipo BNC Hembra CCTV, Antena, TV','','',6,0,1.5100,'',0,'','','2021-05-24 12:51:48','',0,0,0,1,24),(437,151,NULL,'Conector tipo T triple BNC hembra para cable coaxial RG59/RG6','','',10,0,0.0000,'',0,'','','2021-05-24 13:33:20','',0,0,0,1,24),(438,151,NULL,'Derivador T BNC macho a dos BNC hembra','','',1,0,0.4900,'',0,'','','2021-05-24 13:37:36','',0,0,0,1,24),(439,151,NULL,'Conector triple BNC macho para coaxial RG59 / RG6','TTRG14','',1,0,0.5000,'',0,'','','2021-05-24 13:39:50','',0,0,0,1,24),(440,151,NULL,'conector BNC hembra de ángulo recto para chasis','montaje PCB, conector hembra BNC de 50 Ohm, enchufe de montaje de Panel, adaptador para cámara CCTV','',13,0,0.0000,'',0,'','','2021-05-24 13:46:46','',0,0,0,1,24),(441,151,NULL,'BNC conector hembra ángulo recto 4 pines PC','PCB Panel montaje BNC hembra conector soldadura central chasis adaptador','',3,0,0.0000,'',0,'','','2021-05-24 13:51:26','',0,0,0,1,24),(442,154,NULL,' Conector USB tipo B hembra ','Para montaje en orificio pasante en ángulo recto 30 V CA 1,5 A 1 puerto','',12,0,0.7250,'',0,'','','2021-05-25 09:22:47','',0,0,0,1,25),(443,154,NULL,'Conector USB-A Macho de 4 pin',' para PCB de Ordenadores y dispositivos compatibles','',16,0,0.1125,'',0,'','','2021-05-25 09:37:17','',0,0,0,1,25),(444,154,NULL,'Adaptador USB 3.0 A macho A ángulo hembra','Adaptador compacto que en un extremo tiene conector USB 3.0 tipo A macho','',9,0,2.9200,'',0,'','','2021-05-25 09:59:34','',0,0,0,1,25),(445,155,NULL,'Conector jack estéreo Macho, Estéreo 6.35 mm','','',11,0,1.5200,'',0,'','','2021-05-25 10:43:18','',0,0,0,1,27),(446,155,NULL,'Jack macho estéreo 6.35 mm','','',2,0,0.4500,'',0,'','','2021-05-25 10:46:15','',0,0,0,1,27),(447,155,NULL,'Conector Jack Macho 2,5mm','Estereo Plástico','',12,0,0.3900,'',0,'','','2021-05-25 10:50:25','',0,0,0,1,27),(448,16,NULL,' SMD 10V 100uF 20% AEC-Q200','Aluminium Electrolytic Capacitors','',0,0,0.0000,'',0,'','','2021-05-25 11:22:53','',0,0,0,1,22),(449,135,NULL,'220Ω 1/8 W 1%','Yageo - RC0805FR-07220RL','',0,0,0.0000,'',0,'','','2021-05-25 11:46:23','',0,0,0,1,28),(450,12,NULL,'Condensador de Cerámica Multicapa, 0.1 µF, 25 V, 0603','KEMET - 	C0603C104Z3VACTU','',0,0,0.0000,'',0,'','','2021-05-25 12:10:12','',0,0,0,1,8),(451,128,NULL,'47 Ω 1/4W 1%','CRG1206F47R','',0,0,0.0000,'',0,'','','2021-05-25 13:28:46','',0,0,0,1,28),(452,128,NULL,'22 Ω 1/4W 1%','CRG1206F22R','',0,0,0.0000,'',0,'','','2021-05-25 13:31:21','',0,0,0,1,28),(453,12,NULL,'Condensador cerámico multicapa 100nF','SMD C1206C104K1RACTU','',0,0,0.0000,'',0,'','','2021-05-25 13:33:48','',0,0,0,1,28),(454,155,NULL,'Jack Macho 2,5mm','','',13,0,0.3800,'',0,'','','2021-05-25 13:46:32','',0,0,0,1,27),(455,155,NULL,'Conector Jack Mach','','',7,0,0.7400,'',0,'','','2021-05-25 13:51:02','',0,0,0,1,27),(456,155,NULL,'Conector RCA macho de color','','',15,0,0.2300,'',0,'','','2021-05-25 13:56:25','',0,0,0,1,27),(457,155,NULL,'CONECTOR DIN MACHO  8 PIN','','',4,0,0.7900,'',0,'','','2021-05-25 14:02:44','',0,0,0,1,27),(458,155,NULL,'ADAPTADOR 2 RCA HEMBRA A JACK MACHO 6.35 ST','','',2,0,1.5000,'',0,'','','2021-05-25 14:06:11','',0,0,0,1,27),(459,155,NULL,'Adaptador 2x RCA hembra / Jack 3.5 mm macho','','',5,0,2.2500,'',0,'','','2021-05-25 14:10:21','',0,0,0,1,27),(460,156,NULL,'Conector PL Macho Para RG-58','','',8,0,1.2225,'',0,'','','2021-05-26 08:48:21','',0,0,0,1,30),(461,156,NULL,'Conectores N hembra soldable','','',1,0,0.0000,'',0,'','','2021-05-26 08:58:15','',0,0,0,1,30),(462,156,NULL,'Conector PL HEMBRA para chasis ','fijación 4 tornillos','',4,0,0.0000,'',0,'','','2021-05-26 09:08:07','',0,0,0,1,30),(463,156,NULL,'Copla de unión PL Hembra a PL Hembra','','',1,0,3.7000,'',0,'','','2021-05-26 09:15:14','',0,0,0,1,30),(464,156,NULL,'Conector F doble hembra con tuerca','','',2,0,0.2000,'',0,'','','2021-05-26 09:17:52','',0,0,0,1,30),(465,156,NULL,' Conector N Macho Crimpeable para RG58','','',4,0,5.1500,'',0,'','','2021-05-26 09:40:29','',0,0,0,1,30),(466,157,NULL,'Conector N Macho para cable','','',3,0,7.9500,'',0,'','','2021-05-26 09:57:14','',0,0,0,1,29),(467,157,NULL,'Adaptador N macho a BNC','Adaptador RF, conector coaxial, convertidor de antena','',4,0,1.2900,'',0,'','','2021-05-26 10:04:26','',0,0,0,1,29),(468,157,NULL,'CONECTOR N MACHO ','PARA CABLE RF400 / LMR400 / RG213 / RG8','',8,0,10.8500,'',0,'','','2021-05-26 10:07:31','',0,0,0,1,29),(469,157,NULL,'Conector N Macho A SO-239 (PL-259 Hembra)','','',2,0,4.8200,'',0,'','','2021-05-26 10:14:37','',0,0,0,1,29),(470,157,NULL,'Conector N macho de crimpar','','',2,0,0.0000,'',0,'','','2021-05-26 10:18:55','',0,0,0,1,29),(471,157,NULL,'CONECTOR N HEMBRA PANEL','','',1,0,4.1000,'',0,'','','2021-05-26 10:27:04','',0,0,0,1,29),(472,158,NULL,'RACORES RECTOS CILÍNDRICOS PARA TUBO TECALAN','','',5,0,0.0000,'',0,'','','2021-05-26 10:40:45','',0,0,0,1,31),(473,158,NULL,'CONECTORES PARA FLUIDOS','','',1,0,0.0000,'',0,'','','2021-05-26 10:49:20','',0,0,0,1,31),(474,160,NULL,'SIM800L GPRS GSM tarjeta Micro ','SIM placa núcleo cuádruple banda TTL puerto serie','',20,0,0.6435,'',0,'','','2021-05-26 11:03:28','',0,0,0,1,32),(475,160,NULL,'M590 GSM GPRS SMD DIY Kit','','',9,0,6.9500,'',0,'','','2021-05-26 11:14:39','',0,0,0,1,32),(476,152,NULL,'RJ 45 MACHO','','',80,0,0.0000,'',0,'','','2021-05-26 11:21:23','',0,0,0,1,30),(477,160,NULL,'Antena de placa de circuito integrada GSM/GPRS/3G','1,13 líneas, 15cm de largo, conector IPEX (3DBI), PCB, Antena pequeña para Sim800 Sim908 Sim900','',6,0,0.1800,'',0,'','','2021-05-26 11:22:44','',0,0,0,1,32),(478,160,NULL,'IPX IPEX u fl Jack Cable RF 1,13 ','puente de mm soldadura-adaptador conector 10cm 15cm 20cm 30cm de longitud','',6,0,0.1800,'',0,'','','2021-05-26 11:27:24','',0,0,0,1,32),(479,152,NULL,'RJ 45 HEMBRA','','',34,0,0.0000,'',0,'','','2021-05-26 11:34:52','',0,0,0,1,30),(480,153,NULL,'RJ 11 MACHO','','',41,0,0.0000,'',0,'','','2021-05-26 11:38:41','',0,0,0,1,30),(481,153,NULL,'RJ 11 HEMBRA','','',17,0,0.0000,'',0,'','','2021-05-26 11:39:06','',0,0,0,1,30),(482,78,NULL,'Juego de fusibles',' Littelfuse Automoción','',0,0,0.0000,'',0,'','','2021-05-27 09:27:04','',0,0,0,1,34),(483,162,NULL,'xlr 5 pines','','',3,0,0.0000,'',0,'','','2021-05-27 10:23:28','',0,0,0,1,30),(484,163,NULL,'conector coaxial','','',1,0,0.0000,'',0,'','','2021-05-27 10:28:00','',0,0,0,1,30),(485,165,NULL,'RCA','','',1,0,0.0000,'',0,'','','2021-05-27 10:42:35','',0,0,0,1,30),(486,164,NULL,'20Ω  2%','','',150,0,0.0000,'',0,'','','2021-05-27 10:44:11','',0,0,0,1,35),(488,166,NULL,'pines simples','','',1,0,0.0000,'',0,'','','2021-05-27 10:48:06','',0,0,0,1,30),(489,164,NULL,'56KΩ  2%','','',2000,0,0.0000,'',0,'','','2021-05-27 10:54:58','',0,0,0,1,35),(490,164,NULL,'1.2MΩ  5%','','',100,0,0.0000,'',0,'','','2021-05-27 11:01:02','',0,0,0,1,35),(491,164,NULL,'27 KΩ  2%','','',100,0,0.0000,'',0,'','','2021-05-27 11:04:34','',0,0,0,1,35),(492,164,NULL,'22 KΩ  10%','','',2000,0,0.0000,'',0,'','','2021-05-27 11:09:07','',0,0,0,1,35),(493,167,NULL,'Relés de estado sólido','S1C - 215MD','',15,0,15.0880,'',0,'','','2021-05-27 11:47:50','',0,0,0,1,35),(494,169,NULL,' Microcontrolador24pi AT89C52 ATMEL 8 bit ','','',4,0,4.2100,'',0,'','','2021-05-27 12:16:44','',0,0,0,1,35),(495,170,NULL,'Microcontrolador Microchip-PIC17C756A-33/L ','','',5,0,3.9900,'',0,'','','2021-05-27 12:35:05','',0,0,0,1,35),(497,172,NULL,'Resistencia dependiente de la luz ','','',17,0,1.1900,'',0,'','','2021-05-27 12:51:17','',0,0,0,1,35),(498,170,NULL,'Microcontrolador - PIC18F47K40-I / PT','','',2,0,7.5000,'',0,'','','2021-05-27 13:10:41','',0,0,0,1,35),(499,170,NULL,'Microchip PIC16F877A-I/P Microcontrolador','','',4,0,7.4300,'',0,'','','2021-05-27 13:18:02','',0,0,0,1,35),(500,170,NULL,'microchip pic13F452-1/p','','',1,0,2.0300,'',0,'','','2021-05-27 13:27:05','',0,0,0,1,35),(501,170,NULL,'Microchip PIC18F452-I / P, microcontrolador ','','',1,0,7.6000,'',0,'','','2021-05-27 13:32:24','',0,0,0,1,35),(502,170,NULL,'Controladores de Ethernet ENC28J60-I/SP','','',2,0,3.4100,'',0,'','','2021-05-27 13:39:10','',0,0,0,1,35),(503,170,NULL,'EEPROM SERIE 24LC512-I / SMG','','',3,0,1.5500,'',0,'','','2021-05-27 13:45:37','',0,0,0,1,35),(504,170,NULL,' Microcontroladores PIC16LF877-04 / P','','',1,0,7.1600,'',0,'','','2021-05-27 13:51:22','',0,0,0,1,35),(505,170,NULL,'Microcontrolador serie PIC16LF876A-I / SP','','',2,0,4.2800,'',0,'','','2021-05-27 14:02:00','',0,0,0,1,35),(506,170,NULL,'Decodificador HCS512','','',1,0,0.0000,'',0,'','','2021-05-27 14:08:07','',0,0,0,1,35),(507,170,NULL,'codificador HCS201','','',2,0,1.5400,'',0,'','','2021-05-27 14:11:47','',0,0,0,1,35),(508,173,NULL,'MAX505ACNG','','',1,0,0.0000,'',0,'','','2021-05-27 14:19:52','',0,0,0,1,35),(509,173,NULL,'MAX483 CPA 962','','',2,0,0.0000,'',0,'','','2021-05-27 14:23:47','',0,0,0,1,35),(510,170,NULL,'Expansor MCP23S17-E/SP','','',7,0,1.5500,'',0,'','','2021-05-28 08:57:39','',0,0,0,1,35),(511,122,NULL,'Transistores bipolares - BJT','','',3,0,0.3100,'',0,'','','2021-05-28 09:06:04','',0,0,0,1,35),(512,133,NULL,'DISPLAY 7 SEGMENTOS LED ROJO CÁTODO COMÚN','','',9,0,0.0000,'',0,'','','2021-05-28 09:15:42','',0,0,0,1,35),(513,176,NULL,'Mini Sistema de células solares','','',8,0,2.6775,'',0,'','','2021-05-28 09:46:45','',0,0,0,1,35),(514,141,NULL,'Controladores y controladores de motor ','STMicroelectronics','',1,0,4.5800,'',0,'','','2021-05-28 10:06:15','',0,0,0,1,35),(515,132,NULL,'Diodos - Propósito general','Diodos - Propósito general','',7,0,0.1400,'',0,'','','2021-05-28 10:10:41','',0,0,0,1,35),(516,79,NULL,'Soportes de batería de tipo botón EZ BDWR, SMT COIN CELL HOLDER CR2032','Harwin','',12,0,1.1500,'',0,'','','2021-05-28 10:17:02','',0,0,0,1,35),(517,56,NULL,'Conectores de tarjetas de memoria','Soportes de batería','',2,0,1.6300,'',0,'','','2021-05-28 10:21:56','',0,0,0,1,35),(518,141,NULL,'Circuitos integrados de conmutador USB','EN Semiconductor','',3,0,0.5100,'',0,'','','2021-05-28 10:29:11','',0,0,0,1,35),(520,16,NULL,'Capacitores electrolíticos de aluminio - SMD','Wurth Elektroni','',12,0,0.0000,'',0,'','','2021-05-28 10:43:35','',0,0,0,1,35),(521,12,NULL,'Multilayer Ceramic Capacitors MLCC','Wurth Elektronik','',20,0,0.0900,'',0,'','','2021-05-28 11:02:00','',0,0,0,1,35),(522,130,NULL,'Resistores de película gruesa ','Vishay','',15,0,0.1400,'',0,'','','2021-05-28 11:07:30','',0,0,0,1,35),(523,175,NULL,'Clock Oscillators SMD ','HCMOS 25MHz 25ppm','',7,0,11.0700,'',0,'','','2021-05-28 11:16:52','',0,0,0,1,35),(524,177,NULL,'QFP Procesadores / microcontroladores','SMSC','',6,0,2.2400,'',0,'','','2021-05-28 11:24:40','',0,0,0,1,35),(525,133,NULL,'Fotointerruptor Reflexivo, Fototransistor, Orificio Pasante, 5 mm, 50 mA, 5 Vr, 1.25 Vf','VISHAY','',11,0,1.2100,'',0,'','','2021-05-28 11:34:37','',0,0,0,1,35),(526,149,NULL,'Capacitores electrolíticos de aluminio  50V   0.47nF ','con terminales radiales','',70,0,0.5600,'',0,'','','2021-05-28 12:32:09','',0,0,0,1,35),(527,149,NULL,'Capacitores electrolíticos de aluminio  63V   10uF ','con terminales radiales','',20,0,0.5600,'',0,'','','2021-05-28 12:34:33','',0,0,0,1,35),(528,12,NULL,'CONDENSADOR CERAMICO ALTA TENSION','','',55,0,0.6500,'',0,'','','2021-05-28 12:48:42','',0,0,0,1,35),(529,12,NULL,' Condensadores Cerámicos de Disco y Placa','','',120,0,0.2600,'',0,'','','2021-05-28 12:56:00','',0,0,0,1,35),(530,178,NULL,'Condensador de película no polar EPCOS','','',55,0,0.6364,'',0,'','','2021-05-28 13:15:49','',0,0,0,1,35),(531,12,NULL,'Condensador cerámico multicapa MLCC 270 - 5% PF','','',75,0,0.0600,'',0,'','','2021-05-28 13:25:06','',0,0,0,1,35),(532,149,NULL,'Condensador electrolítico 10v 470U     ','','',48,0,0.0000,'',0,'','','2021-05-28 13:40:59','',0,0,0,1,35),(533,140,NULL,'Cabezal de pines','Molex serie C-Grid III Cable a Placa, Ángulo de 90° 40 pines 2 filas paso 2.54mm 6.75mm, Terminación','',4,0,0.0000,'',0,'','','2021-05-31 08:50:19','',0,0,0,1,19),(534,140,NULL,'Conector hembra IDC de 40 vías para montaje de cable, 2 filas','ASSMANN WSW ','',5,0,0.7300,'',0,'','','2021-05-31 08:59:04','',0,0,0,1,19),(535,140,NULL,'MC 1.5 / 5-G-3.81, 5 vías, 1 fila, cabezal de PCB en ángulo recto','Contacto Phoenix','',8,0,0.9550,'',0,'','','2021-05-31 09:17:44','',0,0,0,1,19),(536,170,NULL,'microcontrolador PIC de 8 bits, PIC18F, 40 MHz, 32 kB, flash de 256 B, TQFP de 44 pines','Microchip','',4,0,5.2300,'',0,'','','2021-05-31 09:52:47','',0,0,0,1,35),(537,179,NULL,'Transceptor multiprotocolo de 28 pines, FT232RL','','',4,0,4.3300,'',0,'','','2021-05-31 10:04:03','',0,0,0,1,35),(538,170,NULL,' microcontrolador AVR de 8 bits, ATmega, 20 MHz, flash de 8 kB, PDIP de 28 pines','Microchip - ATMEGA88P-20PU','',1,0,2.8500,'',0,'','','2021-05-31 10:10:40','',0,0,0,1,35),(539,180,NULL,'amplificador de instrumentación, compensación de 0,1 mV','','',2,0,31.3600,'',0,'','','2021-05-31 10:23:34','',0,0,0,1,35),(540,180,NULL,'amplificador operacional, 600 kHz, SOIC de 8 pines','','',20,0,0.1633,'',0,'','','2021-05-31 10:37:42','',0,0,0,1,35),(541,136,NULL,'MOSFET dual de canal N / P, 5,4 A, 8 A, 30 V','SOIC ST de 8 pinesMicroelectronics STS8C5H30L','',10,0,1.1700,'',0,'','','2021-05-31 11:17:54','',0,0,0,1,11),(542,120,NULL,'Transistor digital PEMD3,115 Dual NPN + PNP, 50 V, SSMini de 6 pines','Nexperia ','',20,0,0.2500,'',0,'','','2021-05-31 11:26:56','',0,0,0,1,4),(543,120,NULL,'Transistor NPN, 100 mA, 45 V, 3 pines TO-92','ON Semiconductor','',30,0,0.3100,'',0,'','','2021-05-31 11:48:18','',0,0,0,1,4),(544,136,NULL,'Controlador de potencia MOSFET dual de lado alto y bajo, 1.5A 8 pines, SOIC','ON Semiconductor MC33151DR2G','',0,0,0.0000,'',0,'','','2021-05-31 12:02:39','',0,0,0,1,11),(545,136,NULL,'Dual N-Channel MOSFET, 5 A, 60 V, 8-Pin SOIC Diodes Inc ZXMN6A25DN8TA','DiodesZetex','',5,0,1.2700,'',0,'','','2021-05-31 12:23:26','',0,0,0,1,11),(546,180,NULL,'amplificador operacional, 22 MHz, SOIC de 8 pines','OPA827AID Texas Instruments','',4,0,0.0000,'',0,'','','2021-05-31 12:32:09','',0,0,0,1,35),(547,180,NULL,'amplificador operacional, 3.9GHz, SOIC de 8 pines','OPA847ID Texas Instruments','',13,0,1.9631,'',0,'','','2021-05-31 12:35:40','',0,0,0,1,35),(548,120,NULL,'Transistor NPN, 200 mA, 40 V, 3 pines SOT-23','Nexperia MMBT3904,215','',25,0,0.0600,'',0,'','','2021-05-31 12:40:53','',0,0,0,1,11),(549,170,NULL,'amplificador operacional, RRIO, 2 MHz, 2 → 6 V, MSOP de 8 pines','MCP6L71T-E / MS Microchip','',10,0,1.0000,'',0,'','','2021-05-31 13:16:19','',0,0,0,1,35),(550,120,NULL,'TRANSISTOR DE RF,NPN, 2.3V','','',6,0,0.0000,'',0,'','','2021-05-31 13:25:00','',0,0,0,1,4),(551,180,NULL,' amplificadores, 1 MHz, 1 V / µs, 2.7V a 5.5V, MSOP, 8 pines','Amplificador operacional','',0,0,0.0000,'',0,'','','2021-05-31 13:33:28','',0,0,0,1,35),(552,119,NULL,'transistor Optoacoplador doble, orificio pasante, PDIP de 8 pines','Toshiba, TLP504A (F)','',2,0,1.8900,'',0,'','','2021-05-31 13:41:11','',0,0,0,1,4),(553,44,NULL,'Conector de Pines, Vertical, Señal, 1.25 mm, 1 Filas, 2 Contactos, Montaje Pasante Recto','MOLEX - 53047-0210','',9,0,0.1900,'',0,'','','2021-05-31 13:49:17','',0,0,0,1,13),(554,44,NULL,'CONECTOR MACHO RECTO 6 PIN','','',4,0,0.1800,'',0,'','','2021-05-31 13:55:20','',0,0,0,1,13),(555,180,NULL,'Referencia de voltaje en serie, fijo, 2.5V a 3.3V',' Instrumentos Texas - 661-9455','',5,0,2.5900,'',0,'','','2021-05-31 14:08:07','',0,0,0,1,35),(556,61,NULL,'Regleta macho doble. Terminales rectos','ELECTRO DH','',50,0,0.0000,'',0,'','','2021-06-07 08:38:37','',0,0,0,1,36),(557,61,NULL,'Tira de pines Macho','','',10,0,0.1000,'',0,'','','2021-06-07 08:55:22','',0,0,0,1,36),(558,61,NULL,'Regleta hembra doble','','',30,0,1.9700,'',0,'','','2021-06-07 09:08:54','',0,0,0,1,37),(559,61,NULL,'Regleta hembra doble Mini ','','',8,0,0.0000,'',0,'','','2021-06-07 09:22:52','',0,0,0,1,37),(560,79,NULL,'Batería Ingenico F26401652, 1800mAh','subtel','',1,0,8.9500,'',0,'','','2021-06-07 09:30:41','',0,0,0,1,38),(561,79,NULL,'Batería Recargable, 3.75 V','ENIX ENERGIES','',1,0,7.8200,'',0,'','','2021-06-07 09:38:37','',0,0,0,1,38),(562,79,NULL,'Bateria C11-ME370T Tablet Google ','ASUS Nexus 7 1.a generación 3.75V 4325mAh','',1,0,9.9500,'',0,'','','2021-06-07 09:42:30','',0,0,0,1,38),(563,79,NULL,'BATERIA LIPO 3.7V 250mA PROTEGIDA','','',1,0,5.2700,'',0,'','','2021-06-07 09:48:45','',0,0,0,1,38),(564,79,NULL,'BATERIA LIPO 3.7V 250mA PROTEGIDA','','',0,0,0.0000,'',0,'','','2021-06-07 09:50:23','',0,0,0,1,38),(565,79,NULL,'Bateria original BL-4U','Nokia 1000mah 3.7v 3.7wh','',1,0,6.9900,'',0,'','','2021-06-07 09:58:36','',0,0,0,1,38),(566,79,NULL,'Módulo de fuente de alimentación ajustable ','Anmbest MT3608','',1,0,0.0000,'',0,'','','2021-06-07 10:05:54','',0,0,0,1,38),(567,182,NULL,'HILO DE RETENCIÓN COBRE ESTAÑADO',' ROHS HR-08/10 HILO RETENCION - Sección 8 décimas (0,50 mm2)','',2,0,1.7500,'',0,'','','2021-06-07 10:39:36','',0,0,0,1,39),(568,182,NULL,'HILO DE RETENCIÓN COBRE PLATEADO','ROHS HILO RETENCION PLATEADO SECCION 1 mm','',2,0,1.7600,'',0,'','','2021-06-07 10:48:24','',0,0,0,1,40),(569,182,NULL,'HILO DE RETENCIÓN COBRE PLATEADO',' ROHS MAR H RETEN PLAT 20/10','',3,0,1.2367,'',0,'','','2021-06-07 10:51:30','',0,0,0,1,41),(570,183,NULL,'Espaciador redondo','115 ID, .250 DE, .438 Longitud, Natural, Nylon, Tornillo n. ° 4','',30,0,0.3400,'',0,'','','2021-06-07 11:28:10','',0,0,0,1,42),(571,183,NULL,'Espaciador, redondo, zinc negro, latón, tornillo','','',20,0,0.0000,'',0,'','','2021-06-07 11:36:42','',0,0,0,1,42),(572,183,NULL,'Separadores macho-hembra','','',50,0,0.0000,'',0,'','','2021-06-07 12:25:40','',0,0,0,1,42),(573,183,NULL,'Tuercas insertables','','',40,0,0.0000,'',0,'','','2021-06-07 12:38:31','',0,0,0,1,42),(574,183,NULL,'Tuercas remachables','','',50,0,0.0000,'',0,'','','2021-06-07 12:48:06','',0,0,0,1,42),(575,59,NULL,'Regletas de terminales PCB','paso2.54mm 3 Contacto Recta Bloque de terminales PCB','',10,0,1.4100,'',0,'','','2021-06-07 12:59:28','',0,0,0,1,43),(576,59,NULL,'terminales enchufables conector KF2EDGKR 5,08, estilo de buje 6 Pines','Terminal de tornillo del perno','',2,0,0.0000,'',0,'','','2021-06-07 13:08:42','',0,0,0,1,43),(577,59,NULL,' terminales de circuito impreso HT5.08, HT5.08, Conector recto 10 pines','tipo de enchufe, 300V, 10A, 5,08mm','',1,0,0.0000,'',0,'','','2021-06-07 13:13:23','',0,0,0,1,43),(578,59,NULL,'terminal PCB, paso5mm 3 Contacto Macho Recta','','',20,0,4.1800,'',0,'','','2021-06-07 13:23:47','',0,0,0,1,43),(579,59,NULL,'terminal PCB, paso5mm 2 Contacto Macho Recta','','',0,0,0.0000,'',0,'','','2021-06-07 13:26:30','',0,0,0,1,43),(580,184,NULL,'Ficha de empalme 10 contactos Sección 16mm','ELECTRO DH','',1,0,4.5700,'',0,'','','2021-06-07 13:46:56','',0,0,0,1,44),(581,184,NULL,'Regleta de bornes PP 380 V 4 mm²','RS Pro Terminal Strip, recto, 12 vías, 2 filas, centros de fijación de 10 mm, 24 A, 380 V, longitud de 116,5 mm, negro','',2,0,4.1000,'',0,'','','2021-06-07 13:51:12','',0,0,0,1,44),(582,184,NULL,'Terminal Strip PP 450 V 0.75, 6 mm²','MIARCO','',1,0,0.0000,'',0,'','','2021-06-07 13:57:09','',0,0,0,1,44),(583,184,NULL,'Regleta de 16 mm, 12 polos','','',1,0,1.4900,'',0,'','','2021-06-07 14:18:07','',0,0,0,1,44),(584,184,NULL,'Regleta de 16 mm, 2 polos','','',2,0,0.0000,'',0,'','','2021-06-07 14:23:57','',0,0,0,1,44),(586,182,NULL,'RRP-P-105: Cableado en forma de lápiz','Esmalte soldable (aislado) de 0,15 mm de diámetro. Color rosa','',6,0,0.0000,'',0,'','','2021-06-07 14:33:27','',0,0,0,1,45),(587,182,NULL,'Cobre Estañado -  0,25 mm','MULTICOMP PRO','',0,0,0.0000,'',0,'','','2021-06-07 14:43:49','',0,0,0,1,45),(588,182,NULL,'RRP-P-105: Cableado en forma de lápiz','Esmalte soldable (aislado) de 0,15 mm de diámetro. Color verde','',4,0,10.0000,'',0,'','','2021-06-07 14:46:25','',0,0,0,1,45),(589,185,NULL,'DIODO LED 3.5MM BLANCO','','',0,0,0.0000,'',0,'','','2021-06-08 09:25:20','',0,0,0,1,47),(590,185,NULL,'DIODO LED 3.5MM ROJO','','',0,0,0.0000,'',0,'','','2021-06-08 09:28:48','',0,0,0,1,47),(591,185,NULL,'DIODO LED 3.5MM VERDE','','',0,0,0.0000,'',0,'','','2021-06-08 09:35:58','',0,0,0,1,47),(592,185,NULL,'DIODO LED 3.5MM AMARILLO','','',0,0,0.0000,'',0,'','','2021-06-08 09:38:08','',0,0,0,1,47),(593,185,NULL,'DIODO LED 3.5MM AZUL','','',0,0,0.0000,'',0,'','','2021-06-08 09:39:45','',0,0,0,1,47),(594,185,NULL,'DIODO LED 3.5MM NARANJA','','',0,0,0.0000,'',0,'','','2021-06-08 09:42:20','',0,0,0,1,47),(599,186,NULL,'Led Infrarrojo 5mm negro','','',6,0,0.3400,'',0,'','','2021-06-08 10:10:22','',0,0,0,1,47),(600,186,NULL,'Led Infrarrojo 3MM morado','','',0,0,0.0000,'',0,'','','2021-06-08 10:14:31','',0,0,0,1,47),(601,187,NULL,'DIODO LED 5MM BLANCO','','',7,0,0.0000,'',0,'','','2021-06-08 10:28:39','',0,0,0,1,47),(602,187,NULL,'LED Naranja 5mm. Cilíndrico','','',4,0,0.0000,'',0,'','','2021-06-08 10:30:01','',0,0,0,1,47),(603,188,NULL,'DIODO LED 10MM AMARILLO','','',2,0,0.0000,'',0,'','','2021-06-08 10:31:09','',0,0,0,1,47),(604,188,NULL,'DIODO LED 10MM ROJO ','','',3,0,0.0000,'',0,'','','2021-06-08 10:32:10','',0,0,0,1,47),(605,189,NULL,'Led de 8mm en ROJO ','','',6,0,0.0000,'',0,'','','2021-06-08 10:39:46','',0,0,0,1,48),(606,189,NULL,'Led de 8mm en verde','','',2,0,0.0000,'',0,'','','2021-06-08 10:40:52','',0,0,0,1,48),(607,187,NULL,' LED Naranja 5mm. Triangular','','',10,0,0.0000,'',0,'','','2021-06-08 11:27:51','',0,0,0,1,48),(608,187,NULL,'OPTOELECTRONICA LED','','',5,0,0.0000,'',0,'','','2021-06-08 11:35:12','',0,0,0,1,48),(609,187,NULL,' LED Rosa 5mm. Triangular','','',15,0,0.0000,'',0,'','','2021-06-08 11:55:35','',0,0,0,1,48),(610,187,NULL,'LED Rectangular Amarillo','','',0,0,0.0000,'',0,'','','2021-06-08 11:59:10','',0,0,0,1,48),(611,133,NULL,'LED de alta potencia COB30 10W','1000Lm 50.000H','',2,0,0.0000,'',0,'','','2021-06-08 12:04:57','',0,0,0,1,48),(612,190,NULL,'Pantalla LED de Matriz de Puntos','KINGBRIGHT - Verde, 2.2 V, 19 mcd, 5 x 7, 22.9mm x 39mm, 565 nm','',18,0,6.6100,'',0,'','','2021-06-08 12:29:33','',0,0,0,1,49),(613,191,NULL,'Pantalla de 7 segmentos, 13.2 mm ','Kingbright','',7,0,1.5300,'',0,'','','2021-06-08 12:37:49','',0,0,0,1,49),(614,191,NULL,'Pantalla de 7 segmentos, 70X48mm','Kingbright','',1,0,0.0000,'',0,'','','2021-06-08 12:48:12','',0,0,0,1,49),(615,191,NULL,'pantalla LED de 7 segmentos, 4 dígitos','','',24,0,0.0000,'',0,'','','2021-06-08 12:51:32','',0,0,0,1,48),(616,192,NULL,'Zumbadores piezoeléctricos e indicadores de audio Round 14mmx11mm 2kHz Vin = 5V','TDK - PS1420P02CT','',4,0,0.0000,'',0,'','','2021-06-08 13:27:41','',0,0,0,1,12),(617,192,NULL,'Zumbadores Transductor, impulsado externamente Magnético 12V 40mA 2.4kHz 85dB a 12V,','10cm Orificio pasante Clavijas para circuito impreso','',8,0,0.3500,'',0,'','','2021-06-08 13:33:47','',0,0,0,1,12),(618,117,NULL,'470 Ω 1/10W ?%','','',0,0,0.0000,'',0,'','','2021-06-09 10:03:33','',0,0,0,1,57),(619,117,NULL,'1.5 Ω 1/10W 5%','','',0,0,0.0000,'',0,'','','2021-06-09 10:05:08','',0,0,0,1,57),(620,117,NULL,'1M 1/10W ?%','','',0,0,0.0000,'',0,'','','2021-06-09 10:09:40','',0,0,0,1,57),(621,117,NULL,'2.4M 1/10W ?%','','',0,0,0.0000,'',0,'','','2021-06-09 10:10:50','',0,0,0,1,57),(622,117,NULL,'360K 1/10W ?%','','',0,0,0.0000,'',0,'','','2021-06-09 10:12:38','',0,0,0,1,57),(623,117,NULL,'47K 1/10W ?%','','',0,0,0.0000,'',0,'','','2021-06-09 10:15:01','',0,0,0,1,57),(624,117,NULL,'100K 1/10W ?%','','',0,0,0.0000,'',0,'','','2021-06-09 10:15:55','',0,0,0,1,57),(625,117,NULL,'470Ω 1/10W ?%','','',0,0,0.0000,'',0,'','','2021-06-09 10:17:46','',0,0,0,1,57),(626,117,NULL,'150Ω 1/10W ?%','','',0,0,0.0000,'',0,'','','2021-06-09 10:18:44','',0,0,0,1,57),(627,117,NULL,'100Ω 1/10W ?%','','',0,0,0.0000,'',0,'','','2021-06-09 10:20:09','',0,0,0,1,57),(628,117,NULL,'75Ω 1/10W ?%','','',0,0,0.0000,'',0,'','','2021-06-09 10:21:00','',0,0,0,1,57),(629,117,NULL,'62Ω 1/10W ?%','','',0,0,0.0000,'',0,'','','2021-06-09 10:22:34','',0,0,0,1,57),(630,117,NULL,'47Ω 1/10W ?%','','',0,0,0.0000,'',0,'','','2021-06-09 10:23:54','',0,0,0,1,57),(631,117,NULL,'39Ω 1/10W ?%','','',0,0,0.0000,'',0,'','','2021-06-09 10:25:25','',0,0,0,1,57),(632,117,NULL,'22Ω 1/10W ?%','','',0,0,0.0000,'',0,'','','2021-06-09 10:27:02','',0,0,0,1,57),(633,117,NULL,'15Ω 1/10W ?%','','',0,0,0.0000,'',0,'','','2021-06-09 10:27:50','',0,0,0,1,57),(634,117,NULL,'10Ω 1/10W ?%','','',0,0,0.0000,'',0,'','','2021-06-09 10:28:44','',0,0,0,1,57),(635,117,NULL,'4.7Ω 1/10W ?%','','',0,0,0.0000,'',0,'','','2021-06-09 10:30:32','',0,0,0,1,57),(636,14,NULL,'Condensador de Cerámica Multicapa, 0.1 µF, 25 V, 0603 [Métrica 1608], +80%, -20%, Y5V','KEMET - C0603C104Z3VACTU','',0,0,0.0000,'',0,'','','2021-06-09 10:46:37','',0,0,0,1,8),(637,16,NULL,'Condensador Electrolítico Aluminio SMD, Radial - SMD, 22 µF, 35 V, VT, V-Chip Series','MULTICOMP PRO - MCVVT035M220DA1L','',0,0,0.0000,'',0,'','','2021-06-09 10:50:50','',0,0,0,1,14),(638,194,NULL,'Módulo de Cómputo Raspberry Pi 4, BCM2711, ARM Cortex-A72','FRAMBUESA-PI - CM4IO','',2,0,0.0000,'',0,'','','2021-06-09 11:09:54','',0,0,0,1,61),(639,195,NULL,'Tornillo para Máquina, DIN 965, M2.5, 6 mm, Acero, Zinc Brillante','TR FIJACIONES - M2.56KRSTMCZ100','',300,0,0.0000,'',0,'','','2021-06-09 11:58:21','',0,0,0,1,59),(640,196,NULL,'Tornillo para Máquina, M4, 10 mm','Acero, Zinc Brillante, Pozidriv con Cabeza Avellanada / Plana','',0,0,0.0000,'',0,'','','2021-06-09 12:09:32','',0,0,0,1,59),(641,197,NULL,'Tornillo para Máquina, M4, 12 mm',' Acero, Zinc Brillante, Pozidriv con Cabeza Avellanada / Plana','',0,0,0.0000,'',0,'','','2021-06-09 12:15:21','',0,0,0,1,60),(643,61,NULL,'Conector Hembra para PCB, Placa a Placa, 2.54 mm, 1 Filas, 9 Contactos','HARWIN','',30,0,0.4400,'',0,'','','2021-06-09 12:39:25','',0,0,0,1,37),(644,61,NULL,'Conector de Pines, Placa a Placa, 2.54 mm','HARWIN-1 Filas, 25 Contactos, Montaje Pasante Recto','',0,0,0.0000,'',0,'','','2021-06-09 12:46:56','',0,0,0,1,36),(645,194,NULL,'Módulo de cómputo Raspberry Pi 4 (CM4) 4GB Lite','','',1,0,45.1300,'',0,'','','2021-06-09 14:14:24','',0,0,0,1,61),(646,198,NULL,'Material termocontraíble - 3.0mm','Shenzhen Woer','',1,0,0.0000,'',0,'','','2021-06-10 08:48:08','',0,0,0,1,14),(647,117,NULL,'5.6K 1/10W ?%','','',0,0,0.0000,'',0,'','','2021-06-10 09:54:47','',0,0,0,1,57),(648,117,NULL,'4.7K 1/10W ?%','','',0,0,0.0000,'',0,'','','2021-06-10 09:55:48','',0,0,0,1,57),(649,117,NULL,'470Ω 1/10W ?%','','',0,0,0.0000,'',0,'','','2021-06-10 09:57:40','',0,0,0,1,57),(650,117,NULL,'750Ω 1/10W ?%','','',0,0,0.0000,'',0,'','','2021-06-10 09:59:03','',0,0,0,1,57),(651,117,NULL,'1K 1/10W ?%','','',0,0,0.0000,'',0,'','','2021-06-10 10:00:05','',0,0,0,1,57),(652,117,NULL,'1.2K  1/10W ?%','','',0,0,0.0000,'',0,'','','2021-06-10 10:01:10','',0,0,0,1,57),(653,117,NULL,'1.5K 1/10W ?%','','',0,0,0.0000,'',0,'','','2021-06-10 10:02:25','',0,0,0,1,57),(654,117,NULL,'2.2K 1/10W ?%','','',0,0,0.0000,'',0,'','','2021-06-10 10:03:17','',0,0,0,1,57),(655,117,NULL,'3.3K 1/10W ?%','','',0,0,0.0000,'',0,'','','2021-06-10 10:04:16','',0,0,0,1,57),(656,117,NULL,'220Ω 1/10W ?%','','',0,0,0.0000,'',0,'','','2021-06-10 10:05:02','',0,0,0,1,57),(657,117,NULL,'39K 1/10W ?%','','',0,0,0.0000,'',0,'','','2021-06-10 10:58:58','',0,0,0,1,57),(658,117,NULL,'65K  1/10W  ?%','','',0,0,0.0000,'',0,'','','2021-06-10 11:05:00','',0,0,0,1,57),(659,117,NULL,'82K  1/10W  ?%','','',0,0,0.0000,'',0,'','','2021-06-10 11:06:49','',0,0,0,1,57),(660,117,NULL,' 22K  1/10W  ?%','','',0,0,0.0000,'',0,'','','2021-06-10 11:07:57','',0,0,0,1,57),(661,117,NULL,'18K  1/10W  ?%','','',0,0,0.0000,'',0,'','','2021-06-10 11:09:28','',0,0,0,1,57),(662,117,NULL,'15K  1/10W  ?%','','',0,0,0.0000,'',0,'','','2021-06-10 11:11:38','',0,0,0,1,57),(663,117,NULL,'6.2K  1/10W  ?%','','',0,0,0.0000,'',0,'','','2021-06-10 11:12:52','',0,0,0,1,58),(664,117,NULL,'10K  1/10W  ?%','','',0,0,0.0000,'',0,'','','2021-06-10 11:14:03','',0,0,0,1,57),(665,117,NULL,'8.2K 1/10W ?%','','',0,0,0.0000,'',0,'','','2021-06-10 11:15:59','',0,0,0,1,57),(666,117,NULL,'120K 1/10W ?%','','',0,0,0.0000,'',0,'','','2021-06-10 11:44:09','',0,0,0,1,57),(667,117,NULL,'310K 1/10W 5%','','',0,0,0.0000,'',0,'','','2021-06-10 11:45:06','',0,0,0,1,57),(668,117,NULL,'2M 1/10W 5%','','',0,0,0.0000,'',0,'','','2021-06-10 11:46:03','',0,0,0,1,57),(669,117,NULL,'150K  1/10W ?%','','',0,0,0.0000,'',0,'','','2021-06-10 11:47:37','',0,0,0,1,57),(670,117,NULL,'220K 1/10W ?%','','',0,0,0.0000,'',0,'','','2021-06-10 11:54:07','',0,0,0,1,57),(671,117,NULL,'10M 1/10W 5%','','',0,0,0.0000,'',0,'','','2021-06-10 11:54:55','',0,0,0,1,57),(672,117,NULL,'3M 1/10W ?%','','',0,0,0.0000,'',0,'','','2021-06-10 11:56:55','',0,0,0,1,57),(673,117,NULL,'1Ω 1/10W ?%','','',0,0,0.0000,'',0,'','','2021-06-10 11:57:51','',0,0,0,1,57),(674,117,NULL,'620K 1/10W ?%','','',0,0,0.0000,'',0,'','','2021-06-10 11:59:14','',0,0,0,1,57),(675,117,NULL,'100K 1/10W ?%','','',0,0,0.0000,'',0,'','','2021-06-10 12:00:31','',0,0,0,1,57),(676,135,NULL,'3.3K 1/8 W ?%','','',0,0,0.0000,'',0,'','','2021-06-10 13:23:53','',0,0,0,1,56),(677,135,NULL,'2.4Ω 1/8 W ?%','','',0,0,0.0000,'',0,'','','2021-06-10 13:25:21','',0,0,0,1,56),(678,135,NULL,'1K 1/8 W ?%','','',0,0,0.0000,'',0,'','','2021-06-10 13:30:06','',0,0,0,1,56),(679,135,NULL,'3.6K 1/8 W ?%','','',0,0,0.0000,'',0,'','','2021-06-10 13:31:29','',0,0,0,1,56),(680,135,NULL,'6.81K 1/8 W ?%','','',0,0,0.0000,'',0,'','','2021-06-10 13:32:56','',0,0,0,1,56),(681,135,NULL,'43K 1/8 W ?%','','',0,0,0.0000,'',0,'','','2021-06-10 13:34:13','',0,0,0,1,56),(682,135,NULL,'1.2K 1/8 W ?%','','',0,0,0.0000,'',0,'','','2021-06-10 13:37:08','',0,0,0,1,56),(683,135,NULL,'3.9K 1/8 W ?%','','',0,0,0.0000,'',0,'','','2021-06-10 13:38:28','',0,0,0,1,56),(684,135,NULL,'7.5K 1/8 W ?%','','',0,0,0.0000,'',0,'','','2021-06-10 13:41:46','',0,0,0,1,56),(685,135,NULL,'56K 1/8 W ?%','','',0,0,0.0000,'',0,'','','2021-06-10 13:43:21','',0,0,0,1,56),(686,135,NULL,'200Ω 1/8 W ?%','','',0,0,0.0000,'',0,'','','2021-06-10 13:44:50','',0,0,0,1,56),(687,135,NULL,'1.5K 1/8 W ?%','','',0,0,0.0000,'',0,'','','2021-06-10 13:46:00','',0,0,0,1,56),(688,135,NULL,'4.32K 1/8 W ?%','','',0,0,0.0000,'',0,'','','2021-06-10 13:47:24','',0,0,0,1,56),(689,135,NULL,'10K 1/8 W ?%','','',0,0,0.0000,'',0,'','','2021-06-10 13:48:12','',0,0,0,1,56),(690,135,NULL,'68.1K 1/8 W ?%','','',0,0,0.0000,'',0,'','','2021-06-10 13:48:49','',0,0,0,1,56),(691,135,NULL,'220Ω 1/8 W ?%','','',0,0,0.0000,'',0,'','','2021-06-10 13:49:34','',0,0,0,1,56),(692,135,NULL,'1.62K 1/8 W ?%','','',0,0,0.0000,'',0,'','','2021-06-10 13:50:32','',0,0,0,1,56),(693,135,NULL,'4.7K 1/8 W ?%','','',0,0,0.0000,'',0,'','','2021-06-10 13:51:20','',0,0,0,1,56),(694,135,NULL,'300K 1/8 W ?%','','',0,0,0.0000,'',0,'','','2021-06-10 13:52:36','',0,0,0,1,56),(695,135,NULL,'270Ω 1/8 W ?%','','',0,0,0.0000,'',0,'','','2021-06-10 13:54:06','',0,0,0,1,56),(696,135,NULL,'1.8K 1/8 W ?%','','',0,0,0.0000,'',0,'','','2021-06-10 13:54:41','',0,0,0,1,56),(697,135,NULL,'6.2K  1/8 W ?%','','',0,0,0.0000,'',0,'','','2021-06-10 13:55:24','',0,0,0,1,56),(698,135,NULL,'49.4Ω 1/8 W ?%','','',0,0,0.0000,'',0,'','','2021-06-10 13:56:13','',0,0,0,1,56),(699,128,NULL,'22K  1/4 W  ?%','','',0,0,0.0000,'',0,'','','2021-06-10 13:59:17','',0,0,0,1,56),(700,128,NULL,'39K  1/4 W  ?%','','',0,0,0.0000,'',0,'','','2021-06-10 14:00:22','',0,0,0,1,56),(701,128,NULL,'330K  1/4 W  ?%','','',0,0,0.0000,'',0,'','','2021-06-10 14:01:34','',0,0,0,1,56),(702,199,NULL,'Pernos hexagonales populares del estruendo 933 A2-70','','',7,0,0.0000,'',0,'','','2021-06-11 10:04:38','',0,0,0,1,67),(703,199,NULL,'Tornillo din-933 de acero (8.8) y rosca métrica','','',0,0,0.0000,'',0,'','','2021-06-11 10:07:58','',0,0,0,1,67),(704,199,NULL,'Pernos de alta resistencia de acero dulce grado 4.8','','',3,0,0.0000,'',0,'','','2021-06-11 10:12:54','',0,0,0,1,67),(705,199,NULL,'Tornillo VIPA 8.8','','',2,0,0.0000,'',0,'','','2021-06-11 10:19:36','',0,0,0,1,67),(706,199,NULL,'Tueca hexagonal 10 mm galvanizado','','',0,0,0.0000,'',0,'','','2021-06-11 10:25:06','',0,0,0,1,67),(707,203,NULL,'Tornillo rosca chapa DIN 7981','CERGY-VIS','',200,0,0.0000,'',0,'','','2021-06-11 10:37:27','',0,0,0,1,63),(708,203,NULL,'Tornillo rosca chapa DIN-7982','','',200,0,0.0000,'',0,'','','2021-06-11 10:44:08','',0,0,0,1,63),(709,201,NULL,'TORNILLO M2','','',15,0,0.0000,'',0,'','','2021-06-11 10:55:58','',0,0,0,1,64),(710,201,NULL,'TORNILLO 3','','',0,0,0.0000,'',0,'','','2021-06-11 11:01:41','',0,0,0,1,64),(711,200,NULL,'Tornillo de fijación hexag, todo rosca - M6','','',0,0,0.0000,'',0,'','','2021-06-11 11:06:59','',0,0,0,1,65),(712,200,NULL,'Tornillos M6 - talla 20mm','','',0,0,0.0000,'',0,'','','2021-06-11 11:08:56','',0,0,0,1,65),(713,202,NULL,'TORNILLO CABEZA HEXAGONAL M8 CON ARANDELA','','',0,0,0.0000,'',0,'','','2021-06-11 11:12:18','',0,0,0,1,66),(714,202,NULL,'Tornillo M8  galvanizado de cabeza hexagonal','','',0,0,0.0000,'',0,'','','2021-06-11 11:16:04','',0,0,0,1,66);
/*!40000 ALTER TABLE `Part` ENABLE KEYS */;
UNLOCK TABLES;

--
-- Table structure for table `PartAttachment`
--

DROP TABLE IF EXISTS `PartAttachment`;
/*!40101 SET @saved_cs_client     = @@character_set_client */;
/*!40101 SET character_set_client = utf8 */;
CREATE TABLE `PartAttachment` (
  `id` int(11) NOT NULL AUTO_INCREMENT,
  `part_id` int(11) DEFAULT NULL,
  `type` varchar(255) COLLATE utf8_unicode_ci NOT NULL,
  `filename` varchar(255) COLLATE utf8_unicode_ci NOT NULL,
  `originalname` varchar(255) COLLATE utf8_unicode_ci DEFAULT NULL,
  `mimetype` varchar(255) COLLATE utf8_unicode_ci NOT NULL,
  `size` int(11) NOT NULL,
  `extension` varchar(255) COLLATE utf8_unicode_ci DEFAULT NULL,
  `description` longtext COLLATE utf8_unicode_ci,
  `created` datetime NOT NULL,
  `isImage` tinyint(1) DEFAULT NULL,
  PRIMARY KEY (`id`),
  KEY `IDX_76D73D864CE34BEC` (`part_id`),
  CONSTRAINT `FK_76D73D864CE34BEC` FOREIGN KEY (`part_id`) REFERENCES `Part` (`id`)
) ENGINE=InnoDB AUTO_INCREMENT=1023 DEFAULT CHARSET=utf8 COLLATE=utf8_unicode_ci;
/*!40101 SET character_set_client = @saved_cs_client */;

--
-- Dumping data for table `PartAttachment`
--

LOCK TABLES `PartAttachment` WRITE;
/*!40000 ALTER TABLE `PartAttachment` DISABLE KEYS */;
INSERT INTO `PartAttachment` VALUES (2,2,'PartAttachment','1a8f74f4-a802-11eb-a19d-cb01a033bd2a','Nova Resistencias.pdf','application/pdf',405198,'',NULL,'2021-04-28 11:14:15',0),(4,4,'PartAttachment','87021854-a80b-11eb-94fc-89a8553aa43f','Nova Resistencias.pdf','application/pdf',405198,'pdf',NULL,'2021-04-28 12:21:42',0),(5,4,'PartAttachment','9791fec2-a80c-11eb-a283-79cd86292085','Res 11Ω.jpg','image/jpeg',125840,'',NULL,'2021-04-28 12:29:20',NULL),(6,5,'PartAttachment','bce52496-a80d-11eb-b526-ea002db9c907','Nova Resistencias.pdf','application/pdf',405198,'',NULL,'2021-04-28 12:37:32',0),(7,5,'PartAttachment','bce7a400-a80d-11eb-9019-9a1ef6532086','Res 12Ω .jpg','image/jpeg',138038,'',NULL,'2021-04-28 12:37:32',1),(8,6,'PartAttachment','8a59d264-a80e-11eb-bb68-5cba5f8310ec','Nova Resistencias.pdf','application/pdf',405198,'pdf',NULL,'2021-04-28 12:43:16',0),(10,7,'PartAttachment','0331e3f6-a810-11eb-b136-d291a2e23e5e','Nova Resistencias.pdf','application/pdf',405198,'pdf',NULL,'2021-04-28 12:53:49',0),(11,7,'PartAttachment','6d2e00f0-a810-11eb-950b-cbbf796899ec','Res 15Ω .jpg','image/jpeg',130424,'',NULL,'2021-04-28 12:56:46',NULL),(12,8,'PartAttachment','fd61ca6c-a810-11eb-b48e-26a25df6cbe3','Nova Resistencias.pdf','application/pdf',405198,'',NULL,'2021-04-28 13:00:48',0),(13,8,'PartAttachment','fd64ba4c-a810-11eb-a6e9-a5dabc13abeb','Res 16Ω.jpg','image/jpeg',128840,'',NULL,'2021-04-28 13:00:48',1),(14,9,'PartAttachment','785af9c8-a811-11eb-9eb2-0b1c733b5352','Res 18Ω.jpg','image/jpeg',119979,'',NULL,'2021-04-28 13:04:15',1),(15,9,'PartAttachment','785ca0d4-a811-11eb-8cd9-9290badca032','Nova Resistencias.pdf','application/pdf',405198,'',NULL,'2021-04-28 13:04:15',0),(16,10,'PartAttachment','0ba3e5aa-a812-11eb-a310-aa40283e81ad','Nova Resistencias.pdf','application/pdf',405198,'',NULL,'2021-04-28 13:08:22',0),(17,10,'PartAttachment','0ba6b884-a812-11eb-a551-6ee0ced660f6','Res 20Ω.jpg','image/jpeg',102859,'',NULL,'2021-04-28 13:08:22',1),(18,11,'PartAttachment','c73c40f0-a812-11eb-9e6f-aa232c4cfa3e','Res 22Ω.jpg','image/jpeg',142358,'jpeg',NULL,'2021-04-28 13:13:37',1),(19,11,'PartAttachment','c73e42f6-a812-11eb-9c3f-1508f044c13f','Nova Resistencias.pdf','application/pdf',405198,'pdf',NULL,'2021-04-28 13:13:37',0),(20,12,'PartAttachment','8949530e-a813-11eb-9028-30c24c30b270','Nova Resistencias.pdf','application/pdf',405198,'',NULL,'2021-04-28 13:19:02',0),(21,12,'PartAttachment','894c0eaa-a813-11eb-b9cb-1fe2c5f17f70','Res 24Ω.jpg','image/jpeg',119231,'',NULL,'2021-04-28 13:19:02',1),(22,13,'PartAttachment','57dfc2d4-a814-11eb-ba09-4c41544c2785','Nova Resistencias.pdf','application/pdf',405198,'',NULL,'2021-04-28 13:24:49',0),(23,13,'PartAttachment','57e28c76-a814-11eb-aa5e-d43e7671f8bd','Res 27Ω.jpg','image/jpeg',135153,'',NULL,'2021-04-28 13:24:49',1),(24,14,'PartAttachment','ce9b740e-a814-11eb-9899-bb31a80c650b','Nova Resistencias.pdf','application/pdf',405198,'pdf',NULL,'2021-04-28 13:28:08',0),(26,15,'PartAttachment','b2093960-a815-11eb-9f23-ffe461831db4','Res 33Ω .jpg','image/jpeg',146879,'',NULL,'2021-04-28 13:34:29',1),(27,15,'PartAttachment','b20b03d0-a815-11eb-8beb-ed46314fc705','Nova Resistencias.pdf','application/pdf',405198,'',NULL,'2021-04-28 13:34:29',0),(28,16,'PartAttachment','448eb332-a816-11eb-8b85-510e20f0a3fd','Nova Resistencias.pdf','application/pdf',405198,'',NULL,'2021-04-28 13:38:35',0),(29,16,'PartAttachment','4491b0b4-a816-11eb-8946-dfcb9ad4cd9e','Res 36Ω.jpg','image/jpeg',102327,'',NULL,'2021-04-28 13:38:35',1),(30,17,'PartAttachment','b204f43a-a816-11eb-bd4c-171c84a0b769','Nova Resistencias.pdf','application/pdf',405198,'',NULL,'2021-04-28 13:41:39',0),(31,17,'PartAttachment','b208022e-a816-11eb-a3f2-56ded830e5e8','Res 39Ω.jpg','image/jpeg',124066,'',NULL,'2021-04-28 13:41:39',1),(32,18,'PartAttachment','148ff26c-a817-11eb-b7bc-c7a93259f4c9','Nova Resistencias.pdf','application/pdf',405198,'',NULL,'2021-04-28 13:44:24',0),(33,18,'PartAttachment','1492b2cc-a817-11eb-baf2-c381d66dc61d','Res 43Ω.jpg','image/jpeg',124924,'',NULL,'2021-04-28 13:44:24',1),(34,19,'PartAttachment','ecffc14a-a817-11eb-8a62-59797a5a86a5','Res 47Ω.jpg','image/jpeg',135072,'',NULL,'2021-04-28 13:50:27',1),(35,19,'PartAttachment','ed017f76-a817-11eb-8855-0f72de768629','Nova Resistencias.pdf','application/pdf',405198,'',NULL,'2021-04-28 13:50:27',0),(36,21,'PartAttachment','3b62a6d4-a81a-11eb-9bdb-8aee70b256e8','Nova Resistencias.pdf','application/pdf',405198,'',NULL,'2021-04-28 14:06:58',0),(37,21,'PartAttachment','3b65486c-a81a-11eb-ab8f-9636dca75268','Res 56Ω.jpg','image/jpeg',103939,'',NULL,'2021-04-28 14:06:58',1),(38,22,'PartAttachment','33b76a86-a81b-11eb-a37d-841ba53ed2e5','Nova Resistencias.pdf','application/pdf',405198,'',NULL,'2021-04-28 14:13:55',0),(39,22,'PartAttachment','33ba5d9a-a81b-11eb-b8ad-6c38f4993438','Res 62Ω.jpg','image/jpeg',141998,'',NULL,'2021-04-28 14:13:55',1),(40,23,'PartAttachment','334fee7a-a8d8-11eb-869d-f394f2a4bfc3','Nova Resistencias.pdf','application/pdf',405198,'pdf',NULL,'2021-04-29 12:46:49',0),(41,24,'PartAttachment','a5df92c4-a8d8-11eb-a70d-847708117b54','Nova Resistencias.pdf','application/pdf',405198,'pdf',NULL,'2021-04-29 12:50:01',0),(42,25,'PartAttachment','cc60062c-a8d8-11eb-9885-05ad67d7d4bc','Nova Resistencias.pdf','application/pdf',405198,'pdf',NULL,'2021-04-29 12:51:06',0),(43,26,'PartAttachment','f45e1b14-a8d8-11eb-bc18-2de5c5335996','Nova Resistencias.pdf','application/pdf',405198,'pdf',NULL,'2021-04-29 12:52:13',0),(44,27,'PartAttachment','27012a8e-a8d9-11eb-af69-a1e7fcc381d5','Nova Resistencias.pdf','application/pdf',405198,'pdf',NULL,'2021-04-29 12:53:38',0),(45,28,'PartAttachment','c13bcf50-a8d9-11eb-9737-68ea5ae26957','Nova Resistencias.pdf','application/pdf',405198,'pdf',NULL,'2021-04-29 12:57:56',0),(46,29,'PartAttachment','e6088a76-a8d9-11eb-8faf-a3b1875a06e2','Nova Resistencias.pdf','application/pdf',405198,'pdf',NULL,'2021-04-29 12:58:58',0),(47,30,'PartAttachment','1a47664a-a8da-11eb-ad78-32257ab0b0cb','Nova Resistencias.pdf','application/pdf',405198,'pdf',NULL,'2021-04-29 13:00:26',0),(48,31,'PartAttachment','4fa2a890-a8da-11eb-9b24-3e6d699dc0e6','Nova Resistencias.pdf','application/pdf',405198,'pdf',NULL,'2021-04-29 13:01:55',0),(49,32,'PartAttachment','0aad791c-a8db-11eb-95c2-afb0075cf499','Nova Resistencias.pdf','application/pdf',405198,'pdf',NULL,'2021-04-29 13:07:09',0),(50,33,'PartAttachment','3fcfcbae-a8db-11eb-a881-d16fe7e7fa36','Nova Resistencias.pdf','application/pdf',405198,'pdf',NULL,'2021-04-29 13:08:38',0),(51,34,'PartAttachment','9e9939e0-a8db-11eb-8ef5-0268a5000f8b','Nova Resistencias.pdf','application/pdf',405198,'pdf',NULL,'2021-04-29 13:11:17',0),(52,35,'PartAttachment','db057484-a8db-11eb-a1d9-2a2ae855e983','Nova Resistencias.pdf','application/pdf',405198,'pdf',NULL,'2021-04-29 13:12:59',0),(53,36,'PartAttachment','58443994-a8dc-11eb-b0f1-73143741b407','Nova Resistencias.pdf','application/pdf',405198,'pdf',NULL,'2021-04-29 13:16:29',0),(54,37,'PartAttachment','984ef9f2-a8dc-11eb-8c27-9f4fda402f71','Nova Resistencias.pdf','application/pdf',405198,'pdf',NULL,'2021-04-29 13:18:16',0),(55,38,'PartAttachment','f405866c-a8dc-11eb-bc3c-e61772dfff59','Nova Resistencias.pdf','application/pdf',405198,'pdf',NULL,'2021-04-29 13:20:50',0),(56,39,'PartAttachment','3207d41a-a8dd-11eb-98d2-0787a6b95749','Nova Resistencias.pdf','application/pdf',405198,'pdf',NULL,'2021-04-29 13:22:34',0),(57,40,'PartAttachment','db1b46ea-a8dd-11eb-9717-38e53bbc7548','Nova Resistencias.pdf','application/pdf',405198,'pdf',NULL,'2021-04-29 13:27:18',0),(58,41,'PartAttachment','facef90a-a8dd-11eb-8816-ad60d51f2752','Nova Resistencias.pdf','application/pdf',405198,'pdf',NULL,'2021-04-29 13:28:11',0),(59,42,'PartAttachment','2f7bc0ca-a8de-11eb-a92d-937549942d81','Nova Resistencias.pdf','application/pdf',405198,'pdf',NULL,'2021-04-29 13:29:39',0),(60,43,'PartAttachment','53d1e5c6-a8de-11eb-83e1-4473a42e70f9','Nova Resistencias.pdf','application/pdf',405198,'pdf',NULL,'2021-04-29 13:30:40',0),(61,44,'PartAttachment','7d8ccf66-a8de-11eb-a756-de5fd8113b4b','Nova Resistencias.pdf','application/pdf',405198,'pdf',NULL,'2021-04-29 13:31:50',0),(62,45,'PartAttachment','5904e6dc-a8df-11eb-af3c-353d2733428f','Nova Resistencias.pdf','application/pdf',405198,'pdf',NULL,'2021-04-29 13:37:58',0),(63,46,'PartAttachment','76fd0ff2-a8df-11eb-a8bc-948f4ab4e55f','Nova Resistencias.pdf','application/pdf',405198,'pdf',NULL,'2021-04-29 13:38:49',0),(64,47,'PartAttachment','b54af210-a8df-11eb-80ab-b89e3e02b4c9','Nova Resistencias.pdf','application/pdf',405198,'pdf',NULL,'2021-04-29 13:40:33',0),(65,48,'PartAttachment','dd8da510-a8df-11eb-9cb9-1c9e96122613','Nova Resistencias.pdf','application/pdf',405198,'pdf',NULL,'2021-04-29 13:41:41',0),(66,49,'PartAttachment','091d752a-a8e0-11eb-bcc2-793578acdfc1','Nova Resistencias.pdf','application/pdf',405198,'pdf',NULL,'2021-04-29 13:42:54',0),(67,23,'PartAttachment','66504646-a8e5-11eb-ba47-cac32e6408e4','Res 68Ω.jpg','image/jpeg',118863,'',NULL,'2021-04-29 14:21:18',NULL),(68,27,'PartAttachment','7af5783c-a8e5-11eb-bfb2-1237b65e856c','Res 100Ω.jpg','image/jpeg',146811,'',NULL,'2021-04-29 14:21:52',NULL),(69,28,'PartAttachment','8c9b3ebe-a8e5-11eb-bbf7-ad446767254f','Res 110Ω.jpg','image/jpeg',139908,'',NULL,'2021-04-29 14:22:22',NULL),(70,29,'PartAttachment','98985ad0-a8e5-11eb-9136-6d2831bb7327','Res 120Ω.jpg','image/jpeg',156469,'',NULL,'2021-04-29 14:22:42',NULL),(71,30,'PartAttachment','a489ffd8-a8e5-11eb-a27e-69cb2b3411cc','Res 130Ω.jpg','image/jpeg',150657,'',NULL,'2021-04-29 14:23:02',NULL),(72,31,'PartAttachment','b3464810-a8e5-11eb-ae37-688922e6314b','Res 150Ω.jpg','image/jpeg',147466,'',NULL,'2021-04-29 14:23:27',1),(73,32,'PartAttachment','bf99e84c-a8e5-11eb-8d77-ee2fc252d767','Res 160Ω.jpg','image/jpeg',130109,'',NULL,'2021-04-29 14:23:48',NULL),(74,33,'PartAttachment','d00ef866-a8e5-11eb-aa08-c8f0a7bdb8e4','Res 180Ω.jpg','image/jpeg',149672,'',NULL,'2021-04-29 14:24:15',NULL),(75,34,'PartAttachment','dbdd4eb8-a8e5-11eb-a337-c17c3859967d','Res 200Ω.jpg','image/jpeg',149547,'',NULL,'2021-04-29 14:24:35',NULL),(76,35,'PartAttachment','eab8028e-a8e5-11eb-9f34-d9e225b3899c','Res 220Ω.jpg','image/jpeg',147437,'',NULL,'2021-04-29 14:25:00',NULL),(77,36,'PartAttachment','f7c8c2d8-a8e5-11eb-b0d4-b04701749b13','Res 240Ω.jpg','image/jpeg',123089,'',NULL,'2021-04-29 14:25:22',NULL),(78,37,'PartAttachment','09bc90be-a8e6-11eb-b477-0f4324f2b86f','Res 270Ω.jpg','image/jpeg',116797,'',NULL,'2021-04-29 14:25:52',NULL),(79,38,'PartAttachment','179ffefa-a8e6-11eb-bb00-15c5d4a27ef4','Res 300Ω.jpg','image/jpeg',117159,'',NULL,'2021-04-29 14:26:15',NULL),(80,39,'PartAttachment','25fe6a2c-a8e6-11eb-b637-07879d34a28d','Res 330Ω.jpg','image/jpeg',128904,'',NULL,'2021-04-29 14:26:39',NULL),(81,40,'PartAttachment','340d9a3e-a8e6-11eb-b07e-1ff7adc5a405','Res 360Ω.jpg','image/jpeg',138766,'',NULL,'2021-04-29 14:27:03',NULL),(82,41,'PartAttachment','4453979a-a8e6-11eb-8f97-37edffe67d21','Res 390Ω.jpg','image/jpeg',134572,'',NULL,'2021-04-29 14:27:30',NULL),(83,42,'PartAttachment','552c36c6-a8e6-11eb-b000-cf91913cd62e','Res 430Ω.jpg','image/jpeg',286355,'',NULL,'2021-04-29 14:27:58',NULL),(85,45,'PartAttachment','eca2146c-a8e6-11eb-afbd-562838dfa03a','Res 620Ω.jpg','image/jpeg',128749,'',NULL,'2021-04-29 14:32:13',NULL),(86,46,'PartAttachment','fa5db2f0-a8e6-11eb-9999-23c5f5d0b2e7','Res 680Ω.jpg','image/jpeg',110064,'',NULL,'2021-04-29 14:32:36',NULL),(87,47,'PartAttachment','0497d8c2-a8e7-11eb-bb93-94506d64cb49','Res 750Ω.jpg','image/jpeg',122102,'',NULL,'2021-04-29 14:32:53',NULL),(88,48,'PartAttachment','11f29520-a8e7-11eb-ac45-4f90649a8761','Res 820Ω.jpg','image/jpeg',108033,'',NULL,'2021-04-29 14:33:15',NULL),(89,49,'PartAttachment','75a57ae2-a8e7-11eb-9c00-83fcb858d5ca','Res 910Ω.jpg','image/jpeg',107278,'',NULL,'2021-04-29 14:36:02',NULL),(90,43,'PartAttachment','97d98a54-a8e7-11eb-a507-a958c261cf1c','Res 510Ω.jpg','image/jpeg',122175,'',NULL,'2021-04-29 14:37:00',NULL),(91,44,'PartAttachment','a495f0ac-a8e7-11eb-8038-cf797ae32f15','Res 560Ω.jpg','image/jpeg',123784,'',NULL,'2021-04-29 14:37:21',NULL),(92,26,'PartAttachment','d9c346c6-a8e7-11eb-8216-3e0badcb5dbf','Res 91Ω.jpg','image/jpeg',99875,'',NULL,'2021-04-29 14:38:50',NULL),(93,24,'PartAttachment','ebda2b72-a8e7-11eb-a727-1ef50bf9e301','Res 75Ω.jpg','image/jpeg',82183,'',NULL,'2021-04-29 14:39:21',NULL),(94,25,'PartAttachment','fc27d920-a8e7-11eb-ad8c-f1495ec0b65e','Res 82Ω.jpg','image/jpeg',104193,'',NULL,'2021-04-29 14:39:48',NULL),(96,51,'PartAttachment','aa8ed7ea-a981-11eb-adcb-32efe57d74f8','Nova Resistencias.pdf','application/pdf',405198,'pdf',NULL,'2021-04-30 08:59:54',0),(97,6,'PartAttachment','cf35d828-a981-11eb-a14d-7252579cb4ef','Res 13Ω.jpg','image/jpeg',96291,'',NULL,'2021-04-30 09:00:55',NULL),(98,52,'PartAttachment','9109a72c-a982-11eb-99e7-b4e6f8344911','Nova Resistencias.pdf','application/pdf',405198,'pdf',NULL,'2021-04-30 09:06:20',0),(99,53,'PartAttachment','b068b4fa-a982-11eb-bea7-667741a817eb','Nova Resistencias.pdf','application/pdf',405198,'pdf',NULL,'2021-04-30 09:07:13',0),(100,54,'PartAttachment','be3a7a64-a982-11eb-bc58-756f1e9787f8','Nova Resistencias.pdf','application/pdf',405198,'pdf',NULL,'2021-04-30 09:07:36',0),(101,55,'PartAttachment','d16bf3f6-a982-11eb-85a9-be4b55fc59cd','Nova Resistencias.pdf','application/pdf',405198,'pdf',NULL,'2021-04-30 09:08:08',0),(102,56,'PartAttachment','e8c9e1a2-a982-11eb-8e6a-0a1670ee8677','Nova Resistencias.pdf','application/pdf',405198,'pdf',NULL,'2021-04-30 09:08:48',0),(103,57,'PartAttachment','fcc3d9ce-a982-11eb-a041-703a3c4cc0fb','Nova Resistencias.pdf','application/pdf',405198,'pdf',NULL,'2021-04-30 09:09:21',0),(104,58,'PartAttachment','11e72c84-a983-11eb-911d-c3a8e9ac6ac7','Nova Resistencias.pdf','application/pdf',405198,'pdf',NULL,'2021-04-30 09:09:57',0),(105,59,'PartAttachment','41082b6c-a983-11eb-8226-1c23667b3e07','Nova Resistencias.pdf','application/pdf',405198,'pdf',NULL,'2021-04-30 09:11:16',0),(106,60,'PartAttachment','63cd7f94-a983-11eb-9524-f4e39f49bc2d','Nova Resistencias.pdf','application/pdf',405198,'pdf',NULL,'2021-04-30 09:12:14',0),(107,61,'PartAttachment','76469eee-a983-11eb-ba01-c91f48be16ef','Nova Resistencias.pdf','application/pdf',405198,'pdf',NULL,'2021-04-30 09:12:45',0),(108,62,'PartAttachment','8bc7ae7a-a983-11eb-aa44-86b72876448a','Nova Resistencias.pdf','application/pdf',405198,'pdf',NULL,'2021-04-30 09:13:21',0),(109,63,'PartAttachment','bc72ebde-a983-11eb-b61b-fe80c6afaef4','Nova Resistencias.pdf','application/pdf',405198,'pdf',NULL,'2021-04-30 09:14:43',0),(110,64,'PartAttachment','eb5d038a-a983-11eb-9453-2bd17cc4c283','Nova Resistencias.pdf','application/pdf',405198,'pdf',NULL,'2021-04-30 09:16:01',0),(111,65,'PartAttachment','01f90030-a984-11eb-b2f5-c25f6d790cb5','Nova Resistencias.pdf','application/pdf',405198,'pdf',NULL,'2021-04-30 09:16:39',0),(112,66,'PartAttachment','79ba2e0a-a984-11eb-b1c7-003aeadef676','Nova Resistencias.pdf','application/pdf',405198,'pdf',NULL,'2021-04-30 09:20:00',0),(113,67,'PartAttachment','8fe8d604-a984-11eb-bee3-4165095fc862','Nova Resistencias.pdf','application/pdf',405198,'pdf',NULL,'2021-04-30 09:20:38',0),(114,68,'PartAttachment','a64ae568-a984-11eb-aa61-96b671d17f6e','Nova Resistencias.pdf','application/pdf',405198,'pdf',NULL,'2021-04-30 09:21:15',0),(115,69,'PartAttachment','19884dc2-a985-11eb-81b4-1558054f9383','Nova Resistencias.pdf','application/pdf',405198,'pdf',NULL,'2021-04-30 09:24:28',0),(116,70,'PartAttachment','5c1c1484-a985-11eb-ab39-b8d14212288a','Nova Resistencias.pdf','application/pdf',405198,'pdf',NULL,'2021-04-30 09:26:20',0),(117,71,'PartAttachment','6f6fac9e-a985-11eb-8a6d-bddc8eb0e30c','Nova Resistencias.pdf','application/pdf',405198,'pdf',NULL,'2021-04-30 09:26:53',0),(118,72,'PartAttachment','a5a4f4ea-a985-11eb-ba41-2871c811cfab','Nova Resistencias.pdf','application/pdf',405198,'pdf',NULL,'2021-04-30 09:28:23',0),(119,73,'PartAttachment','ba43ef82-a985-11eb-a7a1-7f8d884a282a','Nova Resistencias.pdf','application/pdf',405198,'pdf',NULL,'2021-04-30 09:28:58',0),(120,74,'PartAttachment','cd5bb514-a985-11eb-bd51-89f4d97181c4','Nova Resistencias.pdf','application/pdf',405198,'pdf',NULL,'2021-04-30 09:29:30',0),(121,51,'PartAttachment','58d522a0-a98c-11eb-9d40-eb131d031232','Res 1.0 K.jpg','image/jpeg',99880,'',NULL,'2021-04-30 10:16:21',NULL),(122,52,'PartAttachment','67359de8-a98c-11eb-b4dc-b34e76b050c7','Res 1.1 K.jpg','image/jpeg',89883,'',NULL,'2021-04-30 10:16:45',NULL),(123,53,'PartAttachment','71808f74-a98c-11eb-8c1e-eb067e0f6ea0','Res 1.2 K.jpg','image/jpeg',74784,'',NULL,'2021-04-30 10:17:02',NULL),(124,54,'PartAttachment','7af173c0-a98c-11eb-b284-8c8544005dab','Res 1.3 K.jpg','image/jpeg',85824,'',NULL,'2021-04-30 10:17:18',NULL),(125,55,'PartAttachment','f6facb74-a98c-11eb-9032-08c1c4f94c95','Res 1.5 K.jpg','image/jpeg',76850,'',NULL,'2021-04-30 10:20:46',NULL),(126,56,'PartAttachment','3277c440-a98d-11eb-bf66-46015f5b6066','Res 1.6 K.jpg','image/jpeg',86159,'',NULL,'2021-04-30 10:22:26',NULL),(127,57,'PartAttachment','3e88d1b6-a98d-11eb-920d-2c5bc6bc6851','Res 1.8 K.jpg','image/jpeg',109986,'',NULL,'2021-04-30 10:22:46',NULL),(128,58,'PartAttachment','4fe86d68-a98d-11eb-a828-3850de471c44','Res 2.0 K.jpg','image/jpeg',108988,'',NULL,'2021-04-30 10:23:16',NULL),(129,59,'PartAttachment','7c3e2538-a98d-11eb-af24-44e17c19b74f','Res 2.2 K.jpg','image/jpeg',95186,'',NULL,'2021-04-30 10:24:30',NULL),(130,60,'PartAttachment','99f9412a-a98d-11eb-ac0c-ee5ac638c0fd','Res 2.4 K.jpg','image/jpeg',68362,'',NULL,'2021-04-30 10:25:20',NULL),(131,61,'PartAttachment','aab16cb8-a98d-11eb-9985-dc840b05ea41','Res 2.7 K.jpg','image/jpeg',79220,'',NULL,'2021-04-30 10:25:48',NULL),(132,62,'PartAttachment','b9303120-a98d-11eb-8e59-a3fda8213ce9','Res 3.0 K.jpg','image/jpeg',74261,'',NULL,'2021-04-30 10:26:12',NULL),(133,63,'PartAttachment','d65bd1d2-a98d-11eb-b3ec-cac468e158f0','Res 3.3 K.jpg','image/jpeg',109246,'',NULL,'2021-04-30 10:27:01',NULL),(134,64,'PartAttachment','e6375e3c-a98d-11eb-ae3d-766d6a14fc35','Res 3.6 K.jpg','image/jpeg',92746,'',NULL,'2021-04-30 10:27:28',NULL),(135,65,'PartAttachment','0347479e-a98e-11eb-a33c-fc8ac5e724a9','Res 3.9 K.jpg','image/jpeg',94626,'',NULL,'2021-04-30 10:28:17',NULL),(136,66,'PartAttachment','126564cc-a98e-11eb-9e7e-5b07cb1e1dbc','Res 4.3 K.jpg','image/jpeg',82061,'',NULL,'2021-04-30 10:28:42',NULL),(137,67,'PartAttachment','304ab8fc-a98e-11eb-ad91-b5877ad883f6','Res 4.7 K.jpg','image/jpeg',104936,'',NULL,'2021-04-30 10:29:32',NULL),(138,69,'PartAttachment','49d4e770-a98e-11eb-aca8-4a464d2581dd','Res 5.1 K.jpg','image/jpeg',84277,'',NULL,'2021-04-30 10:30:15',NULL),(139,68,'PartAttachment','589d9efa-a98e-11eb-9d0b-551ac8d3b5b0','Res 5.6 K.jpg','image/jpeg',95848,'',NULL,'2021-04-30 10:30:40',NULL),(140,70,'PartAttachment','6bde5860-a98e-11eb-901e-6f2218f28871','Res 6.2 K.jpg','image/jpeg',80691,'',NULL,'2021-04-30 10:31:12',NULL),(141,71,'PartAttachment','76e34518-a98e-11eb-8ecc-e96f6b2e85fe','Res 6.8 K.jpg','image/jpeg',96849,'',NULL,'2021-04-30 10:31:30',NULL),(142,72,'PartAttachment','8850f426-a98e-11eb-8a55-1813cdd9f178','Res 7.5 K.jpg','image/jpeg',88825,'',NULL,'2021-04-30 10:32:00',NULL),(143,73,'PartAttachment','a174e9b2-a98e-11eb-8ea0-19dfddec2f41','Res 8.2 K.jpg','image/jpeg',100990,'',NULL,'2021-04-30 10:32:42',NULL),(144,74,'PartAttachment','ac30db4a-a98e-11eb-b08b-21d5fc115905','Res 9.1 K.jpg','image/jpeg',85055,'',NULL,'2021-04-30 10:33:00',NULL),(145,75,'PartAttachment','a4c7a3ec-a98f-11eb-874a-0c0dc85270e2','Nova Resistencias.pdf','application/pdf',405198,'pdf',NULL,'2021-04-30 10:39:57',0),(146,76,'PartAttachment','bee4a496-a98f-11eb-9a8b-afed587091c9','Nova Resistencias.pdf','application/pdf',405198,'pdf',NULL,'2021-04-30 10:40:41',0),(147,77,'PartAttachment','0807069a-a9a0-11eb-8e26-feb4bbb078b3','Nova Resistencias.pdf','application/pdf',405198,'pdf',NULL,'2021-04-30 12:37:15',0),(148,78,'PartAttachment','7e1adbc2-a9a0-11eb-969f-00b4d776ddf8','Nova Resistencias.pdf','application/pdf',405198,'pdf',NULL,'2021-04-30 12:40:34',0),(149,79,'PartAttachment','99d246b6-a9a0-11eb-89e8-af63826137ae','Nova Resistencias.pdf','application/pdf',405198,'pdf',NULL,'2021-04-30 12:41:20',0),(150,80,'PartAttachment','ba7288ae-a9a0-11eb-ada7-bc317ee86f93','Nova Resistencias.pdf','application/pdf',405198,'pdf',NULL,'2021-04-30 12:42:15',0),(151,81,'PartAttachment','cd5b5e1e-a9a0-11eb-9288-b751f5d90e20','Nova Resistencias.pdf','application/pdf',405198,'pdf',NULL,'2021-04-30 12:42:47',0),(152,82,'PartAttachment','e9bd2fce-a9a0-11eb-8ea0-28a321bd1f47','Nova Resistencias.pdf','application/pdf',405198,'pdf',NULL,'2021-04-30 12:43:34',0),(153,83,'PartAttachment','1b5850fe-a9a1-11eb-af9f-996c998189b1','Nova Resistencias.pdf','application/pdf',405198,'pdf',NULL,'2021-04-30 12:44:57',0),(154,84,'PartAttachment','3fa571da-a9a1-11eb-ad41-d1fc9a4db924','Nova Resistencias.pdf','application/pdf',405198,'pdf',NULL,'2021-04-30 12:45:58',0),(155,85,'PartAttachment','69eb39e8-a9a1-11eb-bd8d-227721b1b1cb','Nova Resistencias.pdf','application/pdf',405198,'pdf',NULL,'2021-04-30 12:47:09',0),(156,86,'PartAttachment','842215c0-a9a1-11eb-982a-8f96d9b4b97b','Nova Resistencias.pdf','application/pdf',405198,'pdf',NULL,'2021-04-30 12:47:53',0),(157,87,'PartAttachment','c8919de8-a9a1-11eb-b572-4480661332bf','Nova Resistencias.pdf','application/pdf',405198,'pdf',NULL,'2021-04-30 12:49:48',0),(158,88,'PartAttachment','fd6fbb44-a9a1-11eb-9e30-ad54ed0e77a9','Nova Resistencias.pdf','application/pdf',405198,'pdf',NULL,'2021-04-30 12:51:17',0),(159,89,'PartAttachment','5af2b0d2-a9a2-11eb-b16e-d02800396b48','Nova Resistencias.pdf','application/pdf',405198,'pdf',NULL,'2021-04-30 12:53:54',0),(160,90,'PartAttachment','80ebc8c8-a9a2-11eb-9475-e55a28beb5f9','Nova Resistencias.pdf','application/pdf',405198,'pdf',NULL,'2021-04-30 12:54:57',0),(161,91,'PartAttachment','a439bf38-a9a2-11eb-a42e-9152f983fa59','Nova Resistencias.pdf','application/pdf',405198,'pdf',NULL,'2021-04-30 12:55:56',0),(162,92,'PartAttachment','caabd41c-a9a2-11eb-96bc-bb95887bd9e0','Nova Resistencias.pdf','application/pdf',405198,'pdf',NULL,'2021-04-30 12:57:01',0),(163,93,'PartAttachment','77fd4834-a9a4-11eb-b399-220087a1bc38','Nova Resistencias.pdf','application/pdf',405198,'pdf',NULL,'2021-04-30 13:09:01',0),(164,94,'PartAttachment','b44a1ede-a9a4-11eb-b3f4-45f39bf7edfd','Nova Resistencias.pdf','application/pdf',405198,'pdf',NULL,'2021-04-30 13:10:42',0),(165,95,'PartAttachment','d727c848-a9a4-11eb-a09c-19d2685655be','Nova Resistencias.pdf','application/pdf',405198,'pdf',NULL,'2021-04-30 13:11:41',0),(166,96,'PartAttachment','18fd2d9e-a9a5-11eb-a66f-3bf92a193340','Nova Resistencias.pdf','application/pdf',405198,'pdf',NULL,'2021-04-30 13:13:31',0),(167,97,'PartAttachment','34557272-a9a5-11eb-9f54-52dae97aea26','Nova Resistencias.pdf','application/pdf',405198,'pdf',NULL,'2021-04-30 13:14:17',0),(168,98,'PartAttachment','4d71b4a0-a9a5-11eb-afe8-416f1a445b83','Nova Resistencias.pdf','application/pdf',405198,'pdf',NULL,'2021-04-30 13:14:59',0),(169,14,'PartAttachment','ed1a1352-a9a6-11eb-8dc0-538aef55830d','Res 30Ω.jpg','image/jpeg',68109,'',NULL,'2021-04-30 13:26:37',NULL),(170,99,'PartAttachment','2199d990-a9a8-11eb-9c8f-95a846db2908','Nova Resistencias.pdf','application/pdf',405198,'pdf',NULL,'2021-04-30 13:35:14',0),(171,75,'PartAttachment','3e2a14d4-a9ae-11eb-aec3-8d92738faf77','Res 10 K.jpg','image/jpeg',103691,'',NULL,'2021-04-30 14:18:59',NULL),(172,76,'PartAttachment','5fe280c0-a9ae-11eb-af0b-f6edf6196e8e','Res 11 K.jpg','image/jpeg',112606,'',NULL,'2021-04-30 14:19:56',NULL),(173,77,'PartAttachment','8a236930-a9ae-11eb-ab26-77a36e666d1e','Res 12 K.jpg','image/jpeg',112678,'',NULL,'2021-04-30 14:21:07',NULL),(174,78,'PartAttachment','99c57842-a9ae-11eb-8def-c86f6351ff76','Res 13 K.jpg','image/jpeg',110417,'',NULL,'2021-04-30 14:21:33',NULL),(175,79,'PartAttachment','a91cd132-a9ae-11eb-b2f1-9cb8bf4c2314','Res 15 K.jpg','image/jpeg',104794,'',NULL,'2021-04-30 14:21:59',NULL),(176,80,'PartAttachment','b60a9f8c-a9ae-11eb-854a-66c852b8a5f2','Res 16 K.jpg','image/jpeg',102000,'',NULL,'2021-04-30 14:22:20',NULL),(177,81,'PartAttachment','c309d6da-a9ae-11eb-9b87-1fc9260c705a','Res 18 K.jpg','image/jpeg',131444,'',NULL,'2021-04-30 14:22:42',NULL),(178,82,'PartAttachment','cf1e7d54-a9ae-11eb-9848-c4b0c34675f4','Res 20 K.jpg','image/jpeg',111842,'',NULL,'2021-04-30 14:23:02',NULL),(179,83,'PartAttachment','db434790-a9ae-11eb-964e-6523b1005413','Res 22 K.jpg','image/jpeg',116967,'',NULL,'2021-04-30 14:23:23',NULL),(180,85,'PartAttachment','e99a14a4-a9ae-11eb-9315-e2f44ad284a0','Res 24 K.jpg','image/jpeg',103400,'',NULL,'2021-04-30 14:23:47',NULL),(181,84,'PartAttachment','f8a5df96-a9ae-11eb-882a-461b1c3ed00b','Res 27 K.jpg','image/jpeg',123527,'',NULL,'2021-04-30 14:24:12',NULL),(182,93,'PartAttachment','05b0278c-a9af-11eb-9760-57e302e5ca7e','Res 30 K.jpg','image/jpeg',104242,'',NULL,'2021-04-30 14:24:34',NULL),(183,94,'PartAttachment','1514d15a-a9af-11eb-9e5b-a3385ea79381','Res 33 K.jpg','image/jpeg',132203,'',NULL,'2021-04-30 14:25:00',NULL),(184,99,'PartAttachment','1ff61458-a9af-11eb-a307-b30ea0c6603b','Res 36 K.jpg','image/jpeg',108586,'',NULL,'2021-04-30 14:25:18',NULL),(185,95,'PartAttachment','2cf19dc6-a9af-11eb-a846-2429b208c4af','Res 39 K.jpg','image/jpeg',98107,'',NULL,'2021-04-30 14:25:40',NULL),(186,96,'PartAttachment','39b9229a-a9af-11eb-8966-2dabac090cb3','Res 43 K.jpg','image/jpeg',85048,'',NULL,'2021-04-30 14:26:01',NULL),(187,97,'PartAttachment','45e71e64-a9af-11eb-958a-e34a3fbe5998','Res 47 K.jpg','image/jpeg',91425,'',NULL,'2021-04-30 14:26:22',NULL),(188,86,'PartAttachment','52b097ce-a9af-11eb-aaca-834b5be27e1d','Res 51 K.jpg','image/jpeg',100774,'',NULL,'2021-04-30 14:26:43',NULL),(189,87,'PartAttachment','5f2d91dc-a9af-11eb-b0f6-3f956e676b44','Res 56K.jpg','image/jpeg',113016,'',NULL,'2021-04-30 14:27:04',NULL),(190,88,'PartAttachment','6be164e4-a9af-11eb-a288-4e8891e16cdb','Res 62K.jpg','image/jpeg',105147,'',NULL,'2021-04-30 14:27:25',NULL),(191,89,'PartAttachment','769ca830-a9af-11eb-9a97-724b99a20c66','Res 68 K.jpg','image/jpeg',101172,'',NULL,'2021-04-30 14:27:43',NULL),(192,91,'PartAttachment','80dc2cc6-a9af-11eb-9779-aaceead76a9b','Res 75 K.jpg','image/jpeg',92460,'',NULL,'2021-04-30 14:28:01',NULL),(193,90,'PartAttachment','89d0df48-a9af-11eb-b67e-f92ad5211236','Res 82 K.jpg','image/jpeg',103131,'',NULL,'2021-04-30 14:28:16',NULL),(194,92,'PartAttachment','93b80554-a9af-11eb-ae7a-95a45a026962','Res 91 K.jpg','image/jpeg',74233,'',NULL,'2021-04-30 14:28:32',NULL),(197,102,'PartAttachment','b58de948-abdd-11eb-8941-67f9518321ff','Nova Resistencias.pdf','application/pdf',405198,'pdf',NULL,'2021-05-03 09:03:48',0),(198,103,'PartAttachment','c8df2c1e-abdd-11eb-8b9e-8bcc3e20e5f8','Nova Resistencias.pdf','application/pdf',405198,'',NULL,'2021-05-03 09:04:21',NULL),(199,104,'PartAttachment','f19ac23a-abdd-11eb-8fac-e80be7e9a5b4','Nova Resistencias.pdf','application/pdf',405198,'pdf',NULL,'2021-05-03 09:05:29',0),(200,105,'PartAttachment','036b9f20-abde-11eb-8680-5887826fb407','Nova Resistencias.pdf','application/pdf',405198,'pdf',NULL,'2021-05-03 09:05:59',0),(201,106,'PartAttachment','173b8e98-abde-11eb-8408-46e5e0838b88','Nova Resistencias.pdf','application/pdf',405198,'pdf',NULL,'2021-05-03 09:06:32',0),(202,107,'PartAttachment','276c089c-abde-11eb-9c69-9196e3f882bd','Nova Resistencias.pdf','application/pdf',405198,'pdf',NULL,'2021-05-03 09:06:59',0),(203,108,'PartAttachment','3a693780-abde-11eb-8a0c-33b86b228a76','Nova Resistencias.pdf','application/pdf',405198,'pdf',NULL,'2021-05-03 09:07:31',0),(204,109,'PartAttachment','4d8faaec-abde-11eb-bd13-1de084226e5b','Nova Resistencias.pdf','application/pdf',405198,'pdf',NULL,'2021-05-03 09:08:03',0),(205,110,'PartAttachment','63e908d8-abde-11eb-be5f-5a0b82ccdd8a','Nova Resistencias.pdf','application/pdf',405198,'pdf',NULL,'2021-05-03 09:08:41',0),(206,111,'PartAttachment','74f1c5ca-abde-11eb-9aa7-8a0ff5ac03c6','Nova Resistencias.pdf','application/pdf',405198,'pdf',NULL,'2021-05-03 09:09:09',0),(207,112,'PartAttachment','8f777264-abde-11eb-a5da-2ed8e262eb97','Nova Resistencias.pdf','application/pdf',405198,'pdf',NULL,'2021-05-03 09:09:54',0),(208,113,'PartAttachment','a0c139b0-abde-11eb-ab43-7cdcf8f365d6','Nova Resistencias.pdf','application/pdf',405198,'pdf',NULL,'2021-05-03 09:10:23',0),(209,114,'PartAttachment','d66d3c8a-abde-11eb-8a0c-9aa5817dc5fa','Nova Resistencias.pdf','application/pdf',405198,'pdf',NULL,'2021-05-03 09:11:53',0),(210,115,'PartAttachment','ee7db71e-abde-11eb-9bc7-70700c5e3247','Nova Resistencias.pdf','application/pdf',405198,'pdf',NULL,'2021-05-03 09:12:33',0),(211,116,'PartAttachment','03c4d9fe-abdf-11eb-a7b7-8c04d19e001b','Nova Resistencias.pdf','application/pdf',405198,'pdf',NULL,'2021-05-03 09:13:09',0),(212,117,'PartAttachment','1a1d1a04-abdf-11eb-9a71-c365d000c003','Nova Resistencias.pdf','application/pdf',405198,'pdf',NULL,'2021-05-03 09:13:46',0),(213,118,'PartAttachment','49053edc-abdf-11eb-acaf-c929f55e2203','Nova Resistencias.pdf','application/pdf',405198,'pdf',NULL,'2021-05-03 09:15:05',0),(214,119,'PartAttachment','5ccadd6e-abdf-11eb-9b4e-8ffaafae1a45','Nova Resistencias.pdf','application/pdf',405198,'pdf',NULL,'2021-05-03 09:15:38',0),(215,120,'PartAttachment','75341de8-abdf-11eb-abbe-367057f23824','Nova Resistencias.pdf','application/pdf',405198,'pdf',NULL,'2021-05-03 09:16:19',0),(216,121,'PartAttachment','8a3cd248-abdf-11eb-b910-9fe4c20cfe98','Nova Resistencias.pdf','application/pdf',405198,'pdf',NULL,'2021-05-03 09:16:55',0),(217,122,'PartAttachment','9f778fe0-abdf-11eb-ac77-89dc20433b30','Nova Resistencias.pdf','application/pdf',405198,'',NULL,'2021-05-03 09:17:30',0),(218,123,'PartAttachment','b56530be-abdf-11eb-ab7b-344a650d6749','Nova Resistencias.pdf','application/pdf',405198,'pdf',NULL,'2021-05-03 09:18:07',0),(219,124,'PartAttachment','0f2d6288-abe0-11eb-8ee2-e6a153ebbbc2','Nova Resistencias.pdf','application/pdf',405198,'pdf',NULL,'2021-05-03 09:20:38',0),(220,125,'PartAttachment','26de7e30-abe0-11eb-b9e0-fb00d85b97c0','Nova Resistencias.pdf','application/pdf',405198,'pdf',NULL,'2021-05-03 09:21:17',0),(221,102,'PartAttachment','6cd114b4-abe7-11eb-892b-6c3ede1f4bdf','Res 100 k.jpg','image/jpeg',145656,'',NULL,'2021-05-03 10:13:21',NULL),(222,98,'PartAttachment','a29b1432-abe7-11eb-b141-62f96fd0d3bc','Res 110 k.jpg','image/jpeg',105194,'',NULL,'2021-05-03 10:14:51',NULL),(223,104,'PartAttachment','ae5dff50-abe7-11eb-93e3-d55eb547713a','Res 120 k.jpg','image/jpeg',111994,'',NULL,'2021-05-03 10:15:11',NULL),(224,105,'PartAttachment','c35278c8-abe7-11eb-9575-44c9a8402a76','Res 130 k.jpg','image/jpeg',90794,'',NULL,'2021-05-03 10:15:46',NULL),(225,106,'PartAttachment','d0af84ca-abe7-11eb-89c2-5cc4f0e237d6','Res 150 k.jpg','image/jpeg',123417,'',NULL,'2021-05-03 10:16:09',NULL),(226,107,'PartAttachment','e20e4e18-abe7-11eb-a123-546b8c119cd0','Res 160 k.jpg','image/jpeg',120184,'',NULL,'2021-05-03 10:16:38',NULL),(227,108,'PartAttachment','f1196fe6-abe7-11eb-af2e-7180c281b6de','Res 180 k.jpg','image/jpeg',127608,'',NULL,'2021-05-03 10:17:03',NULL),(228,109,'PartAttachment','0635fca0-abe8-11eb-869c-21253761ca54','Res 200 k.jpg','image/jpeg',115597,'',NULL,'2021-05-03 10:17:38',NULL),(229,110,'PartAttachment','1449c8c6-abe8-11eb-9e47-bf65ce7bf05b','Res 220 k.jpg','image/jpeg',104744,'',NULL,'2021-05-03 10:18:02',NULL),(230,111,'PartAttachment','29677118-abe8-11eb-9f28-70efd8ef2f18','Res 240 k.jpg','image/jpeg',138297,'',NULL,'2021-05-03 10:18:38',NULL),(231,112,'PartAttachment','389596a6-abe8-11eb-9fbb-53ce949c7a90','Res 270 k.jpg','image/jpeg',132098,'',NULL,'2021-05-03 10:19:03',NULL),(232,113,'PartAttachment','4702670a-abe8-11eb-a556-fae0a15a3d8f','Res 300 k.jpg','image/jpeg',83081,'',NULL,'2021-05-03 10:19:27',NULL),(233,114,'PartAttachment','55eb8576-abe8-11eb-a5ec-52adee735d76','Res 330 k.jpg','image/jpeg',109841,'',NULL,'2021-05-03 10:19:52',NULL),(234,115,'PartAttachment','659e8374-abe8-11eb-b363-2732dda8e580','Res 360 k.jpg','image/jpeg',131568,'',NULL,'2021-05-03 10:20:19',NULL),(235,116,'PartAttachment','7e639b24-abe8-11eb-92f6-c31b9e3ea6d8','Res 390 k.jpg','image/jpeg',125300,'',NULL,'2021-05-03 10:21:00',NULL),(236,117,'PartAttachment','8d214b7a-abe8-11eb-a275-4055cfbfd9ab','Res 430 k.jpg','image/jpeg',123568,'',NULL,'2021-05-03 10:21:25',NULL),(237,118,'PartAttachment','a24608ba-abe8-11eb-b3d4-0b79758b1d2f','Res 470 k.jpg','image/jpeg',109599,'',NULL,'2021-05-03 10:22:00',NULL),(238,119,'PartAttachment','b15a57c0-abe8-11eb-a110-4f2171a265c9','Res 510 k.jpg','image/jpeg',129015,'',NULL,'2021-05-03 10:22:26',NULL),(239,120,'PartAttachment','c3d7d88c-abe8-11eb-82a6-f4254977e07a','Res 560 k.jpg','image/jpeg',117335,'',NULL,'2021-05-03 10:22:57',NULL),(240,121,'PartAttachment','d714ed54-abe8-11eb-9b99-5c540de01c4f','Res 620 k.jpg','image/jpeg',89852,'',NULL,'2021-05-03 10:23:29',NULL),(241,123,'PartAttachment','f6116f3e-abe8-11eb-a607-3504a9c612ac','Res 750 k.jpg','image/jpeg',125778,'',NULL,'2021-05-03 10:24:21',NULL),(242,124,'PartAttachment','03303b00-abe9-11eb-bf96-72499462fbba','Res 820 k.jpg','image/jpeg',140023,'',NULL,'2021-05-03 10:24:43',NULL),(243,125,'PartAttachment','175d98de-abe9-11eb-bbda-c08b555832b1','Res 1.0 M.jpg','image/jpeg',122561,'',NULL,'2021-05-03 10:25:17',NULL),(244,131,'PartAttachment','dde5b194-ac02-11eb-964e-ef372a1b60fc','PR ROYAL.jpg','image/jpeg',75538,'jpeg',NULL,'2021-05-03 13:29:47',1),(245,130,'PartAttachment','ead9c5de-ac02-11eb-b50b-169ad40a9507','PR HS-50.jpg','image/jpeg',41320,'jpeg',NULL,'2021-05-03 13:30:09',1),(246,129,'PartAttachment','f9b08ef8-ac02-11eb-8e0b-40573305d7b7','PR RCD 25 W.jpg','image/jpeg',44761,'jpeg',NULL,'2021-05-03 13:30:34',1),(247,128,'PartAttachment','05d2a8c4-ac03-11eb-b799-d76beeafe058','PR RCL AL-50.jpg','image/jpeg',68493,'jpeg',NULL,'2021-05-03 13:30:54',1),(248,133,'PartAttachment','13113c76-ac03-11eb-a1fe-c561decd3171','PR MICRON.jpg','image/jpeg',29136,'jpeg',NULL,'2021-05-03 13:31:16',1),(249,127,'PartAttachment','3c3e4df0-ac03-11eb-9d5e-e4f6e8511678','PR DH 150.jpg','image/jpeg',45620,'jpeg',NULL,'2021-05-03 13:32:26',1),(250,126,'PartAttachment','521562e4-ac03-11eb-9507-d8180ac43e03','PR ARCOL.jpg','image/jpeg',99387,'jpeg',NULL,'2021-05-03 13:33:02',1),(251,132,'PartAttachment','5cff48a0-ac03-11eb-bd8a-f2d2f4c5a4cf','PR PWR-5 W.jpg','image/jpeg',26842,'jpeg',NULL,'2021-05-03 13:33:21',1),(252,131,'PartAttachment','7ee8e494-ac03-11eb-b223-0f6e1d64ad8c','ROYAL RESITORS.pdf','application/pdf',631551,'pdf',NULL,'2021-05-03 13:34:17',0),(253,130,'PartAttachment','89296bb8-ac03-11eb-b5f9-06cbe4b01e09','HS ARCOL.pdf','application/pdf',329717,'pdf',NULL,'2021-05-03 13:34:35',0),(254,135,'PartAttachment','837fb30c-ad70-11eb-ab1b-f35203848c57','SMD 1 Ω.jpg','image/jpeg',67376,'jpeg',NULL,'2021-05-05 09:07:11',1),(255,136,'PartAttachment','d05a8c4c-ad70-11eb-a65f-bb63ca241b96','SMD 150 K.jpg','image/jpeg',56281,'',NULL,'2021-05-05 09:09:20',1),(256,137,'PartAttachment','f6ac6e06-ad70-11eb-a083-59644b0a1d2f','SMD 1 K.jpg','image/jpeg',62794,'',NULL,'2021-05-05 09:10:25',1),(257,138,'PartAttachment','33d1063e-ad71-11eb-9ea0-784677183ce3','SMD 200 K.jpg','image/jpeg',58647,'',NULL,'2021-05-05 09:12:07',1),(258,139,'PartAttachment','65f439ce-ad71-11eb-b798-2aeec48a1376','SMD 220 K.jpg','image/jpeg',56283,'',NULL,'2021-05-05 09:13:31',1),(259,140,'PartAttachment','96be2aa6-ad71-11eb-a320-d8fd87bd9136','SMD 91 K.jpg','image/jpeg',60838,'',NULL,'2021-05-05 09:14:53',1),(260,141,'PartAttachment','bc4f6a6e-ad71-11eb-9998-aff0cda7ba22','SMD 39 K.jpg','image/jpeg',56779,'',NULL,'2021-05-05 09:15:56',1),(261,142,'PartAttachment','90fe7e44-ad72-11eb-a51d-2730c08e1b16','SMD 2Ω.jpg','image/jpeg',45161,'',NULL,'2021-05-05 09:21:53',1),(262,143,'PartAttachment','b12b89be-ad72-11eb-83c8-0dc6312da18f','SMD 68 Ω.jpg','image/jpeg',75909,'',NULL,'2021-05-05 09:22:47',1),(263,144,'PartAttachment','e97c7c88-ad72-11eb-9b75-1ad1a1b0ddcb','SMD 47 Ω.jpg','image/jpeg',71843,'',NULL,'2021-05-05 09:24:22',1),(264,145,'PartAttachment','8269ec5a-ad73-11eb-a0b2-6fa41dba8030','SMD 33 K.jpg','image/jpeg',69022,'jpeg',NULL,'2021-05-05 09:28:38',1),(265,146,'PartAttachment','dbf8c868-ad73-11eb-9af2-453dd8fcd7b6','SMD 270 K.jpg','image/jpeg',60176,'',NULL,'2021-05-05 09:31:08',1),(266,147,'PartAttachment','06a17ff6-ad74-11eb-98ea-857f24dd33c0','SMD 15 K.jpg','image/jpeg',56286,'',NULL,'2021-05-05 09:32:20',1),(267,148,'PartAttachment','37b48d68-ad74-11eb-b553-6681f99de9b5','SMD 75 K.jpg','image/jpeg',60846,'',NULL,'2021-05-05 09:33:42',1),(268,149,'PartAttachment','6dd03ae6-ad74-11eb-8f57-4c6e4e1bbc77','SMD 82 K.jpg','image/jpeg',59151,'',NULL,'2021-05-05 09:35:13',1),(269,150,'PartAttachment','cd4d3f28-ad74-11eb-8b27-d7b1ef7a5637','SMD 10 K.jpg','image/jpeg',61633,'',NULL,'2021-05-05 09:37:53',1),(270,151,'PartAttachment','f7ef31d2-ad74-11eb-9a87-6fc224c740d5','SMD 820 K.jpg','image/jpeg',68423,'',NULL,'2021-05-05 09:39:05',1),(271,152,'PartAttachment','8f5e246a-ad75-11eb-a358-37301bb506fe','SMD 768 K (2).jpg','image/jpeg',51108,'',NULL,'2021-05-05 09:43:19',1),(272,153,'PartAttachment','fc8a7174-ad75-11eb-b978-37b8be9a05e9','SMD 750 K.jpg','image/jpeg',62842,'',NULL,'2021-05-05 09:46:22',1),(273,154,'PartAttachment','248b72c2-ad76-11eb-8b93-bcab90c2d751','SMD 330 K.jpg','image/jpeg',55836,'',NULL,'2021-05-05 09:47:29',1),(274,155,'PartAttachment','4927cf86-ad76-11eb-82be-c4922e495171','SMD 649 K.jpg','image/jpeg',61624,'',NULL,'2021-05-05 09:48:31',1),(275,156,'PartAttachment','77132d0a-ad76-11eb-a977-37f6d8d35113','SMD 1.5 K.jpg','image/jpeg',61929,'jpeg',NULL,'2021-05-05 09:49:48',1),(276,157,'PartAttachment','c401a8c6-ad76-11eb-adf2-3eee28fada41','SMD 390 K.jpg','image/jpeg',68107,'',NULL,'2021-05-05 09:51:57',1),(277,158,'PartAttachment','05eee6c2-ad77-11eb-8760-50bf288633f1','SMD 56 K.jpg','image/jpeg',62359,'',NULL,'2021-05-05 09:53:47',1),(278,159,'PartAttachment','40ea06bc-ad77-11eb-9c0c-87304d5adbc9','SMD 2.7 K.jpg','image/jpeg',61561,'',NULL,'2021-05-05 09:55:26',1),(279,160,'PartAttachment','6d4ee70e-ad77-11eb-bda0-4dd05bd18ce8','SMD 5.6 K.jpg','image/jpeg',64145,'',NULL,'2021-05-05 09:56:41',1),(280,161,'PartAttachment','932a8a46-ad77-11eb-84f1-6dfdd5e74011','SMD 280 Ω.jpg','image/jpeg',61415,'',NULL,'2021-05-05 09:57:44',1),(281,162,'PartAttachment','d4a708e6-ad77-11eb-84b0-d2b2ba3ea61d','SMD 560 K.jpg','image/jpeg',64351,'',NULL,'2021-05-05 09:59:34',1),(282,163,'PartAttachment','0c110822-ad78-11eb-abb3-955efa1825c8','SMD 10 Ω.jpg','image/jpeg',75378,'',NULL,'2021-05-05 10:01:07',1),(283,164,'PartAttachment','3ae0239a-ad78-11eb-8b43-75967fd03971','SMD 470 K.jpg','image/jpeg',61775,'',NULL,'2021-05-05 10:02:26',1),(286,165,'PartAttachment','e4bcf37a-ad78-11eb-9c2e-096eb5904041','SMD 4.7 Ω.jpg','image/jpeg',59805,'',NULL,'2021-05-05 10:07:11',1),(287,166,'PartAttachment','0c7a588a-ad79-11eb-b574-7e0c6a7106b2','SMD 3.3 K.jpg','image/jpeg',59050,'',NULL,'2021-05-05 10:08:17',1),(288,167,'PartAttachment','6039549e-ad79-11eb-aecd-53c49ce9d88d','SMD 100 Ω.jpg','image/jpeg',63199,'',NULL,'2021-05-05 10:10:38',1),(289,168,'PartAttachment','8f28b088-ad79-11eb-9c66-f8227c89a151','SMD 47 K.jpg','image/jpeg',64861,'',NULL,'2021-05-05 10:11:56',1),(290,169,'PartAttachment','3e59ec2a-ad7a-11eb-869c-1a826816450b','SMD 43 K.jpg','image/jpeg',40192,'',NULL,'2021-05-05 10:16:50',1),(291,134,'PartAttachment','1e6dc02c-ad7e-11eb-9684-d7f2488b3f78','BC337.PNG','image/png',97135,'png',NULL,'2021-05-05 10:44:35',1),(292,170,'PartAttachment','ebadb218-ad7e-11eb-acff-0535802b1312','BC327.PNG','image/png',90552,'png',NULL,'2021-05-05 10:50:19',1),(293,171,'PartAttachment','6364dfde-ad7f-11eb-b6a5-eb810573e747','2N2222.PNG','image/png',57294,'png',NULL,'2021-05-05 10:53:40',1),(294,172,'PartAttachment','f5312170-ad7f-11eb-8b89-014bd850a004','2N2907.PNG','image/png',70159,'png',NULL,'2021-05-05 10:57:45',1),(295,173,'PartAttachment','63604cca-ad80-11eb-ad87-cd709406fb87','2N3906.PNG','image/png',35691,'png',NULL,'2021-05-05 11:00:49',1),(296,174,'PartAttachment','daadd5c2-ad80-11eb-b9e7-e734526417b5','2N3906.PNG','image/png',35691,'png',NULL,'2021-05-05 11:04:10',1),(297,175,'PartAttachment','6d3f4484-ad81-11eb-80ef-722ef2144895','S8050.PNG','image/png',73713,'',NULL,'2021-05-05 11:08:16',1),(298,176,'PartAttachment','bc2ba09c-ad81-11eb-bf18-c3653b193611','S8550.PNG','image/png',140619,'png',NULL,'2021-05-05 11:10:28',1),(299,177,'PartAttachment','2e563e02-ad82-11eb-8e1a-203914f2db2b','A1015.PNG','image/png',283945,'png',NULL,'2021-05-05 11:13:39',1),(300,178,'PartAttachment','d3941ed4-ad82-11eb-9eb3-d1e17737b130','C1815.PNG','image/png',43450,'',NULL,'2021-05-05 11:18:17',1),(301,179,'PartAttachment','42f857d4-ad8f-11eb-9b26-67704546273c','PeineRoscas-387-0183.pdf','application/pdf',348160,'pdf',NULL,'2021-05-05 12:47:18',0),(302,179,'PartAttachment','42fb0498-ad8f-11eb-a5c6-aed0855cda15','PeineRoscas387-0183.PNG','image/png',64257,'png',NULL,'2021-05-05 12:47:18',1),(303,180,'PartAttachment','e5afc5ca-ad8f-11eb-89ce-bd4d1af4f05f','Macho-152-053.pdf','application/pdf',411961,'pdf',NULL,'2021-05-05 12:51:51',0),(304,180,'PartAttachment','e5b242f0-ad8f-11eb-8dd5-2320c444bfa8','Macho-152-053.PNG','image/png',42321,'png',NULL,'2021-05-05 12:51:51',1),(305,181,'PartAttachment','def06e4e-ad92-11eb-88b0-09677c65cff8','Peine de Rosca.PNG','image/png',13977,'png',NULL,'2021-05-05 13:13:08',1),(306,181,'PartAttachment','def1f58e-ad92-11eb-b94b-0f3ff00b6864','PeineRosca-683-0743.pdf','application/pdf',725957,'pdf',NULL,'2021-05-05 13:13:08',0),(307,182,'PartAttachment','1b6426ee-ad94-11eb-b4d8-9445bb3db2ae','PeineRosca-683-0756.PNG','image/png',17167,'png',NULL,'2021-05-05 13:21:59',1),(308,182,'PartAttachment','1b658214-ad94-11eb-85f9-8b934f2f1a86','PeineRosca683-0756.pdf','application/pdf',277211,'pdf',NULL,'2021-05-05 13:21:59',0),(309,183,'PartAttachment','6125dd28-ad97-11eb-899e-af1b63b1ba57','Juego de Punzones.jpg','image/jpeg',61633,'jpeg',NULL,'2021-05-05 13:45:24',1),(310,184,'PartAttachment','2240b9f8-ad9b-11eb-9d2b-32e52e2d2a8f','MachosRosacr G 1-4 HSSG.jpg','image/jpeg',85447,'',NULL,'2021-05-05 14:12:17',1),(311,185,'PartAttachment','6bb67fb4-ad9b-11eb-bf40-ca50c74a0d91','Cojinete para roscar.jpg','image/jpeg',52758,'',NULL,'2021-05-05 14:14:20',1),(312,187,'PartAttachment','3d3a90bc-ae5e-11eb-99a7-e201f7a05e62',' LED PLCC6 3 in 1 SMD.jpg','image/jpeg',59929,'',NULL,'2021-05-06 13:28:54',NULL),(313,187,'PartAttachment','3d3c8890-ae5e-11eb-a970-59256791f9a6','CLX6F-FKC.PNG','image/png',40708,'',NULL,'2021-05-06 13:28:54',NULL),(314,188,'PartAttachment','ac257e72-ae60-11eb-b663-a68c136b1d27','PULSADORES 506-FSM6JH.pdf','application/pdf',250389,'pdf',NULL,'2021-05-06 13:46:19',0),(315,188,'PartAttachment','ac27c61e-ae60-11eb-8a84-da303a7fcb35','PULSADORES 506-FSM6JH.jpg','image/jpeg',44472,'jpeg',NULL,'2021-05-06 13:46:19',1),(318,190,'PartAttachment','f3108718-af01-11eb-af9a-f7e4f7e241a1','PULSADOR RECTANGULOS 506-FSM6JH.jpg','image/jpeg',23641,'jpeg',NULL,'2021-05-07 09:00:47',1),(319,189,'PartAttachment','e5806dec-af02-11eb-841d-767f266750b6','PULSADOR FARNELL.PNG','image/png',43699,'png',NULL,'2021-05-07 09:07:34',1),(321,192,'PartAttachment','bc396894-af07-11eb-a241-5c9822a1a6e2','Res 100 k.jpg','image/jpeg',69184,'',NULL,'2021-05-07 09:42:12',1),(322,193,'PartAttachment','cb78f19c-af09-11eb-9070-015dc2d8fd0b','Condensador cerámico Murata.jpg','image/jpeg',88626,'',NULL,'2021-05-07 09:56:56',1),(323,193,'PartAttachment','cb7ab7de-af09-11eb-b37c-232e0d581b0e','Condensador cerámico, Murata.pdf','application/pdf',93301,'',NULL,'2021-05-07 09:56:56',0),(324,194,'PartAttachment','5a480e70-af0b-11eb-b8ae-f9ae35045542','RESISTENCIAS FH  RS-05K101JT.pdf','application/pdf',2021791,'',NULL,'2021-05-07 10:08:05',0),(325,194,'PartAttachment','5a4e519a-af0b-11eb-aca8-a8f66394355f','Res LCSC 0805 100 Ω.jpg','image/jpeg',68217,'',NULL,'2021-05-07 10:08:05',1),(326,195,'PartAttachment','bd49423a-af0d-11eb-9c0d-c3808b72b603','DiodesSwitchingDiode .pdf','application/pdf',995613,'',NULL,'2021-05-07 10:25:11',NULL),(327,195,'PartAttachment','bd4d4312-af0d-11eb-bf7b-f45e6aa6644e','DiodesSwitchingDiode SLKOR.jpg','image/jpeg',70843,'',NULL,'2021-05-07 10:25:11',NULL),(328,197,'PartAttachment','45002f54-af13-11eb-855b-c57121ad88e9','Res 2.2Ω .jpg','image/jpeg',13126,'',NULL,'2021-05-07 11:04:46',1),(329,198,'PartAttachment','c39d28b2-af13-11eb-8628-becc37758f73','Res 6.8Ω .jpg','image/jpeg',16436,'',NULL,'2021-05-07 11:08:18',1),(330,199,'PartAttachment','d8aa99b0-af13-11eb-a584-de84deeb6385','Res 2.7Ω .jpg','image/jpeg',12222,'',NULL,'2021-05-07 11:08:53',1),(331,200,'PartAttachment','9e5301a2-af14-11eb-aca6-332aef8b8261','Res 47Ω .jpg','image/jpeg',19920,'',NULL,'2021-05-07 11:14:25',1),(332,201,'PartAttachment','ba0040e0-af14-11eb-b5d7-3ef4a9e294ea','Res 83Ω .jpg','image/jpeg',16982,'',NULL,'2021-05-07 11:15:11',1),(333,202,'PartAttachment','d346fb2a-af14-11eb-9e14-473deae44b67','Res 180Ω .jpg','image/jpeg',15239,'',NULL,'2021-05-07 11:15:54',1),(334,203,'PartAttachment','05e1c1c8-af15-11eb-a9e2-ed1bfb12e0be','Res 680Ω .jpg','image/jpeg',12446,'',NULL,'2021-05-07 11:17:19',1),(335,204,'PartAttachment','2b8f6042-af15-11eb-9bbc-d6ab4f0d875a','Res 1.8 k .jpg','image/jpeg',23842,'',NULL,'2021-05-07 11:18:22',1),(336,205,'PartAttachment','479a2d76-af15-11eb-a2df-b121350f127a','Res 3.0 k .jpg','image/jpeg',18074,'jpeg',NULL,'2021-05-07 11:19:09',1),(337,206,'PartAttachment','6d11a9bc-af15-11eb-8763-a1ea982c3abf','Res 22Ω .jpg','image/jpeg',12007,'',NULL,'2021-05-07 11:20:12',1),(338,207,'PartAttachment','883537c2-af15-11eb-9e07-e667dadc321f','Res 56Ω .jpg','image/jpeg',13559,'',NULL,'2021-05-07 11:20:57',1),(339,208,'PartAttachment','ac5351e8-af15-11eb-9473-018a7e25eeb9','Res 330Ω .jpg','image/jpeg',18563,'',NULL,'2021-05-07 11:21:58',1),(340,209,'PartAttachment','e2a2c01c-af15-11eb-bf37-a56df1899957','Res 820Ω .jpg','image/jpeg',18010,'',NULL,'2021-05-07 11:23:29',1),(341,210,'PartAttachment','19d20516-af16-11eb-a159-36d9ddffaa8b','Res 3.3 k.jpg','image/jpeg',17311,'jpeg',NULL,'2021-05-07 11:25:02',1),(342,211,'PartAttachment','38fa00b0-af16-11eb-98b3-e82ab241f082','Res 3.3Ω .jpg','image/jpeg',16985,'',NULL,'2021-05-07 11:25:54',1),(343,212,'PartAttachment','7da8e0d2-af16-11eb-b384-2692248fb6a6','Res 8.2Ω .jpg','image/jpeg',28154,'',NULL,'2021-05-07 11:27:49',1),(344,213,'PartAttachment','b08f22ea-af16-11eb-a9e0-21ed46535ba1','Res 27Ω .jpg','image/jpeg',21962,'',NULL,'2021-05-07 11:29:15',1),(345,214,'PartAttachment','45980636-af17-11eb-b84c-58ed60b16420','Res 100Ω .jpg','image/jpeg',23100,'',NULL,'2021-05-07 11:33:25',1),(346,215,'PartAttachment','647fb184-af17-11eb-b936-47f684614a55','Res 220 Ω .jpg','image/jpeg',19490,'',NULL,'2021-05-07 11:34:17',1),(347,216,'PartAttachment','82bbdf7e-af17-11eb-aad4-bf0aee12f5df','Res 390 Ω .jpg','image/jpeg',26930,'',NULL,'2021-05-07 11:35:07',1),(348,217,'PartAttachment','a2b4764c-af17-11eb-b849-e392ced189af','Res 1.0 k .jpg','image/jpeg',23251,'',NULL,'2021-05-07 11:36:01',1),(349,218,'PartAttachment','1a7a166e-af18-11eb-94a7-8697377fe291','Res 2.4 k .jpg','image/jpeg',26085,'',NULL,'2021-05-07 11:39:22',1),(350,219,'PartAttachment','342b213e-af18-11eb-b862-37bde79e4234','Res 3.9 k .jpg','image/jpeg',20096,'',NULL,'2021-05-07 11:40:05',1),(351,220,'PartAttachment','4f73750e-af18-11eb-80e5-f46480a95bba','Res 4.7Ω .jpg','image/jpeg',25084,'',NULL,'2021-05-07 11:40:51',1),(352,221,'PartAttachment','6b73220e-af18-11eb-b0f4-87684aaadda0','Res 33Ω .jpg','image/jpeg',19621,'',NULL,'2021-05-07 11:41:38',1),(353,222,'PartAttachment','847e5f8e-af18-11eb-84fe-6deb63a213df','Res 150Ω .jpg','image/jpeg',21172,'',NULL,'2021-05-07 11:42:20',1),(354,223,'PartAttachment','b42d51f4-af18-11eb-a679-10d5908430d1','Res 1.5 K .jpg','image/jpeg',18707,'',NULL,'2021-05-07 11:43:40',1),(355,224,'PartAttachment','e65bd876-af18-11eb-a626-874eaa50dfda','Res 2.7 K .jpg','image/jpeg',18184,'',NULL,'2021-05-07 11:45:04',1),(356,225,'PartAttachment','098137d8-af19-11eb-8fdd-8ede649572f4','Res 4.7 K.jpg','image/jpeg',17741,'',NULL,'2021-05-07 11:46:03',1),(357,226,'PartAttachment','8fb83bc8-af1c-11eb-a450-714272d386df','Res 270Ω .jpg','image/jpeg',19279,'',NULL,'2021-05-07 12:11:17',1),(359,227,'PartAttachment','044cef76-b164-11eb-9bc6-d4d1da802bd7','Res RC0805FR-0727RL.PNG','image/png',28022,'png',NULL,'2021-05-10 09:47:49',1),(360,227,'PartAttachment','044d8a4e-b164-11eb-b5c7-c0095beb31ee','Resistencia RC0805FR-0727RL.pdf','application/pdf',768198,'pdf',NULL,'2021-05-10 09:47:49',0),(361,228,'PartAttachment','a393e9d4-b166-11eb-80d1-d1f2e3cb4846','Diodos incorporados-DMG1012T-7.PNG','image/png',96722,'png',NULL,'2021-05-10 10:06:35',1),(362,228,'PartAttachment','a39552ba-b166-11eb-9cf3-89d4f20fd3dc','DIODOS MOSFET-DMG1012T-7.pdf','application/pdf',439392,'pdf',NULL,'2021-05-10 10:06:35',0),(363,228,'PartAttachment','722c7db0-b167-11eb-9ed7-781ed17a82c7','DIODOS MOSFET-DMG1012T-7.jpg','image/jpeg',54208,'',NULL,'2021-05-10 10:12:22',NULL),(364,229,'PartAttachment','331de7f6-b169-11eb-b635-7d468da58482','On semiconductor- Mosfet-DMG1012T-7.jpg','image/jpeg',91597,'',NULL,'2021-05-10 10:24:55',1),(365,229,'PartAttachment','331fbdce-b169-11eb-adca-1a590d86a065','Semiconductor Mosfet-2N7002.PNG','image/png',37073,'',NULL,'2021-05-10 10:24:55',1),(366,229,'PartAttachment','33205248-b169-11eb-9656-2c0ff62de75b','Semiconductor-Mosfet-2N7002.pdf','application/pdf',592944,'',NULL,'2021-05-10 10:24:55',0),(367,230,'PartAttachment','a8185b26-b16a-11eb-8e25-293b89ca23bb',' indicadores de audio-PS1420P02CT.jpg','image/jpeg',83979,'',NULL,'2021-05-10 10:35:20',1),(368,230,'PartAttachment','a819eefa-b16a-11eb-8abf-0bee11a1a90c','indicadores de audio-PS1420P02CTpdf.pdf','application/pdf',651399,'',NULL,'2021-05-10 10:35:20',0),(369,231,'PartAttachment','593ea3b4-b16c-11eb-9b64-7bf1160e243c','B12 Conectores PCB.jpg','image/jpeg',63537,'',NULL,'2021-05-10 10:47:27',NULL),(370,231,'PartAttachment','59406212-b16c-11eb-b14e-7e61444a9f4a','Conectores-Ningbo Kangnex Elec WJ126V-5.0-2P.jpg','image/jpeg',92093,'',NULL,'2021-05-10 10:47:27',NULL),(371,232,'PartAttachment','17da04b0-b183-11eb-8950-22a8b75cfd27','RC0805FR-073K3L.PNG','image/png',26957,'png',NULL,'2021-05-10 13:30:16',1),(372,232,'PartAttachment','17db4b18-b183-11eb-971c-284e951516cf','Res RC0805FR-073K3L.pdf','application/pdf',768198,'pdf',NULL,'2021-05-10 13:30:16',0),(373,233,'PartAttachment','088133d4-b184-11eb-b549-f58b26c12c13','Yageo-RC0805FR-0712RL.pdf','application/pdf',768198,'pdf',NULL,'2021-05-10 13:37:00',0),(374,233,'PartAttachment','0884350c-b184-11eb-b153-6fda4ec62a8b','RC0805FR-0712RL.PNG','image/png',26957,'png',NULL,'2021-05-10 13:37:00',1),(375,234,'PartAttachment','20ea4388-b185-11eb-9363-484d1bf4fc57','RC0805FR-07560KL.PNG','image/png',26957,'png',NULL,'2021-05-10 13:44:50',1),(376,234,'PartAttachment','20eb9288-b185-11eb-a73c-1bd104b39492','Yageo-RC0805FR-07560KL.pdf','application/pdf',768198,'pdf',NULL,'2021-05-10 13:44:50',0),(377,235,'PartAttachment','f377ea08-b185-11eb-b510-8c5357e3880c','Yageo-RC0805FR-074M3L.pdf','application/pdf',768198,'pdf',NULL,'2021-05-10 13:50:43',0),(378,235,'PartAttachment','f37b3cf8-b185-11eb-b0bd-6dc4fb0207c0','RC0805FR-074M3L.PNG','image/png',26957,'png',NULL,'2021-05-10 13:50:43',1),(379,236,'PartAttachment','78fc8814-b186-11eb-8f35-71326835b72b','RC0805FR-07150RL.PNG','image/png',26957,'png',NULL,'2021-05-10 13:54:27',1),(380,236,'PartAttachment','78fddf98-b186-11eb-9ce1-9ca4feea533f','Yageo-RC0805FR-07150RL.pdf','application/pdf',768198,'pdf',NULL,'2021-05-10 13:54:27',0),(381,237,'PartAttachment','27ebdba4-b187-11eb-8d0c-31c981057234','Yageo-RC0805FR-0730KL.pdf','application/pdf',768198,'pdf',NULL,'2021-05-10 13:59:21',0),(382,237,'PartAttachment','27f0040e-b187-11eb-bcc5-cbc8ea834d3c','RC0805FR-0730KL.PNG','image/png',26957,'png',NULL,'2021-05-10 13:59:21',1),(383,238,'PartAttachment','bcfafb58-b187-11eb-a031-009c43f444b7','RC0805FR-074R3L.PNG','image/png',26957,'png',NULL,'2021-05-10 14:03:31',1),(384,238,'PartAttachment','bcfc3860-b187-11eb-9e0b-aaaac4b1e1cf','Yageo-RC0805FR-074R3L.pdf','application/pdf',768198,'pdf',NULL,'2021-05-10 14:03:31',0),(385,239,'PartAttachment','ac257e72-ae60-11eb-b663-a68c136b1d27','PULSADORES 506-FSM6JH.pdf','application/pdf',250389,'pdf',NULL,'2021-05-11 08:37:00',0),(386,239,'PartAttachment','4a12851a-b223-11eb-b077-38b065fc6520','Pulsadores 506-FSM6JH.jpg','image/jpeg',24742,'jpeg',NULL,'2021-05-11 08:37:00',1),(387,239,'PartAttachment','4a13b9c6-b223-11eb-90ed-d53b1a4eb198','Caja Pulsadores 506-FSM6JH.jpg','image/jpeg',46801,'jpeg',NULL,'2021-05-11 08:37:00',1),(388,240,'PartAttachment','918f3774-b225-11eb-8d9e-a82b25c30a63','RC0805FR-07510RL.PNG','image/png',26957,'png',NULL,'2021-05-11 08:53:19',1),(389,240,'PartAttachment','9191ab12-b225-11eb-af34-798a73e1adf1','Yageo-RC0805FR-07510RL.pdf','application/pdf',768198,'pdf',NULL,'2021-05-11 08:53:19',0),(390,241,'PartAttachment','036a15a2-b227-11eb-bb7c-6fb36bbfc53c','Yageo-RC0805FR-075R1L.pdf','application/pdf',768198,'pdf',NULL,'2021-05-11 09:03:39',0),(391,241,'PartAttachment','036d1310-b227-11eb-a3d0-bb29dc914789','RC0805FR-075R1L.PNG','image/png',26957,'png',NULL,'2021-05-11 09:03:39',1),(392,242,'PartAttachment','836fc1aa-b229-11eb-9804-6c64db94a7c3','RC0805FR-0724KL.PNG','image/png',26957,'',NULL,'2021-05-11 09:21:33',1),(393,242,'PartAttachment','837157f4-b229-11eb-95f3-6dd652adf144','Yageo-RC0805FR-0724KL.pdf','application/pdf',768198,'',NULL,'2021-05-11 09:21:33',0),(394,243,'PartAttachment','4442bc0c-b22a-11eb-baba-83ba54ec549a','Yageo-RC0805FR-073KL.pdf','application/pdf',768198,'',NULL,'2021-05-11 09:26:56',0),(395,243,'PartAttachment','4446fe7a-b22a-11eb-95e2-c1c4c1dcf312','RC0805FR-073KL.PNG','image/png',26957,'',NULL,'2021-05-11 09:26:56',1),(396,244,'PartAttachment','005bd922-b22c-11eb-bde6-a90f947fb8c1','RC0805FR-0751RL.PNG','image/png',26957,'',NULL,'2021-05-11 09:39:21',1),(397,244,'PartAttachment','005d6e9a-b22c-11eb-9599-cc9c0c8b5823','Yageo-RC0805FR-0751RL.pdf','application/pdf',768198,'',NULL,'2021-05-11 09:39:21',0),(398,245,'PartAttachment','d0cb9564-b22e-11eb-b16e-bf4af3aba487','Yageo-RC0805FR-072K4Lpdf.pdf','application/pdf',768198,'pdf',NULL,'2021-05-11 09:59:30',0),(399,245,'PartAttachment','d0cfd840-b22e-11eb-b169-66435f001d85','RC0805FR-072K4L.PNG','image/png',26957,'png',NULL,'2021-05-11 09:59:30',1),(400,246,'PartAttachment','becbd1fc-b22f-11eb-a69d-9c09f4febf45','RC0805FR-079R1L.PNG','image/png',26957,'',NULL,'2021-05-11 10:06:09',1),(401,246,'PartAttachment','becd5f9a-b22f-11eb-96d4-9892b47e9980','Yageo-RC0805FR-079R1L.pdf','application/pdf',768198,'',NULL,'2021-05-11 10:06:09',0),(402,247,'PartAttachment','79e9711e-b231-11eb-9377-3be6335fc670','Yage-RC0805FR-07200KL.pdf','application/pdf',768198,'',NULL,'2021-05-11 10:18:33',0),(403,247,'PartAttachment','79ed926c-b231-11eb-be85-5d784967a532','RC0805FR-07200KL.PNG','image/png',27462,'',NULL,'2021-05-11 10:18:33',1),(404,248,'PartAttachment','525b9036-b232-11eb-b9ee-a7929b76dbc9','RC0805FR-0782KL.PNG','image/png',27462,'',NULL,'2021-05-11 10:24:36',1),(405,248,'PartAttachment','525cee4a-b232-11eb-adc4-92f666ebbac4','Yageo-RC0805FR-0782KL.pdf','application/pdf',768198,'',NULL,'2021-05-11 10:24:36',0),(406,249,'PartAttachment','da5d884e-b233-11eb-bda5-98c36c05f4ad','Yageo-RC0805FR-07120KL.pdf','application/pdf',768198,'pdf',NULL,'2021-05-11 10:35:34',0),(407,249,'PartAttachment','da6200fe-b233-11eb-ba59-f6b5f2e3bc3f','RC0805FR-07120KL.PNG','image/png',27359,'png',NULL,'2021-05-11 10:35:34',1),(408,250,'PartAttachment','8869238a-b234-11eb-9d85-1cd0c0c3e0fd','RC0805FR-0712KL.PNG','image/png',27359,'png',NULL,'2021-05-11 10:40:26',1),(409,250,'PartAttachment','886a87ca-b234-11eb-b591-5db9850b3ed5','Yageo-RC0805FR-0712KL.pdf','application/pdf',768198,'pdf',NULL,'2021-05-11 10:40:26',0),(410,256,'PartAttachment','c0cdc6da-b235-11eb-ad9e-0d8682377e9b','RC0805FR-0739KL.PNG','image/png',27359,'',NULL,'2021-05-11 10:49:10',1),(411,256,'PartAttachment','c0cf2714-b235-11eb-8b17-045364ba7187','Yageo-RC0805FR-0739KL.pdf','application/pdf',768198,'',NULL,'2021-05-11 10:49:10',0),(412,269,'PartAttachment','aa7b1204-b238-11eb-9a26-b26a40a7d37a','Yageo-RC0805FR-0791KL.pdf','application/pdf',768198,'',NULL,'2021-05-11 11:10:01',0),(413,269,'PartAttachment','aa7f64c6-b238-11eb-84e1-c58234e2bd01','RC0805FR-0791KL.PNG','image/png',27359,'',NULL,'2021-05-11 11:10:01',1),(414,270,'PartAttachment','4571692a-b239-11eb-8db1-7113823512d3','RC0805FR-0722RL.PNG','image/png',27359,'png',NULL,'2021-05-11 11:14:21',1),(415,270,'PartAttachment','4572f6fa-b239-11eb-9f00-07797b56f935','Yageo-RC0805FR-0722RL.pdf','application/pdf',768198,'pdf',NULL,'2021-05-11 11:14:21',0),(416,271,'PartAttachment','1225b5ac-b23a-11eb-b50b-35f1ede748a3','Yageo-RC0805FR-07430RL.pdf','application/pdf',768198,'',NULL,'2021-05-11 11:20:04',0),(417,271,'PartAttachment','122a224a-b23a-11eb-a998-4a50ff79b071','RC0805FR-07430RL.PNG','image/png',27359,'',NULL,'2021-05-11 11:20:04',1),(418,272,'PartAttachment','872d4586-b23a-11eb-86cf-26f02f61f45f','RC0805FR-072ML.PNG','image/png',27359,'',NULL,'2021-05-11 11:23:21',1),(419,272,'PartAttachment','872efc28-b23a-11eb-9609-8a1c1099e47b','Yageo-RC0805FR-072ML.pdf','application/pdf',768198,'',NULL,'2021-05-11 11:23:21',0),(420,261,'PartAttachment','b5345d82-b24b-11eb-9f9c-0d1fe2a0690e','Res 1K.jpg','image/jpeg',31687,'',NULL,'2021-05-11 13:26:19',1),(421,273,'PartAttachment','212a28f4-b24d-11eb-8384-306833e78422','Yageo-RC0805FR-072M4L.pdf','application/pdf',768198,'',NULL,'2021-05-11 13:36:30',0),(422,273,'PartAttachment','212d69a6-b24d-11eb-8599-bda209f46776','RC0805FR-072M4L.PNG','image/png',27359,'',NULL,'2021-05-11 13:36:30',1),(423,274,'PartAttachment','089c6170-b24e-11eb-adfa-e0ba9d7aaa6c','Yageo-RC0805FR-071M6L.pdf','application/pdf',768198,'',NULL,'2021-05-11 13:42:58',0),(424,274,'PartAttachment','089f9d86-b24e-11eb-8a8e-7c5ee103fdaf','RC0805FR-071M6L.PNG','image/png',27359,'',NULL,'2021-05-11 13:42:58',1),(427,276,'PartAttachment','7433ef24-b303-11eb-9509-bbf7931b4b0c','Yageo-RC0805FR-0730RL.pdf','application/pdf',768198,'',NULL,'2021-05-12 11:21:38',0),(428,276,'PartAttachment','74370a4c-b303-11eb-b173-fa4a63e43c2e','RC0805FR-0730RL.PNG','image/png',27359,'',NULL,'2021-05-12 11:21:38',1),(429,277,'PartAttachment','5f12a5d0-b304-11eb-87ce-628354d97adb','RC0805FR-0756RL.PNG','image/png',27359,'',NULL,'2021-05-12 11:28:12',1),(430,277,'PartAttachment','5f140f2e-b304-11eb-9426-cc4ff7065f0f','Yageo-RC0805FR-0756RL.pdf','application/pdf',768198,'',NULL,'2021-05-12 11:28:12',0),(431,255,'PartAttachment','b2d74338-b304-11eb-a607-7861ee214496','Res 1.3K.jpg','image/jpeg',45221,'',NULL,'2021-05-12 11:30:32',1),(432,278,'PartAttachment','1cbf5006-b305-11eb-906b-147ed09e2fcb','Yageo-RC0805FR-0710RL.pdf','application/pdf',768198,'pdf',NULL,'2021-05-12 11:33:30',0),(433,278,'PartAttachment','1cc362d6-b305-11eb-a2a2-1fd1d9e01038','RC0805FR-0710RL.PNG','image/png',27359,'png',NULL,'2021-05-12 11:33:30',1),(434,264,'PartAttachment','520c1384-b305-11eb-a017-0e88754c35f8','Res 15K (2).jpg','image/jpeg',41734,'',NULL,'2021-05-12 11:34:59',1),(435,267,'PartAttachment','819360a8-b305-11eb-bdf3-dce10247506a','Res 100Ω.jpg','image/jpeg',38046,'',NULL,'2021-05-12 11:36:19',1),(436,257,'PartAttachment','93f1e1fc-b305-11eb-b2a4-f6e8f82cb62e','Res 15K.jpg','image/jpeg',41447,'',NULL,'2021-05-12 11:36:50',1),(437,279,'PartAttachment','95e0cc8a-b305-11eb-81dd-eaa5658e4bb4','RC0805FR-0715KL.PNG','image/png',27359,'',NULL,'2021-05-12 11:36:53',1),(438,279,'PartAttachment','95e21b8a-b305-11eb-8ccb-09c61a6bff0c','Yageo-RC0805FR-0715KL.pdf','application/pdf',768198,'',NULL,'2021-05-12 11:36:53',0),(439,196,'PartAttachment','a233d2f2-b305-11eb-86da-f97c462d928c','Res 18k.jpg','image/jpeg',43734,'',NULL,'2021-05-12 11:37:14',NULL),(440,254,'PartAttachment','b302d9b6-b305-11eb-90e2-b937e19ab4bf','Res 220Ω.jpg','image/jpeg',37274,'',NULL,'2021-05-12 11:37:42',1),(441,259,'PartAttachment','be50f5b4-b305-11eb-aaaf-974b767f7aff','Res 220Ω (2).jpg','image/jpeg',39305,'jpeg',NULL,'2021-05-12 11:38:01',1),(442,265,'PartAttachment','cf62ec72-b305-11eb-aeda-ee189db1c2e8','Res 27Ω.jpg','image/jpeg',36312,'',NULL,'2021-05-12 11:38:30',1),(443,266,'PartAttachment','e110848e-b305-11eb-92c3-959dd2e70d90','Res 330Ω.jpg','image/jpeg',40636,'',NULL,'2021-05-12 11:38:59',1),(444,262,'PartAttachment','f3e95518-b305-11eb-9bca-fc84b618d67e','Res 4.3K.jpg','image/jpeg',41443,'',NULL,'2021-05-12 11:39:31',1),(445,263,'PartAttachment','00a16f3e-b306-11eb-b2b8-83b8e20d9e5c','Res 42Ω.jpg','image/jpeg',39075,'',NULL,'2021-05-12 11:39:52',1),(446,253,'PartAttachment','1db356aa-b306-11eb-a4c9-125726982d2f','Res 430Ω.jpg','image/jpeg',40935,'',NULL,'2021-05-12 11:40:41',1),(447,268,'PartAttachment','2db033ac-b306-11eb-ba98-909b63321c67','Res 470Ω.jpg','image/jpeg',40908,'',NULL,'2021-05-12 11:41:08',1),(448,280,'PartAttachment','2dbe2a52-b306-11eb-b799-879e4cb9ffd8','Yageo-RC0805FR-0720RL.pdf','application/pdf',768198,'',NULL,'2021-05-12 11:41:08',0),(449,280,'PartAttachment','2dc1574a-b306-11eb-84b6-753ba0aa2bf9','RC0805FR-0720RL.PNG','image/png',27359,'',NULL,'2021-05-12 11:41:08',1),(450,260,'PartAttachment','4691daf6-b306-11eb-9785-fec40aa2fd44','Res 5.6K.jpg','image/jpeg',43965,'',NULL,'2021-05-12 11:41:50',1),(451,258,'PartAttachment','5461bd90-b306-11eb-8a59-d943dc8181fe','Res 51Ω.jpg','image/jpeg',40930,'',NULL,'2021-05-12 11:42:13',1),(452,251,'PartAttachment','781214c4-b306-11eb-a532-846075b93a69','Res 6.2K.jpg','image/jpeg',36659,'',NULL,'2021-05-12 11:43:13',1),(453,252,'PartAttachment','833b74bc-b306-11eb-b163-cb785655d7a4','Res 6.2K (2).jpg','image/jpeg',35649,'',NULL,'2021-05-12 11:43:31',1),(454,281,'PartAttachment','bf1c19d2-b306-11eb-86f2-0bf1ce41af68','RC0805FR-076R8L.PNG','image/png',27359,'',NULL,'2021-05-12 11:45:12',1),(455,281,'PartAttachment','bf1d61e8-b306-11eb-b42a-910643e57ae5','Yageo-RC0805FR-076R8L.pdf','application/pdf',768198,'',NULL,'2021-05-12 11:45:12',0),(456,282,'PartAttachment','392210b0-b307-11eb-89e6-d17be4cf2a3c','Yageo-RC0805FR-0762RL.pdf','application/pdf',768198,'',NULL,'2021-05-12 11:48:36',0),(457,282,'PartAttachment','392516ca-b307-11eb-9bb9-76f83ce57d86','RC0805FR-0762RL.PNG','image/png',27359,'',NULL,'2021-05-12 11:48:36',1),(458,283,'PartAttachment','a7a65d5c-b307-11eb-af67-0e34012fea6b','RC0805FR-07360RL.PNG','image/png',27359,'',NULL,'2021-05-12 11:51:42',1),(459,283,'PartAttachment','a7a7b51c-b307-11eb-945a-1cccf2667910','Yageo-RC0805FR-07360RL.pdf','application/pdf',768198,'',NULL,'2021-05-12 11:51:42',0),(460,284,'PartAttachment','c2c8a7ec-b308-11eb-baf2-e512bb1850f6','Yageo-RC0805FR-07100KL.pdf','application/pdf',768198,'',NULL,'2021-05-12 11:59:37',0),(461,284,'PartAttachment','c2cbb4e6-b308-11eb-b455-f78311ce02c8','RC0805FR-07100KL.PNG','image/png',27359,'',NULL,'2021-05-12 11:59:37',1),(462,285,'PartAttachment','470f55c8-b309-11eb-a4fc-4c49399b4062','RC0805FR-07620RL.PNG','image/png',27359,'',NULL,'2021-05-12 12:03:19',1),(463,285,'PartAttachment','4710cee4-b309-11eb-979a-79936f9555fd','Yageo-RC0805FR-071620RL.pdf','application/pdf',768198,'',NULL,'2021-05-12 12:03:19',0),(464,286,'PartAttachment','d4582860-b309-11eb-8da0-d01e01f4244b','Yageo-RC0805FR-07750KL.pdf','application/pdf',768198,'',NULL,'2021-05-12 12:07:16',0),(465,286,'PartAttachment','d45bd9ec-b309-11eb-8df0-5a79f8e48c2f','RC0805FR-07750KL.PNG','image/png',27359,'',NULL,'2021-05-12 12:07:16',1),(466,287,'PartAttachment','e78b2d82-b30a-11eb-9011-751b8733f17a','RC0805FR-0747RL.PNG','image/png',27359,'',NULL,'2021-05-12 12:14:58',1),(467,287,'PartAttachment','e78c8344-b30a-11eb-bb2a-b29f24d00933','Yageo-RC0805FR-0747RL.pdf','application/pdf',768198,'',NULL,'2021-05-12 12:14:58',0),(468,288,'PartAttachment','4ed6a5c0-b30b-11eb-8845-737cc3506c14','Yageo-RC0805FR-07150KL.pdf','application/pdf',768198,'',NULL,'2021-05-12 12:17:51',0),(469,288,'PartAttachment','4edac948-b30b-11eb-ab8b-e7035983a81c','RC0805FR-07150KL.PNG','image/png',27359,'',NULL,'2021-05-12 12:17:51',1),(470,289,'PartAttachment','da116a3e-b30c-11eb-9ed3-7906f200500d','RC0805FR-075M1L.PNG','image/png',27359,'',NULL,'2021-05-12 12:28:54',1),(471,289,'PartAttachment','da12c92e-b30c-11eb-b96d-58887d590e07','Yageo-RC0805FR-075M1L.pdf','application/pdf',768198,'',NULL,'2021-05-12 12:28:54',0),(472,290,'PartAttachment','5a29d3d2-b30d-11eb-bd04-8ef1f0351469','Yageo-RC0805FR-0716KL.pdf','application/pdf',768198,'',NULL,'2021-05-12 12:32:29',0),(473,290,'PartAttachment','5a2dc9ec-b30d-11eb-b82f-da6cb5ca1504','RC0805FR-0716KL.PNG','image/png',27359,'',NULL,'2021-05-12 12:32:29',1),(474,291,'PartAttachment','875d83e8-b30e-11eb-aa2a-de296b175a7a','RC0805FR-073M9L.PNG','image/png',27359,'',NULL,'2021-05-12 12:40:54',1),(475,291,'PartAttachment','875ee850-b30e-11eb-9763-beac7339678a','Yageo-RC0805FR-073M9L.pdf','application/pdf',768198,'',NULL,'2021-05-12 12:40:54',0),(476,292,'PartAttachment','23018e84-b30f-11eb-a5cd-7879cb4ebd5d','Yageo-RC0805FR-07820KL.pdf','application/pdf',768198,'',NULL,'2021-05-12 12:45:15',0),(477,292,'PartAttachment','230589a8-b30f-11eb-9311-09f36ce5c9ba','RC0805FR-07820KL.PNG','image/png',27359,'',NULL,'2021-05-12 12:45:15',1),(478,293,'PartAttachment','c1e3e0ce-b30f-11eb-8e1d-c33d78251e79','RC0805FR-07160KL.PNG','image/png',27359,'',NULL,'2021-05-12 12:49:42',1),(479,293,'PartAttachment','c1e53d84-b30f-11eb-ae6d-306484616cbd','Yageo-RC0805FR-07160KL.pdf','application/pdf',768198,'',NULL,'2021-05-12 12:49:42',0),(480,294,'PartAttachment','3f795e06-b310-11eb-8178-44f9f2114a5e','Yageo-RC0805FR-072K7L.pdf','application/pdf',768198,'',NULL,'2021-05-12 12:53:13',0),(481,294,'PartAttachment','3f7da740-b310-11eb-9f92-2d5c49b9b2ca','RC0805FR-072K7L.PNG','image/png',27359,'',NULL,'2021-05-12 12:53:13',1),(482,295,'PartAttachment','29db9850-b312-11eb-b099-421666a74603','RC0805FR-07510KL.PNG','image/png',27359,'',NULL,'2021-05-12 13:06:55',1),(483,295,'PartAttachment','29dd07c6-b312-11eb-be4d-a8b240e829c3','Yageo-RC0805FR-07510KL.pdf','application/pdf',768198,'',NULL,'2021-05-12 13:06:55',0),(484,296,'PartAttachment','a333353c-b312-11eb-a7fd-328f28909c6e','Yageo-RC0805FR-07910KL.pdf','application/pdf',768198,'',NULL,'2021-05-12 13:10:19',0),(485,296,'PartAttachment','a3372bc4-b312-11eb-8d74-f140261afbea','RC0805FR-07910KL.PNG','image/png',27359,'',NULL,'2021-05-12 13:10:19',1),(486,297,'PartAttachment','80923d9c-b313-11eb-af7b-d5e8efdcff23','RC0805FR-0775RL.PNG','image/png',27359,'',NULL,'2021-05-12 13:16:30',1),(487,297,'PartAttachment','809393cc-b313-11eb-9ae7-b040fd68575e','Yageo-RC0805FR-0775RL.pdf','application/pdf',768198,'',NULL,'2021-05-12 13:16:30',0),(488,298,'PartAttachment','e42c5ffe-b313-11eb-abbd-f9a32057985d','Yageo-RC0805FR-073M6L.pdf','application/pdf',768198,'',NULL,'2021-05-12 13:19:17',0),(489,298,'PartAttachment','e430bc3e-b313-11eb-874d-428c24f9609a','RC0805FR-073M6L.PNG','image/png',27359,'',NULL,'2021-05-12 13:19:17',1),(490,299,'PartAttachment','eb7c87c4-b314-11eb-9dfa-a64f6bd5df6c','RC0805FR-0768RL.PNG','image/png',27359,'',NULL,'2021-05-12 13:26:39',1),(491,299,'PartAttachment','eb7de844-b314-11eb-a10e-5d546856a9b7','Yageo-RC0805FR-0768RL.pdf','application/pdf',768198,'',NULL,'2021-05-12 13:26:39',0),(492,300,'PartAttachment','a349d4fc-b319-11eb-aab6-a2a0da60d444','RC0805FR-0727KL.PNG','image/png',27359,'',NULL,'2021-05-12 14:00:26',1),(493,300,'PartAttachment','a34c4480-b319-11eb-b2a5-f8881499e23e','Yageo-RC0805FR-0727KL.pdf','application/pdf',768198,'',NULL,'2021-05-12 14:00:26',0),(494,301,'PartAttachment','bdac2c88-b480-11eb-808f-a2fe8ff18c4c','RC0805FR-072KL.PNG','image/png',27359,'',NULL,'2021-05-14 08:50:59',1),(495,301,'PartAttachment','bdae40ae-b480-11eb-a09f-f9133ff918c0','Yageo-RC0805FR-072KL.pdf','application/pdf',768198,'',NULL,'2021-05-14 08:50:59',0),(496,302,'PartAttachment','471e8aec-b481-11eb-92fb-c5fd26cbb7f7','RC0805FR-0782RL.PNG','image/png',27359,'',NULL,'2021-05-14 08:54:50',1),(497,302,'PartAttachment','47202a64-b481-11eb-94cf-ec5ba9a7c432','Yageo-RC0805FR-0782RL.pdf','application/pdf',768198,'',NULL,'2021-05-14 08:54:50',0),(498,303,'PartAttachment','e3124e16-b481-11eb-b0f8-877c6def8a84','RC0805FR-07470RL.PNG','image/png',27359,'',NULL,'2021-05-14 08:59:11',1),(499,303,'PartAttachment','e313db6e-b481-11eb-b58c-58ea6da05872','Yageo-RC0805FR-07470RL.pdf','application/pdf',768198,'',NULL,'2021-05-14 08:59:11',0),(500,304,'PartAttachment','82dbfd98-b482-11eb-b82e-f796c6cf2ad7','RC0805FR-078R2L.PNG','image/png',27359,'',NULL,'2021-05-14 09:03:39',1),(501,304,'PartAttachment','82dd87c6-b482-11eb-a213-bb1386a6b122','Yageo-RC0805FR-078R2L.pdf','application/pdf',768198,'',NULL,'2021-05-14 09:03:39',0),(502,305,'PartAttachment','d0e9d306-b483-11eb-aafd-4b953d0ef394','RC0805FR-077R5L.PNG','image/png',27359,'',NULL,'2021-05-14 09:13:00',1),(503,305,'PartAttachment','d0eb64d2-b483-11eb-bb6f-2ae501ac7ad7','Yageo-RC0805FR-077R5L.pdf','application/pdf',768198,'',NULL,'2021-05-14 09:13:00',0),(504,306,'PartAttachment','88b70008-b484-11eb-b32f-fb94f52cd071','RC0805FR-0720KL.PNG','image/png',27359,'png',NULL,'2021-05-14 09:18:08',1),(505,306,'PartAttachment','88b888f6-b484-11eb-ae10-9bd6b41a0953','Yageo-RC0805FR-0720KL.pdf','application/pdf',768198,'pdf',NULL,'2021-05-14 09:18:08',0),(506,307,'PartAttachment','1c8d2438-b485-11eb-bcb9-32ff273725ab','RC0805FR-0710KL.PNG','image/png',27359,'',NULL,'2021-05-14 09:22:16',1),(507,307,'PartAttachment','1c8ed77e-b485-11eb-8956-2283ecb61d36','Yageo-RC0805FR-0710KL.pdf','application/pdf',768198,'',NULL,'2021-05-14 09:22:16',0),(508,308,'PartAttachment','be7c393c-b485-11eb-9268-28d905bc0dd6','RC0805FR-074M7L.PNG','image/png',27359,'',NULL,'2021-05-14 09:26:48',1),(509,308,'PartAttachment','be7dd378-b485-11eb-8fbe-fe91556ebb54','Yageo-RC0805FR-074M7L.pdf','application/pdf',768198,'',NULL,'2021-05-14 09:26:48',0),(510,309,'PartAttachment','78737602-b486-11eb-8a76-d49a50d2aed8','RC0805FR-072K32L.PNG','image/png',27359,'',NULL,'2021-05-14 09:32:00',1),(511,309,'PartAttachment','78755b48-b486-11eb-85b5-ecc3c8d271ee','Yageo-RC0805FR-072K32L.pdf','application/pdf',768198,'',NULL,'2021-05-14 09:32:00',0),(512,310,'PartAttachment','a1988e62-b488-11eb-b9c8-988cd1b39b78','RC0805FR-0739RL.PNG','image/png',27359,'',NULL,'2021-05-14 09:47:28',1),(513,310,'PartAttachment','a19a1f2a-b488-11eb-9133-5ad67504576a','Yageo-RC0805FR-0739RL.pdf','application/pdf',768198,'',NULL,'2021-05-14 09:47:28',0),(514,311,'PartAttachment','04f98272-b489-11eb-b2d6-2bb8f6ac1c5b','RC0805FR-071M8L.PNG','image/png',27359,'',NULL,'2021-05-14 09:50:15',1),(515,311,'PartAttachment','04fb3590-b489-11eb-9eff-1945fa0db6f3','Yageo-RC0805FR-071M8L.pdf','application/pdf',768198,'',NULL,'2021-05-14 09:50:15',0),(516,312,'PartAttachment','5edc8d84-b489-11eb-b926-ba51b598bf62','RC0805FR-0722KL.PNG','image/png',27359,'',NULL,'2021-05-14 09:52:45',1),(517,312,'PartAttachment','5ede2018-b489-11eb-a947-74024970f861','Yageo-RC0805FR-0722KL.pdf','application/pdf',768198,'',NULL,'2021-05-14 09:52:46',0),(518,313,'PartAttachment','ccd33dec-b489-11eb-97e7-387d41ce6dd9','RC0805FR-07180KL.PNG','image/png',27359,'',NULL,'2021-05-14 09:55:50',1),(519,313,'PartAttachment','ccd4cc16-b489-11eb-9fa0-e945b5c93b6a','Yageo-RC0805FR-07180KL.pdf','application/pdf',768198,'',NULL,'2021-05-14 09:55:50',0),(522,315,'PartAttachment','c86bce84-b48b-11eb-9ea6-8009eae0360b','RC0805FR-07560RL.PNG','image/png',27359,'',NULL,'2021-05-14 10:10:02',1),(523,315,'PartAttachment','c86d615e-b48b-11eb-97d2-fc2c008bc863','Yageo-RC0805FR-07560RL.pdf','application/pdf',768198,'',NULL,'2021-05-14 10:10:02',0),(524,314,'PartAttachment','440894dc-b48c-11eb-8b4e-938640987e80','RC0805FR-075R6L.PNG','image/png',27359,'png',NULL,'2021-05-14 10:13:29',1),(525,314,'PartAttachment','440a3f9e-b48c-11eb-a594-448966b72d12','Yageo-RC0805FR-075R6LL.pdf','application/pdf',768198,'pdf',NULL,'2021-05-14 10:13:29',0),(526,316,'PartAttachment','dcaa8cae-b48c-11eb-8494-de0aa15c97a1','RC0805FR-07680KL.PNG','image/png',27359,'',NULL,'2021-05-14 10:17:45',1),(527,316,'PartAttachment','dcac4d14-b48c-11eb-b0ba-9471d1210e3c','Yageo-RC0805FR-07680KL.pdf','application/pdf',768198,'',NULL,'2021-05-14 10:17:45',0),(528,317,'PartAttachment','af7f88c8-b48d-11eb-babf-15db8db8da86','RC0805FR-07300KL.PNG','image/png',27359,'',NULL,'2021-05-14 10:23:39',1),(529,317,'PartAttachment','af811d6e-b48d-11eb-a712-20fc92777093','Yageo-RC0805FR-07300KL.pdf','application/pdf',768198,'',NULL,'2021-05-14 10:23:39',0),(530,318,'PartAttachment','450ca646-b48e-11eb-b313-e5ef17e72f8f','RC0805FR-071ML.PNG','image/png',27359,'',NULL,'2021-05-14 10:27:50',1),(531,318,'PartAttachment','450e568a-b48e-11eb-870d-d89a2ee02033','Yageo-RC0805FR-071ML.pdf','application/pdf',768198,'',NULL,'2021-05-14 10:27:50',0),(532,319,'PartAttachment','e4ce9b6c-b48e-11eb-9664-ac236d43ba0f','RC0805FR-071M5L.PNG','image/png',27359,'',NULL,'2021-05-14 10:32:18',1),(533,319,'PartAttachment','e4d05542-b48e-11eb-b399-b3625c5b6cc5','Yageo-RC0805FR-071M5L.pdf','application/pdf',768198,'',NULL,'2021-05-14 10:32:18',0),(534,320,'PartAttachment','7a6b87b6-b48f-11eb-bde0-2287c127835a','RC0805FR-073ML.pdf','application/pdf',768198,'',NULL,'2021-05-14 10:36:29',0),(535,320,'PartAttachment','7a6fb17e-b48f-11eb-a7de-e693fd262852','RC0805FR-073ML.PNG','image/png',27359,'',NULL,'2021-05-14 10:36:29',1),(536,321,'PartAttachment','46c36212-b6dd-11eb-b33c-8019dc42467d','Juego de machos y fileras con giramachos.PNG','image/png',611176,'',NULL,'2021-05-17 08:58:25',1),(537,322,'PartAttachment','7dd0ba00-b6e9-11eb-a2b8-9c82f938aa6d','Codensador Electrolitico Aluminio SMD 2610870.jpg','image/jpeg',66032,'jpeg',NULL,'2021-05-17 10:25:51',1),(538,322,'PartAttachment','7dd2a3c4-b6e9-11eb-839a-d7e05ed346f6','Condensador Electrolitico.PNG','image/png',33672,'png',NULL,'2021-05-17 10:25:51',1),(539,323,'PartAttachment','83538306-b700-11eb-a256-9e469b19435d','Terraja de Roscar-M2X0.4.jpg','image/jpeg',44682,'',NULL,'2021-05-17 13:10:39',NULL),(540,324,'PartAttachment','1281beba-b703-11eb-94f6-cbeabb84b947','Terraja de Roscar-M3X0.5.jpg','image/jpeg',52236,'',NULL,'2021-05-17 13:28:58',NULL),(541,325,'PartAttachment','3aa376ea-b703-11eb-85e7-8adcc65979f8','Terraja de Roscar-M4X0.7.jpg','image/jpeg',59116,'',NULL,'2021-05-17 13:30:06',NULL),(542,326,'PartAttachment','72298280-b703-11eb-8bb9-89bf9f963f88','Terraja de Roscar-M5X0.8.jpg','image/jpeg',54891,'',NULL,'2021-05-17 13:31:39',NULL),(543,327,'PartAttachment','b19cc044-b703-11eb-be45-740e786a25bd','Terraja de Roscar-M6X0.75.jpg','image/jpeg',54070,'',NULL,'2021-05-17 13:33:25',NULL),(544,328,'PartAttachment','f179e9b2-b703-11eb-ae48-d3449e4103de','Terraja de Roscar-M7X0.75.jpg','image/jpeg',55995,'',NULL,'2021-05-17 13:35:12',NULL),(545,329,'PartAttachment','40acd9cc-b704-11eb-9391-595ba70f857a','Terraja de Roscar-M7X1.0.jpg','image/jpeg',55466,'',NULL,'2021-05-17 13:37:25',NULL),(546,330,'PartAttachment','6e1e2afa-b704-11eb-875b-85a9cd1f7ba4','Terraja de Roscar-M8X0.75.jpg','image/jpeg',62425,'',NULL,'2021-05-17 13:38:42',NULL),(547,331,'PartAttachment','ce5b71c0-b704-11eb-9de2-3ba8fc9e528e','Terraja de Roscar-M8X1.0.jpg','image/jpeg',52078,'',NULL,'2021-05-17 13:41:23',NULL),(548,332,'PartAttachment','037966c8-b705-11eb-8400-7829333c56b8','Terraja de Roscar-M8X1.25.jpg','image/jpeg',59297,'',NULL,'2021-05-17 13:42:52',NULL),(549,333,'PartAttachment','38b6c826-b705-11eb-b930-48a9b7503ee9','Terraja de Roscar-M9X0.75.jpg','image/jpeg',56105,'',NULL,'2021-05-17 13:44:21',NULL),(550,334,'PartAttachment','65840d1e-b705-11eb-a41e-be3fe4c6e9ab','Terraja de Roscar-M9X1.0.jpg','image/jpeg',50154,'',NULL,'2021-05-17 13:45:37',NULL),(551,335,'PartAttachment','adc96b8c-b705-11eb-a41a-5a493e839316','Terraja de Roscar-M9X1.25.jpg','image/jpeg',44035,'',NULL,'2021-05-17 13:47:38',NULL),(552,336,'PartAttachment','f38f2dd2-b705-11eb-969f-940039a1554f','Llave de acero para grifos .jpg','image/jpeg',29578,'',NULL,'2021-05-17 13:49:35',NULL),(553,337,'PartAttachment','37c9032e-b706-11eb-aa99-ff9f14269e6b','Terraja de Roscar-M6X1.0.jpg','image/jpeg',37952,'',NULL,'2021-05-17 13:51:29',NULL),(554,338,'PartAttachment','93e1847e-b706-11eb-b9d3-e6dedc9fdc7e','Terraja de Roscar-M10X1.25.jpg','image/jpeg',66855,'',NULL,'2021-05-17 13:54:04',NULL),(555,339,'PartAttachment','d72893f8-b706-11eb-8798-94a9c3aac245','Terraja de Roscar-M10X1.5.jpg','image/jpeg',72109,'',NULL,'2021-05-17 13:55:57',NULL),(556,340,'PartAttachment','1df0416e-b707-11eb-9d69-b8b9601b8574','Terraja de Roscar-M10X1.0.jpg','image/jpeg',60116,'',NULL,'2021-05-17 13:57:55',NULL),(557,341,'PartAttachment','78839360-b707-11eb-a19b-0ba7db7523b6','Terraja de Roscar-M10X0.75.jpg','image/jpeg',56811,'',NULL,'2021-05-17 14:00:27',NULL),(558,342,'PartAttachment','1a714488-b708-11eb-95e2-c1819d501017','Terraja de Roscar-M11X0.75.jpg','image/jpeg',62116,'',NULL,'2021-05-17 14:04:59',NULL),(559,343,'PartAttachment','1980e064-b709-11eb-a326-d8980a88a1a7','Terraja de Roscar-M11X1.0.jpg','image/jpeg',57271,'jpeg',NULL,'2021-05-17 14:12:07',1),(560,344,'PartAttachment','4c614f14-b709-11eb-aa43-941cc736f809','Terraja de Roscar-M11X1.25.jpg','image/jpeg',57569,'',NULL,'2021-05-17 14:13:32',NULL),(561,345,'PartAttachment','86074138-b709-11eb-a53f-bb0e847d2860','Terraja de Roscar-M10X1.5.jpg','image/jpeg',72109,'',NULL,'2021-05-17 14:15:09',NULL),(562,346,'PartAttachment','cc82162e-b709-11eb-91f4-9b44c861484f','Terraja de Roscar-M12X0.75.jpg','image/jpeg',45967,'',NULL,'2021-05-17 14:17:07',NULL),(563,347,'PartAttachment','03a23418-b70a-11eb-8ca0-e2da7f70311d','Terraja de Roscar-M12X1.0.jpg','image/jpeg',50340,'',NULL,'2021-05-17 14:18:40',NULL),(564,348,'PartAttachment','415f8e9a-b70a-11eb-9dc6-d62a119caa06','Terraja de Roscar-M12X1.25.jpg','image/jpeg',58575,'',NULL,'2021-05-17 14:20:23',NULL),(565,349,'PartAttachment','739d6c06-b70a-11eb-b154-4a864da53f46','Terraja de Roscar-M12X1.5.jpg','image/jpeg',49774,'',NULL,'2021-05-17 14:21:48',NULL),(566,350,'PartAttachment','a9e76f14-b70a-11eb-9815-421187055448','Terraja de Roscar-M12X1.75.jpg','image/jpeg',57840,'',NULL,'2021-05-17 14:23:19',NULL),(567,351,'PartAttachment','f4772646-b70a-11eb-acbf-db94ada06abe','Terraja de Roscar-M14X1.0.jpg','image/jpeg',61600,'',NULL,'2021-05-17 14:25:24',NULL),(568,352,'PartAttachment','8d43b986-b7a4-11eb-9529-caed151684f6','Terraja de Roscar-M14X1.25.jpg','image/jpeg',40860,'',NULL,'2021-05-18 08:44:53',NULL),(569,353,'PartAttachment','d71f5358-b7a4-11eb-af85-b7190fc909d6','Terraja de Roscar-M14X1.5.jpg','image/jpeg',53215,'',NULL,'2021-05-18 08:46:57',NULL),(570,354,'PartAttachment','004f818a-b7a5-11eb-b33f-2c14f344c9c5','Terraja de Roscar-M14X2.0.jpg','image/jpeg',42456,'',NULL,'2021-05-18 08:48:06',NULL),(571,355,'PartAttachment','5147ed0c-b7a5-11eb-b877-c3a488788ea5','Terraja de Roscar-M18X1.5.jpg','image/jpeg',54701,'',NULL,'2021-05-18 08:50:22',NULL),(572,356,'PartAttachment','84b5fe90-b7a5-11eb-bc0e-42df6cc2e2f2','Terraja de Roscar-M16X1.0.jpg','image/jpeg',49305,'',NULL,'2021-05-18 08:51:48',NULL),(573,357,'PartAttachment','d0046972-b7a5-11eb-961b-f641e76b82d7','Terraja de Roscar-M16X1.5.jpg','image/jpeg',47447,'',NULL,'2021-05-18 08:53:55',NULL),(574,358,'PartAttachment','0fbce2d8-b7a6-11eb-ae6a-d9af8829a59d','Macos de Roscar-M16X2.0.jpg','image/jpeg',70506,'',NULL,'2021-05-18 08:55:42',NULL),(575,359,'PartAttachment','67b4ccd0-b7a6-11eb-ae65-03f1f87bb854','Giramachos de barra ajustable para llave-M6-M20.jpg','image/jpeg',27796,'',NULL,'2021-05-18 08:58:09',NULL),(576,360,'PartAttachment','8d44ecbe-b7a6-11eb-8751-a0068e411817','Portaherramientas con mango corredizo para macho.jpg','image/jpeg',57433,'',NULL,'2021-05-18 08:59:12',NULL),(577,361,'PartAttachment','b81e54ca-b7a6-11eb-a806-7680d150074d','Macos de Roscar-M11X1.25.jpg','image/jpeg',69888,'',NULL,'2021-05-18 09:00:24',NULL),(578,362,'PartAttachment','1e3da0bc-b7a7-11eb-9a0b-9116af0144ec','Macos de Roscar-M11X1.5.jpg','image/jpeg',71668,'',NULL,'2021-05-18 09:03:15',NULL),(579,363,'PartAttachment','5b9ffb94-b7a7-11eb-819e-3df91d32abc6','Macos de Roscar-M12X0.75.jpg','image/jpeg',87948,'',NULL,'2021-05-18 09:04:58',NULL),(580,364,'PartAttachment','b49e2d38-b7a7-11eb-8c5f-748b6040e643','Macos de Roscar-M12X1.0.jpg','image/jpeg',76498,'',NULL,'2021-05-18 09:07:28',NULL),(581,365,'PartAttachment','05ea3f60-b7a8-11eb-85dc-bc1041e7918f','Macos de Roscar-M12X1.25.jpg','image/jpeg',75478,'',NULL,'2021-05-18 09:09:44',NULL),(582,366,'PartAttachment','c657d654-b7a8-11eb-84c3-ef64435171ff','Macos de Roscar-M12X1.5.jpg','image/jpeg',71039,'',NULL,'2021-05-18 09:15:07',NULL),(583,367,'PartAttachment','faeb1c1e-b7a8-11eb-95a1-333ab3e3c379','Macos de Roscar-M12X1.75.jpg','image/jpeg',82803,'',NULL,'2021-05-18 09:16:35',NULL),(584,368,'PartAttachment','5bc60648-b7a9-11eb-84bf-c29f3f098d09','Macos de Roscar-M18X1.5.jpg','image/jpeg',86348,'',NULL,'2021-05-18 09:19:18',NULL),(585,369,'PartAttachment','b70eae06-b7a9-11eb-b53c-b0067d6ba385','Macos de Roscar-M2X0.4.jpg','image/jpeg',57765,'',NULL,'2021-05-18 09:21:51',NULL),(586,370,'PartAttachment','fef388fe-b7a9-11eb-a084-79761b06b5fb','Macos de Roscar-M3X0.5.jpg','image/jpeg',50574,'',NULL,'2021-05-18 09:23:51',NULL),(587,371,'PartAttachment','41091902-b7aa-11eb-b978-a8c7741fd453','Macos de Roscar-M6X0.75.jpg','image/jpeg',59550,'',NULL,'2021-05-18 09:25:42',NULL),(588,372,'PartAttachment','62a11f88-b7aa-11eb-8c78-49429ad467cc','Macos de Roscar-M6X1.0.jpg','image/jpeg',59034,'',NULL,'2021-05-18 09:26:39',NULL),(589,373,'PartAttachment','98564b94-b7aa-11eb-86bc-c1da574a2069','Macos de Roscar-M8X0.75.jpg','image/jpeg',48905,'',NULL,'2021-05-18 09:28:09',NULL),(590,374,'PartAttachment','cd7d2e00-b7aa-11eb-a294-b22ea74ec3cc','Macos de Roscar-M9X0.75.jpg','image/jpeg',63692,'',NULL,'2021-05-18 09:29:38',NULL),(591,375,'PartAttachment','fc08d616-b7aa-11eb-b88e-235351f2b95a','Macos de Roscar-M9X1.0.jpg','image/jpeg',61862,'',NULL,'2021-05-18 09:30:56',NULL),(592,376,'PartAttachment','5d2ded0a-b7ab-11eb-b5ec-985b4e48a65f','Macos de Roscar-M10X1.0.jpg','image/jpeg',64184,'',NULL,'2021-05-18 09:33:39',NULL),(593,377,'PartAttachment','8728c5f8-b7ab-11eb-827a-a69f660c3143','Macos de Roscar-M11X0.75.jpg','image/jpeg',68132,'',NULL,'2021-05-18 09:34:49',NULL),(594,378,'PartAttachment','f15f97bc-b7ab-11eb-965c-c2ca61b4f1dd','Macos de Roscar-M11X1.0.jpg','image/jpeg',73669,'',NULL,'2021-05-18 09:37:48',NULL),(595,379,'PartAttachment','15c8e64e-b7ac-11eb-bedd-95be08ce085f','Macos de Roscar-M5X0.8.jpg','image/jpeg',56674,'',NULL,'2021-05-18 09:38:49',NULL),(596,380,'PartAttachment','389d368e-b7ac-11eb-9819-677b0cd69aeb','Macos de Roscar-M4X0.75.jpg','image/jpeg',40656,'',NULL,'2021-05-18 09:39:47',NULL),(597,381,'PartAttachment','5a4dc91a-b7ac-11eb-b308-b933fc77e8f5','Macos de Roscar-M7X0.75.jpg','image/jpeg',53693,'',NULL,'2021-05-18 09:40:44',NULL),(598,382,'PartAttachment','86187108-b7ac-11eb-972c-b0b20ed1a1ba','Macos de Roscar-M8X1.25.jpg','image/jpeg',70635,'',NULL,'2021-05-18 09:41:57',NULL),(599,383,'PartAttachment','a99e8504-b7ac-11eb-ab0d-94537bc74236','Macos de Roscar-M8X1.0.jpg','image/jpeg',55536,'',NULL,'2021-05-18 09:42:57',NULL),(600,384,'PartAttachment','daab24ae-b7ac-11eb-8600-f49ee012de19','Macos de Roscar-M10X0.75.jpg','image/jpeg',69374,'',NULL,'2021-05-18 09:44:19',NULL),(601,385,'PartAttachment','1ce8290c-b7ad-11eb-9000-48c8098e0480','Macos de Roscar-M9X1.25.jpg','image/jpeg',80649,'',NULL,'2021-05-18 09:46:10',NULL),(602,386,'PartAttachment','6694611a-b7ad-11eb-a67f-d8f24438023e','Macos de Roscar-M10X1.25.jpg','image/jpeg',71220,'',NULL,'2021-05-18 09:48:14',NULL),(603,387,'PartAttachment','838b67a0-b7ad-11eb-b1c1-8097b0066135','Macos de Roscar-M10X1.5.jpg','image/jpeg',67219,'',NULL,'2021-05-18 09:49:02',NULL),(604,388,'PartAttachment','b65c6ab2-b7ad-11eb-8291-140b390f3f8b','Macos de Roscar-M14X2.0.jpg','image/jpeg',66754,'',NULL,'2021-05-18 09:50:28',NULL),(605,389,'PartAttachment','e6723b28-b7ad-11eb-9a8d-b35614345068','Macos de Roscar-M14X1.5.jpg','image/jpeg',77885,'',NULL,'2021-05-18 09:51:48',NULL),(606,390,'PartAttachment','0e8756c0-b7ae-11eb-81fb-15ea1800034b','Macos de Roscar-M14X1.0.jpg','image/jpeg',82769,'',NULL,'2021-05-18 09:52:56',NULL),(607,391,'PartAttachment','3e1f8074-b7ae-11eb-b6a1-ea71eb031d1f','Macos de Roscar-M16X1.0.jpg','image/jpeg',88226,'',NULL,'2021-05-18 09:54:15',NULL),(608,392,'PartAttachment','621715e6-b7ae-11eb-8ee7-21b7ada48da3','Macos de Roscar-M16X1.5.jpg','image/jpeg',80425,'',NULL,'2021-05-18 09:55:16',NULL),(609,393,'PartAttachment','ac5d4878-b7ae-11eb-81da-07407387d6c4','Macos de Roscar-M16X2.0.jpg','image/jpeg',70506,'',NULL,'2021-05-18 09:57:20',NULL),(610,394,'PartAttachment','0c6e931a-b873-11eb-bce4-7903b17c8f46','24P Centronics fem.PNG','image/png',61568,'png',NULL,'2021-05-19 09:23:03',1),(611,394,'PartAttachment','0c704ac0-b873-11eb-85e0-55057abd1098','Centronics 24 posicion.pdf','application/pdf',211545,'pdf',NULL,'2021-05-19 09:23:03',0),(612,395,'PartAttachment','d6058948-b875-11eb-be52-86050d81ba55','Reguladores de voltaje LDO.PNG','image/png',56341,'png',NULL,'2021-05-19 09:43:00',1),(613,395,'PartAttachment','9dfcdb9a-b876-11eb-a9ff-0bfd0cec68ce','Reguladores de Voltaje LDO 800MA.jpg','image/jpeg',44984,'',NULL,'2021-05-19 09:48:36',NULL),(614,396,'PartAttachment','3c472d52-b88e-11eb-a6cd-f3a8494556d8','Condensador cerámico multicapa MLCC-22nF, ±10%, 50V dc.jpg','image/jpeg',68930,'jpeg',NULL,'2021-05-19 12:37:40',1),(615,397,'PartAttachment','e0d0dbdc-b890-11eb-b7e7-51739c3b46b6','Resistores de película gruesa - SMD.PNG','image/png',27185,'png',NULL,'2021-05-19 12:56:35',1),(616,397,'PartAttachment','e0d239aa-b890-11eb-9951-7c45e0a2f658','Resistores de película gruesa - SMD.PNG','image/png',27185,'png',NULL,'2021-05-19 12:56:35',1),(617,398,'PartAttachment','be50f5b4-b305-11eb-aaaf-974b767f7aff','Res 220Ω (2).jpg','image/jpeg',39305,'jpeg',NULL,'2021-05-19 12:58:32',NULL),(618,399,'PartAttachment','be50f5b4-b305-11eb-aaaf-974b767f7aff','Res 220Ω (2).jpg','image/jpeg',39305,'jpeg',NULL,'2021-05-19 12:59:53',NULL),(619,400,'PartAttachment','be50f5b4-b305-11eb-aaaf-974b767f7aff','Res 220Ω (2).jpg','image/jpeg',39305,'jpeg',NULL,'2021-05-19 12:59:59',NULL),(620,401,'PartAttachment','be50f5b4-b305-11eb-aaaf-974b767f7aff','Res 220Ω (2).jpg','image/jpeg',39305,'jpeg',NULL,'2021-05-19 13:00:01',NULL),(621,402,'PartAttachment','684753b4-b893-11eb-b21f-228f8fe25dcc','Condensador UUX1E101MNL1GS, 100μF, ±20%, 25V dc,.jpg','image/jpeg',81588,'',NULL,'2021-05-19 13:14:41',1),(622,403,'PartAttachment','864cb240-b894-11eb-85af-90301b310a4d','Aluminum Electrolytic Capacitors.jpg','image/jpeg',62305,'',NULL,'2021-05-19 13:22:41',1),(623,404,'PartAttachment','c944ad18-b895-11eb-b92f-65f9adffe20f','Cap Aluminum 22uF 16V ±20% Cylindrical 22mA 2000 hr 105°C.jpg','image/jpeg',64845,'',NULL,'2021-05-19 13:31:43',1),(624,405,'PartAttachment','ce94d448-ba05-11eb-aaf9-13bb9219a2ff','JAMICON SK 10v 1000uf 10x20mm electrolytic Capacitor 85°C.jpg','image/jpeg',25773,'',NULL,'2021-05-21 09:26:06',1),(625,406,'PartAttachment','c1ab0a42-ba08-11eb-83c0-8681bbe05ed4','Condensador cerámico multicapa MLCC-22nF, ±10%, 50V dc.jpg','image/jpeg',68930,'',NULL,'2021-05-21 09:47:13',NULL),(626,407,'PartAttachment','4d370fba-ba0a-11eb-b3a0-6b668ed2b9a9','SMD, 100 µF, 25 V, VT, V-Chip Series.jpg','image/jpeg',30294,'jpeg',NULL,'2021-05-21 09:58:17',1),(627,407,'PartAttachment','4d38722e-ba0a-11eb-99b1-970f65ce5302','Caja Blanca.jpg','image/jpeg',91470,'jpeg',NULL,'2021-05-21 09:58:17',1),(628,407,'PartAttachment','b4daf442-ba0a-11eb-b7e5-0f26812c9fc1','Condensador Electrolítico Aluminio SMD, Radial - SMD, 100 µF, 25 V, VT, V-Chip Series.pdf','application/pdf',398302,'',NULL,'2021-05-21 10:01:11',NULL),(629,408,'PartAttachment','d7ce7698-ba0c-11eb-86c4-a20ff819dcb1','Condensador Electrolítico Aluminio SMD, Radial - SMD, 220 µF, 35 V.pdf','application/pdf',1059544,'',NULL,'2021-05-21 10:16:28',0),(630,408,'PartAttachment','d7d299bc-ba0c-11eb-8540-0e02a10893c7','SMD, 220 µF, 35 V, Serie CW, 7000 horas a 105°C.PNG','image/png',48850,'',NULL,'2021-05-21 10:16:28',1),(631,409,'PartAttachment','9f9d63c2-ba13-11eb-9ba4-e844ee980d7d','SMD, 10 µF, 16 V.jpg','image/jpeg',26567,'',NULL,'2021-05-21 11:05:00',1),(632,409,'PartAttachment','9f9ec9f6-ba13-11eb-9d86-6cad1d6db729','Caja Blanca.jpg','image/jpeg',91470,'',NULL,'2021-05-21 11:05:01',1),(633,410,'PartAttachment','6cb19aa4-ba14-11eb-a4e3-c94a4e5f6e16','Caja Blanca.jpg','image/jpeg',91470,'',NULL,'2021-05-21 11:10:45',1),(634,410,'PartAttachment','6cb3383c-ba14-11eb-ac92-123109806683','SMD, 1054 nF, 16 V.jpg','image/jpeg',22109,'',NULL,'2021-05-21 11:10:45',1),(635,411,'PartAttachment','1bc08ac8-ba15-11eb-b196-6f7ea452a308','Caja Blanca.jpg','image/jpeg',91470,'',NULL,'2021-05-21 11:15:38',1),(636,411,'PartAttachment','1bc2d666-ba15-11eb-9060-d0449ea109ba','SMD, 4.70 µF, 50 V.jpg','image/jpeg',25006,'',NULL,'2021-05-21 11:15:38',1),(637,412,'PartAttachment','c32774e8-ba15-11eb-bf85-46554e7a8839','Caja Blanca.jpg','image/jpeg',91470,'',NULL,'2021-05-21 11:20:19',1),(638,412,'PartAttachment','c32937c4-ba15-11eb-adaf-8d3653dba874','SMD, 3.25 µF, 35 V.jpg','image/jpeg',28066,'',NULL,'2021-05-21 11:20:19',1),(639,413,'PartAttachment','7cc4de7c-ba16-11eb-bc5d-2dd121d0351a','Caja Blanca.jpg','image/jpeg',91470,'',NULL,'2021-05-21 11:25:31',1),(640,413,'PartAttachment','7cc66bca-ba16-11eb-a7a0-a3cf7acbc31d','SMD, 146 µF .jpg','image/jpeg',22555,'',NULL,'2021-05-21 11:25:31',1),(641,414,'PartAttachment','61cc555e-ba17-11eb-be4f-44ab6c8c229f','Cap Aluminum 1056 nF.jpg','image/jpeg',23453,'',NULL,'2021-05-21 11:31:55',1),(642,414,'PartAttachment','61cda878-ba17-11eb-b291-38817b45872e','Caja Blanca.jpg','image/jpeg',91470,'',NULL,'2021-05-21 11:31:55',1),(643,415,'PartAttachment','4e799d76-ba1d-11eb-a4f8-832361546dd3','Caja Blanca.jpg','image/jpeg',91470,'jpeg',NULL,'2021-05-21 12:14:19',1),(644,415,'PartAttachment','4e7b3c9e-ba1d-11eb-8916-744202f46a28','SMD 47 UF .jpg','image/jpeg',22750,'jpeg',NULL,'2021-05-21 12:14:19',1),(645,416,'PartAttachment','942a0720-ba1d-11eb-9f8b-aad3482b236b','Caja Blanca.jpg','image/jpeg',91470,'jpeg',NULL,'2021-05-21 12:16:16',1),(646,416,'PartAttachment','942ba01c-ba1d-11eb-9cb7-019003228663','SMD 68 UF .jpg','image/jpeg',23680,'jpeg',NULL,'2021-05-21 12:16:16',1),(647,417,'PartAttachment','e80a796a-ba1d-11eb-8932-aacf2b12df89','Caja Blanca.jpg','image/jpeg',91470,'jpeg',NULL,'2021-05-21 12:18:37',1),(648,417,'PartAttachment','e80c055a-ba1d-11eb-ad2a-af3497933c7e','SMD 150 UF.jpg','image/jpeg',25169,'jpeg',NULL,'2021-05-21 12:18:37',1),(649,418,'PartAttachment','9a6d2754-ba20-11eb-991b-2f132029abfd','Caja Blanca.jpg','image/jpeg',91470,'',NULL,'2021-05-21 12:37:55',NULL),(650,418,'PartAttachment','9a6eb2b8-ba20-11eb-8296-684f942938aa','100Ω   0.125 W   %.jpg','image/jpeg',37794,'',NULL,'2021-05-21 12:37:55',NULL),(651,419,'PartAttachment','a81e524e-bc62-11eb-a0cb-67f3dca948e5','SMA clavija soldadura.jpg','image/jpeg',122802,'jpeg',NULL,'2021-05-24 09:35:47',1),(652,419,'PartAttachment','a822a9fc-bc62-11eb-8bed-928e5e8f2f0e','CLAVIJA SMA SOLDADURA HEMBRA.PNG','image/png',91563,'png',NULL,'2021-05-24 09:35:47',1),(653,420,'PartAttachment','fa11687c-bc65-11eb-b6cc-f796111c514d','Conector SMA UHF RPSMA SO239.PNG','image/png',194557,'',NULL,'2021-05-24 09:59:33',1),(654,421,'PartAttachment','cb09bf06-bc66-11eb-94d1-f12faa7df9f3','Conector SMA a SMA macho hembra RP SMA a SMA.PNG','image/png',203023,'',NULL,'2021-05-24 10:05:24',1),(656,422,'PartAttachment','2d538006-bc68-11eb-9f29-c8d23eb6de8b','Conector SMA a SMA macho hembra .jpg','image/jpeg',52165,'',NULL,'2021-05-24 10:15:18',1),(657,423,'PartAttachment','6eaaaf38-bc69-11eb-b1e3-782d10b4735d','Conector macho TV antena coaxial .PNG','image/png',43221,'',NULL,'2021-05-24 10:24:17',1),(658,424,'PartAttachment','e93ccbc8-bc69-11eb-8eff-079a50592989','Televés f4312300-Conector Macho.PNG','image/png',152562,'',NULL,'2021-05-24 10:27:43',1),(659,425,'PartAttachment','6c1825e2-bc6a-11eb-86ac-07088b1427d6','Conector hembra TV antena coaxial.PNG','image/png',67098,'',NULL,'2021-05-24 10:31:23',1),(660,426,'PartAttachment','783eac50-bc6b-11eb-a3fc-87ecea6e7234','Adaptador TV macho a hembra.PNG','image/png',165534,'',NULL,'2021-05-24 10:38:52',1),(661,427,'PartAttachment','5ce7b3c4-bc6c-11eb-b7d0-ead63b3da954','CONECTOR F PARA CABLE CXT 5MM TELEVESPNG.PNG','image/png',24939,'',NULL,'2021-05-24 10:45:16',1),(662,428,'PartAttachment','a23d9efc-bc6c-11eb-aa09-fe947a9e26f9','EMPALMADOR DE CABLES COAXIALES CON CONECTORES F.PNG','image/png',27391,'',NULL,'2021-05-24 10:47:12',1),(663,429,'PartAttachment','11f8b384-bc6e-11eb-ada6-ca9bdc70cc3d','F Hembra a RCA Hembra .PNG','image/png',176298,'',NULL,'2021-05-24 10:57:29',1),(664,430,'PartAttachment','dade628e-bc74-11eb-acb7-8ece72c0c33a','Adaptador de toma de banana BNC .PNG','image/png',134103,'',NULL,'2021-05-24 11:46:03',1),(665,431,'PartAttachment','4ddea276-bc75-11eb-82e1-a9493707d660','Conector banana doble a adaptador hembra BNC.PNG','image/png',130014,'',NULL,'2021-05-24 11:49:16',1),(666,432,'PartAttachment','a5685058-bc77-11eb-a53c-08a091de6a3f','BNC macho enchufe a F hembra Jack adaptador.PNG','image/png',109435,'',NULL,'2021-05-24 12:06:02',1),(667,433,'PartAttachment','3d5b12ce-bc78-11eb-a1c6-f98c724eb559','BNC Connector.PNG','image/png',48806,'',NULL,'2021-05-24 12:10:17',1),(668,434,'PartAttachment','2adb4b8a-bc7a-11eb-978b-1887d6dfb647','Adaptador BNC a RCA.PNG','image/png',112212,'',NULL,'2021-05-24 12:24:05',1),(669,435,'PartAttachment','5aa7ed68-bc7b-11eb-967a-161a742ca69f','Adaptador RCA BNC BNC- RCA Macho.PNG','image/png',157690,'',NULL,'2021-05-24 12:32:35',1),(671,436,'PartAttachment','8d04a9ac-bc82-11eb-9d59-e154d2c7a1d5','Conector Prolongador Doble RF Coaxial Tipo BNC Hembra CCTV, Antena, TV.PNG','image/png',664515,'',NULL,'2021-05-24 13:24:06',NULL),(672,437,'PartAttachment','d74aff10-bc83-11eb-9af1-14f950cce42b','Conector tipo T triple BNC hembra.PNG','image/png',42853,'',NULL,'2021-05-24 13:33:20',1),(673,438,'PartAttachment','70074358-bc84-11eb-b251-9efd54471e82','Derivador T BNC macho a dos BNC hembra.PNG','image/png',158484,'',NULL,'2021-05-24 13:37:36',1),(674,439,'PartAttachment','bfbb5470-bc84-11eb-8e3c-32866546089c','Conector triple BNC macho para coaxial RG59 - RG6.PNG','image/png',35765,'',NULL,'2021-05-24 13:39:50',1),(675,440,'PartAttachment','b80f0464-bc85-11eb-98d2-fc718e5d15ec','BNC hembra ángulo recto chasis PCB.PNG','image/png',149885,'',NULL,'2021-05-24 13:46:46',1),(676,441,'PartAttachment','5e77ddd0-bc86-11eb-8779-d8bfa0f40e26','BNC conector hembra ángulo recto 4 pines PCB.PNG','image/png',184562,'',NULL,'2021-05-24 13:51:26',1),(677,442,'PartAttachment','01856530-bd2a-11eb-8a28-04ddf1bb90ce','Conector USB tipo B hembra .pdf','application/pdf',23433,'',NULL,'2021-05-25 09:22:47',0),(678,442,'PartAttachment','01872bfe-bd2a-11eb-929c-3334f47549f7','Conector USB tipo B hembra.PNG','image/png',108176,'',NULL,'2021-05-25 09:22:47',1),(679,443,'PartAttachment','0854a900-bd2c-11eb-bfe1-e5e5eb10000a','Conector USB-A Macho 4 pin para PCB.PNG','image/png',64904,'',NULL,'2021-05-25 09:37:18',1),(680,444,'PartAttachment','24ecc81a-bd2f-11eb-b14d-cc11e5342b37','Adaptador USB 3.0 A macho A ángulo hembra.PNG','image/png',79593,'',NULL,'2021-05-25 09:59:34',1),(681,445,'PartAttachment','4109cc22-bd35-11eb-9e18-84109b2b1aaa','CONECTOR JACK 6,3 STEREO MACHO.PNG','image/png',149370,'',NULL,'2021-05-25 10:43:18',1),(682,445,'PartAttachment','410b5d30-bd35-11eb-8c8d-264a6b9edadd','Conector jack estéreo Macho, Estéreo 6.35 mm.pdf','application/pdf',220847,'',NULL,'2021-05-25 10:43:18',0),(683,446,'PartAttachment','aa7302fa-bd35-11eb-b7ad-0cfa57dc692f','Jack macho estéreo 6.35 mm.PNG','image/png',31263,'',NULL,'2021-05-25 10:46:15',1),(684,447,'PartAttachment','3f699f22-bd36-11eb-9b41-aa6d4aa75240','Conector Jack Macho 2,5mm.PNG','image/png',124883,'',NULL,'2021-05-25 10:50:25',1),(685,448,'PartAttachment','c8be7046-bd3a-11eb-849a-d5a817c4dde8','SMD 10V 100uF 20% AEC-Q200.jpg','image/jpeg',88303,'',NULL,'2021-05-25 11:22:53',NULL),(686,449,'PartAttachment','1110843a-bd3e-11eb-a1f6-361f4693c348','SMD 220 Ohms 125 mW 0805 1%.pdf','application/pdf',768198,'pdf',NULL,'2021-05-25 11:46:23',0),(687,449,'PartAttachment','1113b664-bd3e-11eb-ba87-d5e2ba839b3a','SMD 220 Ohms 125 mW 0805 1%.PNG','image/png',26854,'png',NULL,'2021-05-25 11:46:23',1),(689,450,'PartAttachment','6489f5f8-bd41-11eb-a5b2-8db23f00d30e','Condensador de Cerámica Multicapa, 0.1 µF, 25 V, 0603 .jpg','image/jpeg',63738,'',NULL,'2021-05-25 12:10:12',NULL),(690,450,'PartAttachment','648ba4fc-bd41-11eb-a71a-e8b484c76eb6','Condensador de Cerámica Multicapa.PNG','image/png',40385,'',NULL,'2021-05-25 12:10:12',NULL),(691,450,'PartAttachment','648c2468-bd41-11eb-a07b-5b7987958f52','Condensador de Cerámica Multicapa.pdf','application/pdf',52828,'',NULL,'2021-05-25 12:10:12',NULL),(692,449,'PartAttachment','156eecf8-bd4b-11eb-bd92-a092bff849cd','Res 220Ω 1%.jpg','image/jpeg',61776,'',NULL,'2021-05-25 13:19:34',NULL),(693,451,'PartAttachment','5ec34f1a-bd4c-11eb-936e-09fe77340f63','Res  1206 47Ω.jpg','image/jpeg',64925,'',NULL,'2021-05-25 13:28:46',NULL),(694,451,'PartAttachment','5ec4ff4a-bd4c-11eb-a610-f8ccbf6f5653','47 Ω -1206 -1%.pdf','application/pdf',127440,'',NULL,'2021-05-25 13:28:47',NULL),(695,452,'PartAttachment','baa6b722-bd4c-11eb-b0f4-2dccc132eddb','22 Ω -1206 -1%.pdf','application/pdf',127440,'',NULL,'2021-05-25 13:31:21',NULL),(696,452,'PartAttachment','baa9360a-bd4c-11eb-b4e1-b9ae93e1c3e7','Res 220Ω 1%.jpg','image/jpeg',61776,'',NULL,'2021-05-25 13:31:21',NULL),(697,453,'PartAttachment','125dbf88-bd4d-11eb-a50d-00434d5b1930','Condensador cerámico multicapa 100nF.jpg','image/jpeg',61761,'',NULL,'2021-05-25 13:33:48',NULL),(698,454,'PartAttachment','da25e526-bd4e-11eb-a9ed-9ca8992b27f4','Jack Macho 2,5mm. Mono.PNG','image/png',92463,'',NULL,'2021-05-25 13:46:32',1),(699,455,'PartAttachment','7b185d38-bd4f-11eb-91fa-0b36552ddfdf','Conector Jack Mach.PNG','image/png',136384,'',NULL,'2021-05-25 13:51:03',1),(700,456,'PartAttachment','3b98e046-bd50-11eb-9691-70dbacaebdc6','Conector RCA macho de color.PNG','image/png',57140,'',NULL,'2021-05-25 13:56:25',1),(701,457,'PartAttachment','1d3aa804-bd51-11eb-8256-e60bf9dd2fa4','CONECTOR DIN MACHO  8 PIN.PNG','image/png',89390,'',NULL,'2021-05-25 14:02:44',1),(702,458,'PartAttachment','98f3979e-bd51-11eb-982f-8425ad25345f','ADAPTADOR 2 RCA HEMBRA A JACK MACHO 6.35 ST.PNG','image/png',84472,'',NULL,'2021-05-25 14:06:12',1),(703,459,'PartAttachment','2d77af90-bd52-11eb-8d58-fab0312f6206','Adaptador 2x RCA hembra - Jack 3.5 mm macho.PNG','image/png',73401,'',NULL,'2021-05-25 14:10:21',1),(705,461,'PartAttachment','be688612-bdef-11eb-8cad-82cc6ae6d604','N hembra soldable..PNG','image/png',86002,'',NULL,'2021-05-26 08:58:15',1),(706,462,'PartAttachment','1f37dbe0-bdf1-11eb-9904-2e2eeadbbb68','Conector PL HEMBRA para chasis .PNG','image/png',90736,'',NULL,'2021-05-26 09:08:07',1),(707,463,'PartAttachment','1dc8d916-bdf2-11eb-ba24-c1cd25adf331','Copla de unión PL Hembra a PL Hembra.PNG','image/png',88142,'',NULL,'2021-05-26 09:15:14',1),(708,464,'PartAttachment','7c037d74-bdf2-11eb-a050-76c896498e55','Conector F doble hembra con tuerca.PNG','image/png',213378,'',NULL,'2021-05-26 09:17:52',1),(709,460,'PartAttachment','d7fe5030-bdf3-11eb-84aa-2d74811b19a4','Conector PL Macho Para RG-58.PNG','image/png',70183,'',NULL,'2021-05-26 09:27:36',NULL),(710,465,'PartAttachment','a4aacab8-bdf5-11eb-99b4-26560e37d5e9','Conector N Macho Crimpeable para RG58.PNG','image/png',171423,'',NULL,'2021-05-26 09:40:29',1),(711,466,'PartAttachment','fbbe2da2-bdf7-11eb-9880-c6bda1b5f5b7','Conector N Macho para cable.PNG','image/png',325086,'',NULL,'2021-05-26 09:57:14',1),(712,467,'PartAttachment','fd4d5336-bdf8-11eb-820e-c3f4f3662fe6','Adaptador N macho a BNC.PNG','image/png',132144,'',NULL,'2021-05-26 10:04:26',1),(713,468,'PartAttachment','6bed1ce0-bdf9-11eb-be64-34a79b2341a7','CONECTOR N MACHO PARA CABLE RF400.PNG','image/png',203589,'',NULL,'2021-05-26 10:07:32',1),(714,469,'PartAttachment','696646a8-bdfa-11eb-bc74-f01c70e5a123','Conector Macho A SO-239 (PL-259 Hembra).PNG','image/png',208752,'',NULL,'2021-05-26 10:14:37',1),(715,470,'PartAttachment','034d186e-bdfb-11eb-a57b-46930ffdd07f','Conector N macho de crimpar.PNG','image/png',432961,'',NULL,'2021-05-26 10:18:55',1),(716,471,'PartAttachment','2709d6c4-bdfc-11eb-abcd-aa36d8d45943','CONECTOR N HEMBRA PANEL.PNG','image/png',46503,'',NULL,'2021-05-26 10:27:04',1),(717,472,'PartAttachment','1013a448-bdfe-11eb-90cd-bc80e0cb3f80','RACORES RECTOS CILÍNDRICOS PARA TUBO TECALAN.PNG','image/png',25322,'png',NULL,'2021-05-26 10:40:45',1),(718,473,'PartAttachment','433e4dae-bdff-11eb-b63b-16a4f5d26ec4','CONECTORES PARA FLUIDOS.PNG','image/png',10381,'',NULL,'2021-05-26 10:49:20',1),(719,474,'PartAttachment','3caf98ba-be01-11eb-9f64-4f04a08866c4','SIM800L.PNG','image/png',164934,'png',NULL,'2021-05-26 11:03:28',1),(720,475,'PartAttachment','ccdd8bee-be02-11eb-ac83-268e91a4437f','M590 GSM GPRS SMD DIY Kit.PNG','image/png',122660,'',NULL,'2021-05-26 11:14:40',1),(721,477,'PartAttachment','ed969668-be03-11eb-bfba-a7e4e61b5303','Antena de placa de circuito integrada.PNG','image/png',36182,'',NULL,'2021-05-26 11:22:44',1),(722,478,'PartAttachment','946add0a-be04-11eb-b02a-b22cb993634a','IPX IPEX u fl Jack Cable RF 1,13.PNG','image/png',40662,'',NULL,'2021-05-26 11:27:24',1),(723,482,'PartAttachment','c305609e-bebe-11eb-a4e3-e14f03692ec9','Juego de fusibles Littelfuse Automoción.PNG','image/png',34466,'png',NULL,'2021-05-27 09:40:08',1),(724,486,'PartAttachment','b56eb936-bec7-11eb-aa8c-a726776426e0','Caja Resistencias.jpg','image/jpeg',43657,'',NULL,'2021-05-27 10:44:11',1),(725,486,'PartAttachment','b5700ef8-bec7-11eb-95a7-38cd5420520b','Res 20Ω 2%.jpg','image/jpeg',22355,'',NULL,'2021-05-27 10:44:11',1),(728,489,'PartAttachment','3717092e-bec9-11eb-a9ea-acf2ed95bf8b','Caja Resistencias.jpg','image/jpeg',43657,'',NULL,'2021-05-27 10:54:58',1),(729,489,'PartAttachment','3718aab8-bec9-11eb-afa4-ee9ec541c02c','Res 56KΩ  2%.jpg','image/jpeg',17156,'',NULL,'2021-05-27 10:54:58',1),(730,490,'PartAttachment','0fee70d4-beca-11eb-8f2a-5a154e449e1b','Caja Resistencias.jpg','image/jpeg',43657,'',NULL,'2021-05-27 11:01:02',1),(731,490,'PartAttachment','0ff00d72-beca-11eb-991b-89047050e082','Res 1.2MΩ  5%.jpg','image/jpeg',16809,'',NULL,'2021-05-27 11:01:02',1),(732,491,'PartAttachment','8e75a1d4-beca-11eb-8701-b27e6a25b743','Caja Resistencias.jpg','image/jpeg',43657,'',NULL,'2021-05-27 11:04:34',1),(733,491,'PartAttachment','8e77ae84-beca-11eb-a2bd-942d0b2030d9','Res 27KΩ  2%.jpg','image/jpeg',20930,'',NULL,'2021-05-27 11:04:34',1),(734,492,'PartAttachment','30f5973e-becb-11eb-b20e-99f08708a195','Caja Resistencias.jpg','image/jpeg',43657,'jpeg',NULL,'2021-05-27 11:09:07',1),(736,492,'PartAttachment','1ae17264-becc-11eb-b0d5-414fa6660675','Res 22 KΩ  10%.jpg','image/jpeg',18541,'jpeg',NULL,'2021-05-27 11:15:39',1),(737,493,'PartAttachment','99f65b42-bed0-11eb-826c-931730473751','Caja Blanca DC-DC.jpg','image/jpeg',36899,'jpeg',NULL,'2021-05-27 11:47:51',1),(738,493,'PartAttachment','b9f6f1b8-bed0-11eb-a7aa-cd5b64ff5665','Relés de estado sólido.PNG','image/png',88700,'',NULL,'2021-05-27 11:48:44',1),(739,494,'PartAttachment','a2fdaf7a-bed4-11eb-833f-3ab69007a99f','microcontrolador Atmel 24 pi.PNG','image/png',93518,'',NULL,'2021-05-27 12:16:44',1),(740,494,'PartAttachment','a2ff776a-bed4-11eb-8bed-5acbdc4c1959','Caja Circuitos Integrados.jpg','image/jpeg',41414,'',NULL,'2021-05-27 12:16:44',1),(741,495,'PartAttachment','3340dc22-bed7-11eb-af02-6a23e7a41246','Caja Circuitos Integrados.jpg','image/jpeg',41414,'',NULL,'2021-05-27 12:35:05',1),(742,495,'PartAttachment','3342b164-bed7-11eb-849a-31280c7ac6d2','Microchip-PIC17C756A-33-L.PNG','image/png',60130,'',NULL,'2021-05-27 12:35:05',1),(745,497,'PartAttachment','7691a068-bed9-11eb-9387-8ea00021d118','LDR.PNG','image/png',62680,'',NULL,'2021-05-27 12:51:17',1),(746,497,'PartAttachment','76935bce-bed9-11eb-9113-dea6863ed1aa','Caja Blanca.jpg','image/jpeg',36707,'',NULL,'2021-05-27 12:51:17',1),(747,498,'PartAttachment','2cb6b6b0-bedc-11eb-8835-f86c67030731','Microcontrolador - PIC18F4550-I - PT.PNG','image/png',131129,'',NULL,'2021-05-27 13:10:41',1),(748,499,'PartAttachment','33691934-bedd-11eb-9ebf-95c7b2f417ec','Microchip PIC16F877A-I-P Microcontrolador.PNG','image/png',48444,'',NULL,'2021-05-27 13:18:02',1),(749,499,'PartAttachment','336ac0cc-bedd-11eb-868b-5ef411e87eb1','Caja Circuitos Integrados.jpg','image/jpeg',41414,'',NULL,'2021-05-27 13:18:02',1),(750,500,'PartAttachment','77471844-bede-11eb-8ec2-25b2c84017c9','Microcontroladores  PIC18F452-1-P.PNG','image/png',48966,'',NULL,'2021-05-27 13:27:05',1),(751,500,'PartAttachment','77488170-bede-11eb-9901-b73903495b59','Caja Circuitos Integrados.jpg','image/jpeg',41414,'',NULL,'2021-05-27 13:27:05',1),(752,501,'PartAttachment','358d3df6-bedf-11eb-8594-0ccffe06eb13','Microcontroladores  PIC18F452-1-P.PNG','image/png',48966,'',NULL,'2021-05-27 13:32:25',1),(753,501,'PartAttachment','358eefde-bedf-11eb-b7f6-d8a914e465aa','Caja Circuitos Integrados.jpg','image/jpeg',41414,'',NULL,'2021-05-27 13:32:25',1),(754,502,'PartAttachment','27408f04-bee0-11eb-8c92-526e62171bbc','Controladores de Ethernet ENC28J60-I-SP.PNG','image/png',36010,'',NULL,'2021-05-27 13:39:10',1),(755,502,'PartAttachment','2742314c-bee0-11eb-b09f-c6b1f5293fbc','Caja Circuitos Integrados.jpg','image/jpeg',41414,'',NULL,'2021-05-27 13:39:10',1),(756,503,'PartAttachment','0dc4b806-bee1-11eb-85b4-b1531c17310e','24LC512-I - SMG.PNG','image/png',50630,'',NULL,'2021-05-27 13:45:37',1),(757,503,'PartAttachment','0dc6617e-bee1-11eb-bb65-ca468a4adc3a','Caja Circuitos Integrados.jpg','image/jpeg',41414,'',NULL,'2021-05-27 13:45:37',1),(758,504,'PartAttachment','db89eae0-bee1-11eb-8488-c0340e7e2641','PIC16LF877-04 - P.PNG','image/png',10316,'',NULL,'2021-05-27 13:51:22',1),(759,504,'PartAttachment','db8b6c76-bee1-11eb-a43a-a370b48c91e7','Caja Circuitos Integrados.jpg','image/jpeg',41414,'',NULL,'2021-05-27 13:51:22',1),(760,505,'PartAttachment','5795b762-bee3-11eb-801b-3fa891a6dc55','microchip PIC16LF876A-1-SP.PNG','image/png',23731,'',NULL,'2021-05-27 14:02:00',1),(761,505,'PartAttachment','5797467c-bee3-11eb-b3ea-be03e2beffaa','Caja Circuitos Integrados.jpg','image/jpeg',41414,'',NULL,'2021-05-27 14:02:00',1),(762,506,'PartAttachment','326ccd26-bee4-11eb-8423-a1af6dfe38f9','HCS512.PNG','image/png',29649,'',NULL,'2021-05-27 14:08:07',1),(763,506,'PartAttachment','326e3d00-bee4-11eb-98e7-700b658b7947','Caja Circuitos Integrados.jpg','image/jpeg',41414,'',NULL,'2021-05-27 14:08:07',1),(764,507,'PartAttachment','b602da4a-bee4-11eb-bcbb-f695fbce77ed','codificador HCS201.PNG','image/png',60603,'',NULL,'2021-05-27 14:11:48',1),(765,507,'PartAttachment','b6045b18-bee4-11eb-98cb-7d7ae1435832','Caja Circuitos Integrados.jpg','image/jpeg',41414,'',NULL,'2021-05-27 14:11:48',1),(766,508,'PartAttachment','d718cfcc-bee5-11eb-891e-860299adf25c','MAX505ACNG.PNG','image/png',120477,'',NULL,'2021-05-27 14:19:53',1),(767,508,'PartAttachment','d71ab620-bee5-11eb-90c0-2974d008f83c','Caja Circuitos Integrados.jpg','image/jpeg',41414,'',NULL,'2021-05-27 14:19:53',1),(768,509,'PartAttachment','62a42690-bee6-11eb-bbff-33443442237f','MAX483 CPA 962.PNG','image/png',32310,'','','2021-05-27 14:23:47',1),(769,509,'PartAttachment','62a61d88-bee6-11eb-b29b-518499179ca0','Caja Circuitos Integrados.jpg','image/jpeg',41414,'',NULL,'2021-05-27 14:23:47',1),(770,510,'PartAttachment','fe110ef4-bf81-11eb-9d33-546701807d06','Caja Circuitos Integrados.jpg','image/jpeg',41414,'',NULL,'2021-05-28 08:57:39',1),(771,510,'PartAttachment','fe17b876-bf81-11eb-b734-a3badd472530','Expansor MCP23S17-E-SP.PNG','image/png',34381,'',NULL,'2021-05-28 08:57:39',1),(772,511,'PartAttachment','2b04b810-bf83-11eb-a5a3-dbd2c5a41378','Transistores bipolares - BJT.PNG','image/png',12980,'',NULL,'2021-05-28 09:06:04',1),(773,511,'PartAttachment','2b066282-bf83-11eb-968d-2e8dc7b5c194','Caja Circuitos Integrados.jpg','image/jpeg',41414,'',NULL,'2021-05-28 09:06:04',1),(774,512,'PartAttachment','8353e81e-bf84-11eb-bfbd-dc475f3f5725','DISPLAY 7 SEGMENTOS LED ROJO CÁTODO COMÚN.PNG','image/png',188139,'',NULL,'2021-05-28 09:15:42',1),(775,512,'PartAttachment','8355d7d2-bf84-11eb-b775-367514ed1650','Caja Circuitos Integrados.jpg','image/jpeg',41414,'',NULL,'2021-05-28 09:15:42',1),(776,513,'PartAttachment','d9dd92ee-bf88-11eb-b44f-3fae13162993','Mini Sistema de células solares.PNG','image/png',98905,'',NULL,'2021-05-28 09:46:45',1),(777,514,'PartAttachment','937da71e-bf8b-11eb-8a31-72bb7c5ba015','Controladores y controladores de motor .PNG','image/png',60941,'',NULL,'2021-05-28 10:06:16',1),(778,514,'PartAttachment','937fa3ca-bf8b-11eb-af8d-7239a219b601','Controladores y controladores de motor .pdf','application/pdf',613838,'',NULL,'2021-05-28 10:06:16',0),(779,515,'PartAttachment','31f2db94-bf8c-11eb-89a5-663977ac34ce','Diodos - Propósito general.PNG','image/png',8492,'',NULL,'2021-05-28 10:10:41',1),(780,515,'PartAttachment','31f42e0e-bf8c-11eb-a0c0-8594d79545d6','Diodos - Propósito general.pdf','application/pdf',316676,'',NULL,'2021-05-28 10:10:41',0),(781,516,'PartAttachment','14d87824-bf8d-11eb-934c-c6ea3f704e38','Soportes de batería.PNG','image/png',69937,'',NULL,'2021-05-28 10:17:02',1),(782,516,'PartAttachment','14da392a-bf8d-11eb-bce6-c849f73a9c6a','Soportes de batería.pdf','application/pdf',143286,'',NULL,'2021-05-28 10:17:02',0),(783,517,'PartAttachment','c3da091e-bf8d-11eb-beb7-78e3f52c35a3','Conectores de tarjetas de memoria.PNG','image/png',66033,'',NULL,'2021-05-28 10:21:56',1),(784,517,'PartAttachment','c3dbccf4-bf8d-11eb-963f-619c09ebc1df','Conectores de tarjetas de memoria.pdf','application/pdf',143445,'',NULL,'2021-05-28 10:21:56',0),(785,518,'PartAttachment','c7a77724-bf8e-11eb-aca5-8a079285f371','Circuitos integrados de conmutador USB.PNG','image/png',19372,'',NULL,'2021-05-28 10:29:12',1),(786,518,'PartAttachment','c7a91200-bf8e-11eb-b716-3665d7df8a2a','Circuitos integrados de conmutador USB.pdf','application/pdf',539272,'',NULL,'2021-05-28 10:29:12',0),(789,520,'PartAttachment','ca7485f8-bf90-11eb-80e5-fffe1ca99de5','Capacitores electrolíticos de aluminio.PNG','image/png',24558,'png',NULL,'2021-05-28 10:43:35',1),(790,520,'PartAttachment','ca761c42-bf90-11eb-88fc-d555d8d154d2','Capacitores electrolíticos de aluminio - SMD.pdf','application/pdf',1084273,'pdf',NULL,'2021-05-28 10:43:35',0),(791,521,'PartAttachment','5cc4f486-bf93-11eb-8c91-2ccf74b1d85d','Multilayer Ceramic Capacitors MLCC.PNG','image/png',14484,'',NULL,'2021-05-28 11:02:00',1),(792,521,'PartAttachment','5cc64f02-bf93-11eb-ac08-4726c2a1f61f','Multilayer Ceramic Capacitors MLCC.pdf','application/pdf',923866,'',NULL,'2021-05-28 11:02:00',0),(793,522,'PartAttachment','21e00dfa-bf94-11eb-9544-ac27e315348b','Resistores de película gruesa.PNG','image/png',21400,'',NULL,'2021-05-28 11:07:30',1),(794,522,'PartAttachment','21e19a80-bf94-11eb-88d4-23a400be838b','Resistores de película gruesa.pdf','application/pdf',116305,'',NULL,'2021-05-28 11:07:30',0),(795,523,'PartAttachment','7081ab3e-bf95-11eb-9ed4-7773b864fc2e','Clock Oscillators SMD.PNG','image/png',10793,'',NULL,'2021-05-28 11:16:52',1),(796,524,'PartAttachment','877281be-bf96-11eb-9a2e-6c46e6f15968','QFP Procesadores - microcontroladores.PNG','image/png',9598,'',NULL,'2021-05-28 11:24:40',1),(797,525,'PartAttachment','eb64a44e-bf97-11eb-9ec0-716cafe11d8e','Fotointerruptor Reflexivo.PNG','image/png',11377,'',NULL,'2021-05-28 11:34:37',1),(798,525,'PartAttachment','eb65f786-bf97-11eb-af65-bb4426fba440','Fotointerruptor Reflexivo.pdf','application/pdf',248973,'',NULL,'2021-05-28 11:34:37',0),(799,526,'PartAttachment','f5131090-bf9f-11eb-bfbe-5b51ca1a8dc1','Capacitores electrolíticos de aluminio.PNG','image/png',6521,'png',NULL,'2021-05-28 12:32:09',1),(800,527,'PartAttachment','4abbf46c-bfa0-11eb-be97-a7789924b06b','Capacitores electrolíticos de aluminio.PNG','image/png',6521,'png',NULL,'2021-05-28 12:34:33',1),(801,528,'PartAttachment','44f96cba-bfa2-11eb-a5d8-f7542444e579','CONDENSADOR CERAMICO ALTA TENSION.PNG','image/png',25569,'',NULL,'2021-05-28 12:48:42',1),(802,528,'PartAttachment','44facdb2-bfa2-11eb-b309-26e15c1e68d3','Caja Condensadores.jpg','image/jpeg',56580,'',NULL,'2021-05-28 12:48:42',1),(803,529,'PartAttachment','4a287d9c-bfa3-11eb-ae1c-69a897a482d2','Condensadores Cerámicos de Disco y Placa.PNG','image/png',9040,'',NULL,'2021-05-28 12:56:00',1),(804,529,'PartAttachment','4a29f8ac-bfa3-11eb-bde4-fe2de753186a','Caja Condensadores.jpg','image/jpeg',56580,'',NULL,'2021-05-28 12:56:00',1),(805,530,'PartAttachment','0ea4a50e-bfa6-11eb-ac5b-466f0657d73e','Condensador de película no polar EPCOS.PNG','image/png',134795,'',NULL,'2021-05-28 13:15:49',1),(806,531,'PartAttachment','5ad40ed2-bfa7-11eb-8dee-a70563963814','Condensadores Cerámicos de Disco y Placa.PNG','image/png',9040,'',NULL,'2021-05-28 13:25:06',1),(807,532,'PartAttachment','9280e380-bfa9-11eb-8dea-b9c9025d5e04','Condensador electrolítico.PNG','image/png',263201,'png',NULL,'2021-05-28 13:40:59',1),(808,532,'PartAttachment','92837b4a-bfa9-11eb-9154-3107af5166ca','Caja Condensadores.jpg','image/jpeg',56580,'jpeg',NULL,'2021-05-28 13:40:59',1),(809,533,'PartAttachment','76aab9b2-c1dc-11eb-971f-653a48db5dba','Cabezal de pines.PNG','image/png',14517,'',NULL,'2021-05-31 08:50:19',1),(810,533,'PartAttachment','76ac6b04-c1dc-11eb-bb38-c11c23242cbe','Cabezal de pines.pdf','application/pdf',32441,'',NULL,'2021-05-31 08:50:19',0),(811,534,'PartAttachment','aff9b49c-c1dd-11eb-bf8a-0f9b8a27ea4b','Conector hembra IDC de 40 vías.PNG','image/png',39204,'',NULL,'2021-05-31 08:59:04',1),(812,534,'PartAttachment','affc5d64-c1dd-11eb-b9f9-e3dcec47f390','Conector hembra IDC de 40 vías.pdf','application/pdf',144032,'',NULL,'2021-05-31 08:59:04',0),(813,535,'PartAttachment','4b9a2358-c1e0-11eb-b86e-fa69c9b6dffe','Phoenix Contact.PNG','image/png',54555,'',NULL,'2021-05-31 09:17:45',1),(814,535,'PartAttachment','4b9bcffa-c1e0-11eb-8bc6-1d3be858f324','Phoenix Contact.pdf','application/pdf',259578,'',NULL,'2021-05-31 09:17:45',0),(815,536,'PartAttachment','30e14d84-c1e5-11eb-a4b3-feb307201b51','microcontrolador PIC de 8 bits.PNG','image/png',26274,'',NULL,'2021-05-31 09:52:47',1),(816,536,'PartAttachment','30e2f3a0-c1e5-11eb-88f3-64a624a8d66d','Caja Circuitos Integrados.jpg','image/jpeg',41414,'',NULL,'2021-05-31 09:52:47',1),(817,537,'PartAttachment','c3992290-c1e6-11eb-96bb-b00969906f93','Transceptor multiprotocolo con chip FTDI SSOP de 28 pines.PNG','image/png',38331,'',NULL,'2021-05-31 10:04:03',1),(818,537,'PartAttachment','c39aed6e-c1e6-11eb-bd75-f68ac7533fcf','Transceptor multiprotocolo con chip FTDI SSOP de 28 pines.pdf','application/pdf',1224474,'',NULL,'2021-05-31 10:04:03',0),(819,538,'PartAttachment','b0ad133e-c1e7-11eb-ae2b-fcc07cf96ac1','microcontrolador AVR de 8 bits, ATmega.PNG','image/png',7765,'',NULL,'2021-05-31 10:10:41',1),(820,538,'PartAttachment','b0af89de-c1e7-11eb-849d-6733b88afdef','microcontrolador AVR de 8 bits, ATmega.pdf','application/pdf',164300,'',NULL,'2021-05-31 10:10:41',0),(821,539,'PartAttachment','7d93a5f6-c1e9-11eb-9c3a-c35565191abf','amplificador de instrumentación, compensación de 0,1 mV.PNG','image/png',30755,'',NULL,'2021-05-31 10:23:34',1),(822,539,'PartAttachment','7d955086-c1e9-11eb-b030-eb82658ce78b','Caja Circuitos Integrados.jpg','image/jpeg',41414,'',NULL,'2021-05-31 10:23:34',1),(823,540,'PartAttachment','76ead2f4-c1eb-11eb-a40d-1790fb35430e','amplificador operacional, 600 kHz, SOIC de 8 pines.PNG','image/png',17336,'',NULL,'2021-05-31 10:37:42',1),(824,540,'PartAttachment','76ec66aa-c1eb-11eb-81e9-a63fa29b6329','Caja Circuitos Integrados.jpg','image/jpeg',41414,'',NULL,'2021-05-31 10:37:42',1),(825,541,'PartAttachment','14abee7e-c1f1-11eb-a95d-7dfa04825869','MOSFET dual de canal N - P, 5,4 A, 8 A, 30 V.PNG','image/png',47432,'',NULL,'2021-05-31 11:17:54',1),(826,541,'PartAttachment','14ad5a5c-c1f1-11eb-a11e-b2145ad93f56','MOSFET dual de canal N - P, 5,4 A, 8 A, 30 V.pdf','application/pdf',870381,'',NULL,'2021-05-31 11:17:54',0),(827,542,'PartAttachment','57c3e8be-c1f2-11eb-90bc-e53982db16cf','Transistor digital PEMD3,115 Dual NPN.pdf','application/pdf',67109,'',NULL,'2021-05-31 11:26:56',0),(828,542,'PartAttachment','57c5abd6-c1f2-11eb-8c22-7c814310dbae','Transistor digital PEMD3,115 Dual NPN.PNG','image/png',4986,'',NULL,'2021-05-31 11:26:56',1),(829,543,'PartAttachment','53f02466-c1f5-11eb-bc83-16c1face7aa2','Transistor NPN, 100 mA, 45 V, 3 pines TO-92.PNG','image/png',13550,'',NULL,'2021-05-31 11:48:18',1),(830,543,'PartAttachment','53f2ae0c-c1f5-11eb-b66d-437021d6c4a6','Transistor NPN, 100 mA, 45 V, 3 pines TO-92.pdf','application/pdf',109689,'',NULL,'2021-05-31 11:48:18',0),(831,544,'PartAttachment','55845174-c1f7-11eb-86fa-231536300942','Controlador de potencia MOSFET dual de lado alto y bajo.PNG','image/png',20380,'',NULL,'2021-05-31 12:02:40',NULL),(832,544,'PartAttachment','5585b726-c1f7-11eb-ab25-47bb5d4bc358','Controlador de potencia MOSFET dual de lado alto y bajo.pdf','application/pdf',252775,'',NULL,'2021-05-31 12:02:40',NULL),(833,545,'PartAttachment','3cb5641e-c1fa-11eb-8411-25a3d473039f','Dual N-Channel MOSFET, 5 A, 60 V.pdf','application/pdf',734353,'',NULL,'2021-05-31 12:23:26',0),(834,545,'PartAttachment','3cb8550c-c1fa-11eb-ab2a-a89d9a26880a','Dual N-Channel MOSFET, 5 A, 60 V.PNG','image/png',42222,'',NULL,'2021-05-31 12:23:26',1),(835,546,'PartAttachment','7422834a-c1fb-11eb-af7c-42556ba37cd5','amplificador operacional, 22 MHz, SOIC de 8 pines.PNG','image/png',20652,'',NULL,'2021-05-31 12:32:09',1),(836,546,'PartAttachment','7423f78e-c1fb-11eb-8e16-37edc7b2cc90','Caja Circuitos Integrados.jpg','image/jpeg',41414,'',NULL,'2021-05-31 12:32:09',1),(837,547,'PartAttachment','f20f1b7e-c1fb-11eb-9e5b-1f6eb1c718b6','amplificador operacional, 3.9GHz, SOIC de 8 pines.PNG','image/png',20803,'png',NULL,'2021-05-31 12:35:40',1),(838,548,'PartAttachment','acdae910-c1fc-11eb-a54e-bb7eccdf38db','Transistor NPN, 200 mA, 40 V, 3 pines SOT-23.PNG','image/png',9268,'',NULL,'2021-05-31 12:40:54',1),(839,549,'PartAttachment','9f8b20fe-c201-11eb-8389-2bb09df0150f','amplificador operacional, RRIO, 2 MHz, 2 → 6 V, MSOP de 8 pines.pdf','application/pdf',464032,'',NULL,'2021-05-31 13:16:19',0),(840,549,'PartAttachment','9f8d6274-c201-11eb-be0d-46dafa5d36f1','amplificador operacional, RRIO, 2 MHz, 2 → 6 V, MSOP de 8 pines.PNG','image/png',15500,'',NULL,'2021-05-31 13:16:19',1),(841,550,'PartAttachment','d66812de-c202-11eb-ac51-0b33b5dbfb32','TRANSISTOR DE RF,NPN, 2.3V.PNG','image/png',23241,'',NULL,'2021-05-31 13:25:00',1),(842,551,'PartAttachment','050f8260-c204-11eb-8054-9c39a41743cf','amplificador operacional, 22 MHz, SOIC de 8 pines.PNG','image/png',20652,'',NULL,'2021-05-31 13:33:28',NULL),(843,552,'PartAttachment','18f2801a-c205-11eb-80a3-055e0470d9c0','transistor Optoacoplador doble, orificio pasante, PDIP de 8 pines.PNG','image/png',19099,'',NULL,'2021-05-31 13:41:11',1),(844,552,'PartAttachment','18f40e8a-c205-11eb-be0f-a27bd3273093','transistor Optoacoplador doble, orificio pasante, PDIP de 8 pines.pdf','application/pdf',208361,'',NULL,'2021-05-31 13:41:11',0),(845,553,'PartAttachment','3aa87d94-c206-11eb-8003-d8704f099de8','Conector de Pines.PNG','image/png',27609,'png',NULL,'2021-05-31 13:49:17',1),(846,553,'PartAttachment','502d2480-c206-11eb-b6c5-66cd8f3ee47e','Conector de Pines.pdf','application/pdf',36964,'',NULL,'2021-05-31 13:49:53',0),(847,554,'PartAttachment','134aee70-c207-11eb-91c0-30db27873907','CONECTOR MACHO RECTO 6 PIN.PNG','image/png',168647,'',NULL,'2021-05-31 13:55:20',1),(848,555,'PartAttachment','dc7f4af6-c208-11eb-be8e-9f687d86317d','Referencia de voltaje en serie, fijo, 2.5V a 3.3V.PNG','image/png',9214,'',NULL,'2021-05-31 14:08:07',1),(849,556,'PartAttachment','fd334cc8-c75a-11eb-b521-858a189d67a1','Regleta macho doble.PNG','image/png',70595,'png',NULL,'2021-06-07 08:38:37',1),(850,557,'PartAttachment','545380c0-c75d-11eb-96b7-8e77314a02e7','Tira de pines MachoPNG.PNG','image/png',56107,'',NULL,'2021-06-07 08:55:22',1),(851,558,'PartAttachment','59b182e0-c75f-11eb-9a79-342f97427e49','Regleta hembra doble.PNG','image/png',45299,'png',NULL,'2021-06-07 09:09:50',1),(852,559,'PartAttachment','2be54124-c761-11eb-898d-bb412769ddb5','Regleta hembra doble Mini .PNG','image/png',14915,'',NULL,'2021-06-07 09:22:52',1),(853,560,'PartAttachment','4324ffc2-c762-11eb-9073-19b246c3e530','Baterias .PNG','image/png',20942,'png',NULL,'2021-06-07 09:30:41',1),(854,561,'PartAttachment','5f5a0e66-c763-11eb-93f0-03ed2de449af','Batería Recargable.pdf','application/pdf',45787,'',NULL,'2021-06-07 09:38:38',0),(855,561,'PartAttachment','602d9f24-c763-11eb-a787-b4d9705e9546','Batería Recargable.PNG','image/png',53084,'',NULL,'2021-06-07 09:38:39',1),(856,562,'PartAttachment','e9beffd0-c763-11eb-ae62-b90e7fb92b1a','Bateria C11-ME370T .PNG','image/png',207707,'',NULL,'2021-06-07 09:42:30',1),(857,563,'PartAttachment','c9ad7694-c764-11eb-b310-66580c8c167d','BATERIA LIPO 3.7V 250mA PROTEGIDA.PNG','image/png',43624,'png',NULL,'2021-06-07 09:48:45',1),(858,563,'PartAttachment','c9af18f0-c764-11eb-b83d-e6fee8b15d99','BATERIA LIPO 3.7V 250mA.pdf','application/pdf',932963,'pdf',NULL,'2021-06-07 09:48:45',0),(859,564,'PartAttachment','04200e5e-c765-11eb-8a0d-8496a6d75895','BATERIA LIPO 3.7V 250mA PROTEGIDA.PNG','image/png',43624,'',NULL,'2021-06-07 09:50:23',NULL),(860,564,'PartAttachment','04b54820-c765-11eb-89c8-253f35ccdc51','BATERIA LIPO 3.7V 250mA.pdf','application/pdf',932963,'',NULL,'2021-06-07 09:50:24',NULL),(861,565,'PartAttachment','29fe2308-c766-11eb-950f-790fdbf89b50','Batería BL-4U para Nokia.PNG','image/png',51760,'',NULL,'2021-06-07 09:58:37',1),(862,566,'PartAttachment','2f0fe3f8-c767-11eb-8f4a-4da3e6fd6818','Módulo de fuente de alimentación.PNG','image/png',90671,'',NULL,'2021-06-07 10:05:55',1),(863,567,'PartAttachment','e3dc354e-c76b-11eb-bcf0-faa003869370','HILO DE RETENCIÓN COBRE ESTAÑADO.PNG','image/png',81351,'png',NULL,'2021-06-07 10:39:36',1),(864,568,'PartAttachment','1ea224e4-c76d-11eb-a50f-7025528a2d31','HILO DE RETENCIÓN COBRE ESTAÑADO.PNG','image/png',81351,'png',NULL,'2021-06-07 10:48:24',1),(865,569,'PartAttachment','8dcca380-c76d-11eb-bc99-03263640eafb','HILO DE RETENCIÓN COBRE ESTAÑADO.PNG','image/png',81351,'',NULL,'2021-06-07 10:51:30',1),(866,570,'PartAttachment','ad0b82f2-c772-11eb-86cf-82ffba3426dd','Espaciador redondo.PNG','image/png',10911,'',NULL,'2021-06-07 11:28:10',1),(867,571,'PartAttachment','ddf7e7c4-c773-11eb-aca4-89e87b904ad3','Espaciador, redondo.PNG','image/png',25103,'',NULL,'2021-06-07 11:36:42',1),(868,572,'PartAttachment','b54b958a-c77a-11eb-baf0-b2fbda92248b','Separadores macho-hembra.PNG','image/png',159766,'',NULL,'2021-06-07 12:25:40',1),(869,573,'PartAttachment','91c93e9e-c77c-11eb-b9a4-eb199cf0ca3b','Tuercas insertables.PNG','image/png',77831,'',NULL,'2021-06-07 12:39:00',1),(870,574,'PartAttachment','d75968ac-c77d-11eb-afeb-bd31fedcf956','Tuercas remachables.PNG','image/png',7544,'',NULL,'2021-06-07 12:48:06',1),(871,575,'PartAttachment','6dfa8b0a-c77f-11eb-be9a-02106939eba3','Regletas de terminales PCB.PNG','image/png',17061,'',NULL,'2021-06-07 12:59:28',1),(872,575,'PartAttachment','6e3f037a-c77f-11eb-b942-23cd8d6d20bf','Regletas de terminales PCB.pdf','application/pdf',393470,'',NULL,'2021-06-07 12:59:28',0),(873,576,'PartAttachment','b882e84c-c780-11eb-b899-83c2ee91db5d','terminales enchufables.PNG','image/png',89610,'png',NULL,'2021-06-07 13:08:43',1),(874,577,'PartAttachment','6002392e-c781-11eb-845f-50f466f6d496','Terminales de circuito impreso.PNG','image/png',35644,'',NULL,'2021-06-07 13:13:24',1),(875,578,'PartAttachment','d3e31f10-c782-11eb-8b77-4a7fcfdaf137','terminal PCB, paso5mm 3 Contacto Macho Recta.PNG','image/png',35156,'',NULL,'2021-06-07 13:23:47',1),(876,578,'PartAttachment','d4e0b1f2-c782-11eb-ac22-c77b695c6161','terminal PCB, paso5mm 3 Contacto Macho Recta.pdf','application/pdf',763434,'',NULL,'2021-06-07 13:23:49',0),(877,579,'PartAttachment','34cdecce-c783-11eb-878d-bf14ed8ecd5a','terminal PCB, paso5mm 2 Contacto Macho Recta.PNG','image/png',10174,'',NULL,'2021-06-07 13:26:30',NULL),(878,580,'PartAttachment','0f5d26be-c786-11eb-a603-c6d45110256f','Ficha de empalme 10 contactos Sección 16mm.PNG','image/png',180011,'png',NULL,'2021-06-07 13:46:56',1),(879,581,'PartAttachment','a7e8064c-c786-11eb-9da1-30724444d8f3','Ficha de empalme 12 contactos.PNG','image/png',21479,'png',NULL,'2021-06-07 13:51:12',1),(880,582,'PartAttachment','7cde6ac6-c787-11eb-80b2-ec1f280a532b','Ficha de empalme 12 contactos.PNG','image/png',21479,'',NULL,'2021-06-07 13:57:09',1),(881,583,'PartAttachment','6ad6dac2-c78a-11eb-818f-767bd5ba4b7b','Regleta PP Nº 16.jpg','image/jpeg',62106,'',NULL,'2021-06-07 14:18:07',1),(882,584,'PartAttachment','3b8769c0-c78b-11eb-a776-d3c1ddbe0ec1','Regleta 2 polos .jpg','image/jpeg',39340,'',NULL,'2021-06-07 14:23:57',1),(884,586,'PartAttachment','8f1030da-c78c-11eb-947f-b61e3a4072bd','RRP-P-105.PNG','image/png',26550,'',NULL,'2021-06-07 14:33:27',1),(885,587,'PartAttachment','01b4660a-c78e-11eb-abcb-f645f2265e37','Cobre Estañado.PNG','image/png',60540,'',NULL,'2021-06-07 14:43:49',NULL),(886,587,'PartAttachment','01ddca54-c78e-11eb-a3d5-afb50f0a20fe','Cobre Estañado.pdf','application/pdf',196952,'',NULL,'2021-06-07 14:43:49',NULL),(887,588,'PartAttachment','5eb0bdea-c78e-11eb-97ed-cc0a1212ca7f','RRP-G-105- COLOR VERDE.PNG','image/png',24096,'',NULL,'2021-06-07 14:46:25',1),(888,589,'PartAttachment','aebbd10c-c82a-11eb-8221-c06bd261be0a','Led blanco 3.5 mm.PNG','image/png',44273,'',NULL,'2021-06-08 09:25:21',NULL),(889,590,'PartAttachment','2aadf600-c82b-11eb-82e5-e3aee36f79c8','DIODO LED 3.5MM ROJO.PNG','image/png',19929,'',NULL,'2021-06-08 09:28:49',NULL),(890,591,'PartAttachment','2ade8986-c82c-11eb-9df2-e9f6494e73fa','DIODO LED 3.5MM VERDE.PNG','image/png',38236,'',NULL,'2021-06-08 09:35:58',NULL),(891,592,'PartAttachment','78542e82-c82c-11eb-a9e7-3fab08edc707','DIODO LED 3.5MM AMARILLO.PNG','image/png',17807,'',NULL,'2021-06-08 09:38:08',NULL),(892,593,'PartAttachment','b256dbe8-c82c-11eb-ad84-49be5a916a45','DIODO LED 3.5MM AZUL.PNG','image/png',11671,'',NULL,'2021-06-08 09:39:46',NULL),(893,594,'PartAttachment','0eb947c2-c82d-11eb-b555-db27cc213684','DIODO LED 3.5MM NARANJA.PNG','image/png',25540,'',NULL,'2021-06-08 09:42:21',NULL),(898,599,'PartAttachment','f8fc831e-c830-11eb-8b26-b9d43e4d2deb','Led Infrarrojo.PNG','image/png',21687,'png',NULL,'2021-06-08 10:10:22',1),(899,600,'PartAttachment','8d244504-c831-11eb-9fbf-81520c2abafb','Led Infrarrojo morado.PNG','image/png',33735,'',NULL,'2021-06-08 10:14:31',NULL),(900,601,'PartAttachment','86a4196e-c833-11eb-a2b7-b23e3773a0b9','Led blanco 5 mm.PNG','image/png',44273,'',NULL,'2021-06-08 10:28:39',1),(901,602,'PartAttachment','b7c1b128-c833-11eb-87fa-a0c8fbb9715b','LED Naranja 5mm. Cilíndrico.PNG','image/png',35331,'',NULL,'2021-06-08 10:30:01',1),(902,603,'PartAttachment','e06bca82-c833-11eb-b972-333ee7434205','DIODO LED 10MM AMARILLO.PNG','image/png',71595,'',NULL,'2021-06-08 10:31:09',1),(903,604,'PartAttachment','047a9db8-c834-11eb-a015-6cef50baadac','DIODO LED 10MM ROJO .PNG','image/png',55124,'',NULL,'2021-06-08 10:32:10',1),(904,605,'PartAttachment','143070f6-c835-11eb-b066-508491bf2c46','Led de 8mm en ROJO .PNG','image/png',25307,'',NULL,'2021-06-08 10:39:46',1),(905,606,'PartAttachment','3bafea9e-c835-11eb-83e5-1466ca06888e','Led de 8mm en verde.PNG','image/png',26660,'',NULL,'2021-06-08 10:40:52',1),(906,607,'PartAttachment','cc24745e-c83b-11eb-8320-ccedaedcd52a','LED Naranja 5mm.PNG','image/png',4699,'',NULL,'2021-06-08 11:27:51',1),(907,608,'PartAttachment','d2a177ae-c83c-11eb-9a85-b8b044c378e5','OPTOELECTRONICA LED.PNG','image/png',10617,'',NULL,'2021-06-08 11:35:12',1),(908,609,'PartAttachment','ac10c4e8-c83f-11eb-9e2e-5a2e91840449',' LED Rosa 5mm. Triangular.jpg','image/jpeg',125057,'',NULL,'2021-06-08 11:55:36',1),(909,610,'PartAttachment','2be87422-c840-11eb-bbdd-2d1d3fceff6b','LED Rectangular Amarillo.jpg','image/jpeg',88952,'',NULL,'2021-06-08 11:59:10',NULL),(910,611,'PartAttachment','facea856-c840-11eb-9b25-b88a43c31ca6','LED de alta potencia COB30 10W.PNG','image/png',171810,'',NULL,'2021-06-08 12:04:57',1),(911,612,'PartAttachment','6ac5a8b4-c844-11eb-b212-bc13dda60554','Pantalla LED de Matriz de Puntos.PNG','image/png',32380,'png',NULL,'2021-06-08 12:29:33',1),(912,612,'PartAttachment','9a6f75a4-c844-11eb-8eb9-cab9276dc91c','Pantalla LED de Matriz de Puntos.pdf','application/pdf',133208,'',NULL,'2021-06-08 12:30:53',0),(913,613,'PartAttachment','92824f28-c845-11eb-b079-f2cbbc622634','Pantalla de 7 segmentos.PNG','image/png',30260,'png',NULL,'2021-06-08 12:37:50',1),(914,613,'PartAttachment','9283b2aa-c845-11eb-bc63-5cf72a3c158a','Pantalla de 7 segmentos.pdf','application/pdf',581729,'pdf',NULL,'2021-06-08 12:37:50',0),(915,614,'PartAttachment','054155a8-c847-11eb-b0b8-4179fdc906ae','Pantalla de 7 segmentos.PNG','image/png',30260,'',NULL,'2021-06-08 12:48:12',1),(916,615,'PartAttachment','7cc6897c-c847-11eb-a6de-80574ec2674b','pantalla LED de 7 segmentos, 4 dígitos.PNG','image/png',35331,'',NULL,'2021-06-08 12:51:32',1),(917,616,'PartAttachment','899c3502-c84c-11eb-9306-f8240333b0a5','BUZZER 5V.PNG','image/png',22103,'',NULL,'2021-06-08 13:27:41',1),(918,616,'PartAttachment','899d9118-c84c-11eb-b40e-d0a1be754535','piezoelectronic_buzzer_ps_en.pdf','application/pdf',651399,'',NULL,'2021-06-08 13:27:41',0),(919,617,'PartAttachment','63784676-c84d-11eb-a8f6-b823355a3e53','Zumbadores Transductor 12V.PNG','image/png',59700,'',NULL,'2021-06-08 13:33:47',1),(920,618,'PartAttachment','2f53bd2e-c8f9-11eb-8bb5-fd56d7e7b7f3','Res 470Ω, .jpg','image/jpeg',46606,'',NULL,'2021-06-09 10:03:33',NULL),(921,619,'PartAttachment','682bdad2-c8f9-11eb-9a4a-f5f90d947843','Res 1.5K 5%.jpg','image/jpeg',59783,'',NULL,'2021-06-09 10:05:08',NULL),(922,620,'PartAttachment','0a381dea-c8fa-11eb-bca1-b40290e9ff93','Res 1M.jpg','image/jpeg',62840,'',NULL,'2021-06-09 10:09:40',NULL),(923,621,'PartAttachment','34063710-c8fa-11eb-8c2b-45658fc3ba8c','Rs 2.4M.jpg','image/jpeg',69347,'',NULL,'2021-06-09 10:10:50',NULL),(924,622,'PartAttachment','74399b6a-c8fa-11eb-a74c-aa12c4566779','Res 360K.jpg','image/jpeg',46783,'',NULL,'2021-06-09 10:12:38',NULL),(925,623,'PartAttachment','c9a92430-c8fa-11eb-8cb2-82b8070a3c3a','Res 47K.jpg','image/jpeg',47789,'',NULL,'2021-06-09 10:15:01',NULL),(926,624,'PartAttachment','e9b7509e-c8fa-11eb-a50b-896312e417cb','Res 100K.jpg','image/jpeg',45954,'',NULL,'2021-06-09 10:15:55',NULL),(927,625,'PartAttachment','2c402ba2-c8fb-11eb-80c6-3ecd16d69489','Res 470Ω, .jpg','image/jpeg',46606,'',NULL,'2021-06-09 10:17:46',NULL),(928,626,'PartAttachment','4ed2cdb4-c8fb-11eb-bd4e-c046456dcdc8','Res 150Ω .jpg','image/jpeg',28661,'',NULL,'2021-06-09 10:18:44',NULL),(929,627,'PartAttachment','80fda390-c8fb-11eb-bcc9-19fd055eb756','Res 100Ω .jpg','image/jpeg',38684,'',NULL,'2021-06-09 10:20:09',NULL),(930,628,'PartAttachment','9fd6a96a-c8fb-11eb-969b-f16bc07a9b24','Res 75Ω .jpg','image/jpeg',38127,'',NULL,'2021-06-09 10:21:00',NULL),(931,629,'PartAttachment','d7fc8922-c8fb-11eb-853d-d1b11cdd7d23','Res 62Ω .jpg','image/jpeg',31502,'',NULL,'2021-06-09 10:22:35',NULL),(932,630,'PartAttachment','073931cc-c8fc-11eb-ae96-c5602c0b63d0','Res 47Ω .jpg','image/jpeg',33292,'',NULL,'2021-06-09 10:23:54',NULL),(933,631,'PartAttachment','3deb3490-c8fc-11eb-a869-d0aaba6015a9','Res 39Ω .jpg','image/jpeg',34203,'',NULL,'2021-06-09 10:25:26',NULL),(934,632,'PartAttachment','77278830-c8fc-11eb-b479-a89ae366841b','Res 22Ω .jpg','image/jpeg',36271,'',NULL,'2021-06-09 10:27:02',NULL),(935,633,'PartAttachment','93e896a8-c8fc-11eb-a600-c6e667900389','Res 15Ω .jpg','image/jpeg',30979,'',NULL,'2021-06-09 10:27:50',NULL),(936,634,'PartAttachment','b44560d4-c8fc-11eb-a291-606195732fec','Res 10Ω .jpg','image/jpeg',34325,'',NULL,'2021-06-09 10:28:44',NULL),(937,635,'PartAttachment','f478892e-c8fc-11eb-b6d3-66af2ee58efa','Res 4.7Ω .jpg','image/jpeg',27981,'',NULL,'2021-06-09 10:30:32',NULL),(938,636,'PartAttachment','33c0333c-c8ff-11eb-bd94-53fc309e6711','Condensador de Cerámica.PNG','image/png',40691,'',NULL,'2021-06-09 10:46:37',NULL),(939,636,'PartAttachment','33c18bf6-c8ff-11eb-bbd9-45ca1818bef2','Condensador de Cerámica.pdf','application/pdf',52830,'',NULL,'2021-06-09 10:46:37',NULL),(940,637,'PartAttachment','cacf7c38-c8ff-11eb-8511-caefa42b526b','Condensador Electrolítico Aluminio SMD.PNG','image/png',28825,'',NULL,'2021-06-09 10:50:50',NULL),(941,637,'PartAttachment','cad10d00-c8ff-11eb-9d2c-c236519ea9bf','Condensador Electrolítico Aluminio SMD.pdf','application/pdf',398302,'',NULL,'2021-06-09 10:50:50',NULL),(942,638,'PartAttachment','744a8328-c902-11eb-9aa6-2a6317232aeb','Módulo de Cómputo Raspberry Pi 4.PNG','image/png',105803,'png',NULL,'2021-06-09 11:09:54',1),(943,639,'PartAttachment','3973bfd8-c909-11eb-bd66-8ea8efa86316','Tornillo M2.5.PNG','image/png',52666,'png',NULL,'2021-06-09 11:58:22',1),(944,640,'PartAttachment','c9064ce6-c90a-11eb-915c-012c8a54562b','Tornillo para Máquina, M4, 10 mm.PNG','image/png',49385,'png',NULL,'2021-06-09 12:09:32',1),(945,640,'PartAttachment','c907e9ca-c90a-11eb-b318-89eb166f875f','Tornillo para Máquina, M4, 10 mm.pdf','application/pdf',48862,'pdf',NULL,'2021-06-09 12:09:32',0),(946,641,'PartAttachment','98efbb72-c90b-11eb-9160-5dcba91467ad','Tornillo para Máquina, M4, 12 mm.PNG','image/png',49175,'png',NULL,'2021-06-09 12:15:21',1),(947,641,'PartAttachment','98f156e4-c90b-11eb-b9f2-a999648fcfc6','Tornillo para Máquina, M4, 12 mm.pdf','application/pdf',48862,'pdf',NULL,'2021-06-09 12:15:21',0),(950,643,'PartAttachment','f5bed2c2-c90e-11eb-8105-bf3efb717031','Conector Hembra para PCB.PNG','image/png',17167,'png',NULL,'2021-06-09 12:39:25',1),(951,643,'PartAttachment','f5c023ca-c90e-11eb-aff6-881cec39acc8','Conector Hembra para PCB.pdf','application/pdf',1142146,'pdf',NULL,'2021-06-09 12:39:25',0),(952,644,'PartAttachment','02afc51c-c910-11eb-90be-d410b6bd46ad','Conector de Pines, Placa a Placa, 2.54 mm.PNG','image/png',63164,'',NULL,'2021-06-09 12:46:56',NULL),(953,644,'PartAttachment','02b1418a-c910-11eb-ba94-22e2d2cf34ca','Conector de Pines, Placa a Placa, 2.54 mm.pdf','application/pdf',48222,'',NULL,'2021-06-09 12:46:56',NULL),(954,645,'PartAttachment','3af79b64-c91c-11eb-828b-66c55a6a4520','Módulo de cómputo  Pi 4.PNG','image/png',35063,'png',NULL,'2021-06-09 14:14:25',1),(955,645,'PartAttachment','3afb322e-c91c-11eb-a607-98aa70b79fa8','Módulo de cómputo Pi 4.pdf','application/pdf',1352694,'pdf',NULL,'2021-06-09 14:14:25',0),(956,646,'PartAttachment','d132296e-c9b7-11eb-accc-618aacca0fe1','Material termocontraíble.PNG','image/png',170170,'',NULL,'2021-06-10 08:48:09',1),(957,647,'PartAttachment','204f1bde-c9c1-11eb-9592-6fb36d43dfeb','Res 5.6K .jpg','image/jpeg',36076,'',NULL,'2021-06-10 09:54:47',NULL),(958,648,'PartAttachment','4510aab4-c9c1-11eb-85c1-ecb786f7e487','Res 4.7K.jpg','image/jpeg',23534,'',NULL,'2021-06-10 09:55:48',NULL),(959,649,'PartAttachment','8774293a-c9c1-11eb-8b03-ccfb44d7a1a6','Res 470Ω .jpg','image/jpeg',33025,'',NULL,'2021-06-10 09:57:40',NULL),(960,650,'PartAttachment','b92b7564-c9c1-11eb-86da-bc529c841024','Res 750Ω .jpg','image/jpeg',36858,'',NULL,'2021-06-10 09:59:03',NULL),(961,651,'PartAttachment','ddeeebba-c9c1-11eb-8586-796d1b8b9313','Res 1k.jpg','image/jpeg',30726,'',NULL,'2021-06-10 10:00:05',NULL),(962,652,'PartAttachment','04f2b4e4-c9c2-11eb-aeff-37bc3dd185c4','Res 1.2k.jpg','image/jpeg',39093,'',NULL,'2021-06-10 10:01:10',NULL),(963,653,'PartAttachment','31bb0260-c9c2-11eb-83b9-eb43f375fc42','Res 1.5k .jpg','image/jpeg',31231,'',NULL,'2021-06-10 10:02:26',NULL),(964,654,'PartAttachment','505a33ee-c9c2-11eb-9bd6-17a5236e9238','Res 2.2k .jpg','image/jpeg',36178,'',NULL,'2021-06-10 10:03:17',NULL),(965,655,'PartAttachment','73786364-c9c2-11eb-b5ed-fec8c2a320be','Res 3.3k.jpg','image/jpeg',29364,'',NULL,'2021-06-10 10:04:16',NULL),(966,656,'PartAttachment','8f165c16-c9c2-11eb-a86a-0dbc00aee9f8','Res 220Ω .jpg','image/jpeg',39118,'',NULL,'2021-06-10 10:05:02',NULL),(967,657,'PartAttachment','17cf1dc0-c9ca-11eb-9bd8-5e2502817bbd','Res 39K.jpg','image/jpeg',41924,'',NULL,'2021-06-10 10:58:58',NULL),(968,658,'PartAttachment','efa26a86-c9ca-11eb-8315-bcdb1eb92b7e','Res 65K.jpg','image/jpeg',39931,'',NULL,'2021-06-10 11:05:00',NULL),(969,659,'PartAttachment','3052ace4-c9cb-11eb-b451-093b6e9e6594','Res 82K.jpg','image/jpeg',39520,'',NULL,'2021-06-10 11:06:49',NULL),(970,660,'PartAttachment','593d07ee-c9cb-11eb-bb49-4c1b6ce6bb67','Res 22K.jpg','image/jpeg',42658,'',NULL,'2021-06-10 11:07:57',NULL),(971,661,'PartAttachment','8f28bb64-c9cb-11eb-9703-5fc830ac8266','Res 18K.jpg','image/jpeg',42883,'',NULL,'2021-06-10 11:09:28',NULL),(972,662,'PartAttachment','dd238204-c9cb-11eb-a07e-fcec9449fb67','Res 15K.jpg','image/jpeg',35922,'',NULL,'2021-06-10 11:11:39',NULL),(973,663,'PartAttachment','090d0886-c9cc-11eb-81c9-867f6b142bda','Res 6.2K.jpg','image/jpeg',41147,'',NULL,'2021-06-10 11:12:52',NULL),(974,664,'PartAttachment','335755a6-c9cc-11eb-9145-7d9c3a279943','Res 10K.jpg','image/jpeg',39296,'',NULL,'2021-06-10 11:14:03',NULL),(975,665,'PartAttachment','782accc6-c9cc-11eb-a732-2998384bc6ff','Res 8.2K.jpg','image/jpeg',33991,'',NULL,'2021-06-10 11:15:59',NULL),(976,666,'PartAttachment','678db8de-c9d0-11eb-bc9d-4e808d1c7fcb','Res 120K .jpg','image/jpeg',33367,'',NULL,'2021-06-10 11:44:09',NULL),(977,667,'PartAttachment','89d15f0e-c9d0-11eb-971c-d758e9829e24','Res 310K .jpg','image/jpeg',40434,'',NULL,'2021-06-10 11:45:06',NULL),(978,668,'PartAttachment','abffabd0-c9d0-11eb-86d4-962f863b1871','Res 2M.jpg','image/jpeg',40972,'',NULL,'2021-06-10 11:46:04',NULL),(979,669,'PartAttachment','e3db75c0-c9d0-11eb-8ce3-9fea75be5be1','Res 150K.jpg','image/jpeg',33542,'jpeg',NULL,'2021-06-10 11:47:37',1),(980,670,'PartAttachment','cc1d770c-c9d1-11eb-899a-5efefb7d7089','Res 220K.jpg','image/jpeg',34147,'jpeg',NULL,'2021-06-10 11:54:07',1),(981,671,'PartAttachment','fdf7a3ec-c9d1-11eb-a8c3-8145157af4e6','Res 10M.jpg','image/jpeg',37206,'',NULL,'2021-06-10 11:55:31',NULL),(982,672,'PartAttachment','307b36c6-c9d2-11eb-8971-2dc669a26c32','Res 3M.jpg','image/jpeg',35384,'jpeg',NULL,'2021-06-10 11:56:55',1),(983,673,'PartAttachment','51f0a3ea-c9d2-11eb-97a9-5314b0d324d3','Res 1Ω .jpg','image/jpeg',31950,'jpeg',NULL,'2021-06-10 11:57:51',1),(984,674,'PartAttachment','82e95654-c9d2-11eb-a9d5-51d46c8a0c3a','Res 620K.jpg','image/jpeg',33534,'jpeg',NULL,'2021-06-10 11:59:14',1),(985,675,'PartAttachment','b11507bc-c9d2-11eb-ae2f-93f656234ea3','Res 100K.jpg','image/jpeg',30943,'',NULL,'2021-06-10 12:00:31',NULL),(986,676,'PartAttachment','56aab914-c9de-11eb-b065-565f6faea254','Res 3.3K.jpg','image/jpeg',35163,'',NULL,'2021-06-10 13:23:53',NULL),(987,677,'PartAttachment','8b2b8bf0-c9de-11eb-b446-fa8d36d490c3','Res 2.4Ω.jpg','image/jpeg',46638,'',NULL,'2021-06-10 13:25:21',NULL),(988,678,'PartAttachment','34e49b8c-c9df-11eb-895d-bb242bb8b83a','Res 1K.jpg','image/jpeg',40268,'',NULL,'2021-06-10 13:30:06',NULL),(989,679,'PartAttachment','66154a9e-c9df-11eb-9bf5-5e07e0cc8934','Res 3.6K.jpg','image/jpeg',42366,'',NULL,'2021-06-10 13:31:29',NULL),(990,680,'PartAttachment','9a2ccc76-c9df-11eb-a69d-9b1701e8bc22','Res 6.81K.jpg','image/jpeg',43409,'',NULL,'2021-06-10 13:32:56',NULL),(991,681,'PartAttachment','c7c89a98-c9df-11eb-ad61-e7068a54b945','Res 43K.jpg','image/jpeg',43409,'',NULL,'2021-06-10 13:34:13',NULL),(992,682,'PartAttachment','3011df56-c9e0-11eb-8cd3-cb89dfa037d9','Res 1.2K.jpg','image/jpeg',44318,'',NULL,'2021-06-10 13:37:08',NULL),(993,683,'PartAttachment','602e7f0a-c9e0-11eb-9631-47bd40169351','Res 3.9K.jpg','image/jpeg',45281,'',NULL,'2021-06-10 13:38:28',NULL),(994,684,'PartAttachment','d60e0dda-c9e0-11eb-87c4-7770532a5841','Res 7.5K.jpg','image/jpeg',44859,'',NULL,'2021-06-10 13:41:46',NULL),(995,685,'PartAttachment','0e67eafc-c9e1-11eb-8907-eaca99de4905','Res 56K.jpg','image/jpeg',47355,'',NULL,'2021-06-10 13:43:21',NULL),(996,686,'PartAttachment','43757a02-c9e1-11eb-9a0e-8bf952589ac5','Res 200Ω.jpg','image/jpeg',45936,'',NULL,'2021-06-10 13:44:50',NULL),(997,687,'PartAttachment','6da546c2-c9e1-11eb-a569-33ecc02c29d6','Res 1.5K.jpg','image/jpeg',49786,'',NULL,'2021-06-10 13:46:00',NULL),(998,688,'PartAttachment','9fcf5d0e-c9e1-11eb-bf54-6c4a4a9d766d','Res 4.32K.jpg','image/jpeg',49788,'',NULL,'2021-06-10 13:47:25',NULL),(999,689,'PartAttachment','bc1cc4d8-c9e1-11eb-9880-683aa3385307','Res 10K.jpg','image/jpeg',48094,'',NULL,'2021-06-10 13:48:12',NULL),(1000,690,'PartAttachment','d243f790-c9e1-11eb-bfde-34776be6af4a','Res 68.1K.jpg','image/jpeg',46092,'',NULL,'2021-06-10 13:48:49',NULL),(1001,691,'PartAttachment','ed194d04-c9e1-11eb-bd3c-2d278c7e87d5','Res 220Ω.jpg','image/jpeg',51388,'',NULL,'2021-06-10 13:49:34',NULL),(1002,692,'PartAttachment','0fca0f64-c9e2-11eb-8c72-ebc715c693c5','Res 1.62K.jpg','image/jpeg',45224,'',NULL,'2021-06-10 13:50:32',NULL),(1003,693,'PartAttachment','2c395a92-c9e2-11eb-909d-4ff5896275c0','Res 4.7K.jpg','image/jpeg',53009,'',NULL,'2021-06-10 13:51:20',NULL),(1004,694,'PartAttachment','59804ec0-c9e2-11eb-9fb8-e3739572e9b2','Res 300K.jpg','image/jpeg',36916,'',NULL,'2021-06-10 13:52:36',NULL),(1005,695,'PartAttachment','8f016c64-c9e2-11eb-ba07-899cabd8f9d8','Res 270Ω.jpg','image/jpeg',46724,'',NULL,'2021-06-10 13:54:06',NULL),(1006,696,'PartAttachment','a42d79de-c9e2-11eb-a4e8-ac04f90bd86b','Res 1.8k.jpg','image/jpeg',43738,'',NULL,'2021-06-10 13:54:41',NULL),(1007,697,'PartAttachment','bdd80db8-c9e2-11eb-be81-180fd50273eb','Res 6.2k.jpg','image/jpeg',45247,'',NULL,'2021-06-10 13:55:24',NULL),(1008,698,'PartAttachment','da97d2a8-c9e2-11eb-b8b1-e809f2a18ea4','Res 49.9 Ω.jpg','image/jpeg',34663,'',NULL,'2021-06-10 13:56:13',NULL),(1009,699,'PartAttachment','57b49460-c9e3-11eb-82d6-d41574d16c2b','Res 22K.jpg','image/jpeg',49358,'',NULL,'2021-06-10 13:59:43',NULL),(1010,700,'PartAttachment','6f7aecf2-c9e3-11eb-b772-06a9e0673f8c','Res 39K.jpg','image/jpeg',45354,'',NULL,'2021-06-10 14:00:23',NULL),(1011,701,'PartAttachment','9a655970-c9e3-11eb-af8c-02fb53831efe','Res 330K.jpg','image/jpeg',42513,'',NULL,'2021-06-10 14:01:35',NULL),(1012,702,'PartAttachment','ab774004-ca8b-11eb-8079-5487785fc688','Pernos hexagonales  A2-70.PNG','image/png',89818,'',NULL,'2021-06-11 10:04:39',1),(1013,703,'PartAttachment','22622e5e-ca8c-11eb-93da-df4064ff966a','Tornillo din-933 8.8.PNG','image/png',44203,'',NULL,'2021-06-11 10:07:58',NULL),(1014,705,'PartAttachment','c2839f48-ca8d-11eb-970a-e974b55b2089','Tornillo VIPA 8.8.PNG','image/png',34930,'',NULL,'2021-06-11 10:19:36',1),(1015,706,'PartAttachment','b7977eaa-ca8e-11eb-a705-b21f775f6d5c','Tueca hexagonal 10 mm galvanizado.PNG','image/png',28939,'',NULL,'2021-06-11 10:26:27',NULL),(1016,707,'PartAttachment','4101a4a8-ca90-11eb-9a1f-f25b9a7743a1','Tornillo rosca chapa DIN 7981.PNG','image/png',4540,'',NULL,'2021-06-11 10:37:27',1),(1017,708,'PartAttachment','559af404-ca91-11eb-a827-59977a336e88','Tornillo rosca chapa DIN-7982.PNG','image/png',22805,'',NULL,'2021-06-11 10:45:12',1),(1018,709,'PartAttachment','d72b233a-ca92-11eb-a5de-f8d9715ee847','TORNILLO M2.PNG','image/png',19517,'',NULL,'2021-06-11 10:55:58',1),(1019,710,'PartAttachment','a35d01c6-ca93-11eb-b543-431807b7e3be','TORNILLO 3.PNG','image/png',27267,'',NULL,'2021-06-11 11:01:41',NULL),(1020,711,'PartAttachment','60c1bc02-ca94-11eb-a80c-e1f55ac484a4','Tornillo hexag, todo rosca - M6.PNG','image/png',133049,'',NULL,'2021-06-11 11:06:59',NULL),(1021,713,'PartAttachment','1f447412-ca95-11eb-8cfc-2d299dcdb318','TORNILLO CABEZA HEXAGONAL M8 CON ARANDELA.PNG','image/png',51641,'',NULL,'2021-06-11 11:12:18',NULL),(1022,714,'PartAttachment','a5c1e1f0-ca95-11eb-b6ac-80b13cc72024','Tornillo M8.PNG','image/png',126265,'',NULL,'2021-06-11 11:16:04',NULL);
/*!40000 ALTER TABLE `PartAttachment` ENABLE KEYS */;
UNLOCK TABLES;

--
-- Table structure for table `PartCategory`
--

DROP TABLE IF EXISTS `PartCategory`;
/*!40101 SET @saved_cs_client     = @@character_set_client */;
/*!40101 SET character_set_client = utf8 */;
CREATE TABLE `PartCategory` (
  `id` int(11) NOT NULL AUTO_INCREMENT,
  `parent_id` int(11) DEFAULT NULL,
  `lft` int(11) NOT NULL,
  `rgt` int(11) NOT NULL,
  `lvl` int(11) NOT NULL,
  `root` int(11) DEFAULT NULL,
  `name` varchar(128) COLLATE utf8_unicode_ci NOT NULL,
  `description` longtext COLLATE utf8_unicode_ci,
  `categoryPath` longtext COLLATE utf8_unicode_ci,
  PRIMARY KEY (`id`),
  KEY `IDX_131FB619727ACA70` (`parent_id`),
  KEY `IDX_131FB619DA439252` (`lft`),
  KEY `IDX_131FB619D5E02D69` (`rgt`),
  CONSTRAINT `FK_131FB619727ACA70` FOREIGN KEY (`parent_id`) REFERENCES `PartCategory` (`id`) ON DELETE CASCADE
) ENGINE=InnoDB AUTO_INCREMENT=205 DEFAULT CHARSET=utf8 COLLATE=utf8_unicode_ci;
/*!40101 SET character_set_client = @saved_cs_client */;

--
-- Dumping data for table `PartCategory`
--

LOCK TABLES `PartCategory` WRITE;
/*!40000 ALTER TABLE `PartCategory` DISABLE KEYS */;
INSERT INTO `PartCategory` VALUES (1,NULL,1,378,0,1,'Root Category',NULL,'Root Category'),(2,1,10,65,1,1,'01 Active Components','','Root Category ➤ 01 Active Components'),(4,1,66,163,1,1,'02 Passive Components','','Root Category ➤ 02 Passive Components'),(5,130,144,145,3,1,'1 Metal Film 1%','','Root Category ➤ 02 Passive Components ➤ 1 Resistors ➤ 1 Metal Film 1%'),(6,130,142,143,3,1,'2 Carbon Film 5%','','Root Category ➤ 02 Passive Components ➤ 1 Resistors ➤ 2 Carbon Film 5%'),(7,130,140,141,3,1,'3 Networks','','Root Category ➤ 02 Passive Components ➤ 1 Resistors ➤ 3 Networks'),(8,130,136,139,3,1,'4 Power Resistors','','Root Category ➤ 02 Passive Components ➤ 1 Resistors ➤ 4 Power Resistors'),(9,10,155,156,4,1,'PTC','','Root Category ➤ 02 Passive Components ➤ 1 Resistors ➤ Resistors 1/3 W ➤ PTC'),(10,130,146,157,3,1,'Resistors 1/3 W','','Root Category ➤ 02 Passive Components ➤ 1 Resistors ➤ Resistors 1/3 W'),(11,4,67,86,2,1,'2 Capacitors','','Root Category ➤ 02 Passive Components ➤ 2 Capacitors'),(12,11,68,71,3,1,'1 Ceramic','','Root Category ➤ 02 Passive Components ➤ 2 Capacitors ➤ 1 Ceramic'),(13,10,147,154,4,1,'SMD','','Root Category ➤ 02 Passive Components ➤ 1 Resistors ➤ Resistors 1/3 W ➤ SMD'),(14,12,69,70,4,1,'SMD','','Root Category ➤ 02 Passive Components ➤ 2 Capacitors ➤ 1 Ceramic ➤ SMD'),(15,11,72,75,3,1,'2 Electrolythic','','Root Category ➤ 02 Passive Components ➤ 2 Capacitors ➤ 2 Electrolythic'),(16,15,75,74,4,1,'SMD','','Root Category ➤ 02 Passive Components ➤ 2 Capacitors ➤ 2 Electrolythic ➤ SMD'),(17,18,77,78,4,1,'3 Film','','Root Category ➤ 02 Passive Components ➤ 2 Capacitors ➤ Styroflex ➤ 3 Film'),(18,11,76,79,3,1,'Styroflex','','Root Category ➤ 02 Passive Components ➤ 2 Capacitors ➤ Styroflex'),(19,11,80,83,3,1,'Tantal','','Root Category ➤ 02 Passive Components ➤ 2 Capacitors ➤ Tantal'),(20,21,88,89,3,1,'SMD','','Root Category ➤ 02 Passive Components ➤ 3 Crystal and Oscillators ➤ SMD'),(21,4,87,94,2,1,'3 Crystal and Oscillators','','Root Category ➤ 02 Passive Components ➤ 3 Crystal and Oscillators'),(22,21,90,91,3,1,'1 Crystals','','Root Category ➤ 02 Passive Components ➤ 3 Crystal and Oscillators ➤ 1 Crystals'),(23,21,92,93,3,1,'2 Crystal Oscillators','','Root Category ➤ 02 Passive Components ➤ 3 Crystal and Oscillators ➤ 2 Crystal Oscillators'),(24,4,95,122,2,1,'4 Potentiometers / Padders','','Root Category ➤ 02 Passive Components ➤ 4 Potentiometers / Padders'),(25,24,96,99,3,1,'1 Potentiometers','','Root Category ➤ 02 Passive Components ➤ 4 Potentiometers / Padders ➤ 1 Potentiometers'),(26,25,97,98,4,1,'Accessories','','Root Category ➤ 02 Passive Components ➤ 4 Potentiometers / Padders ➤ 1 Potentiometers ➤ Accessories'),(27,24,100,117,3,1,'2 Timmer','','Root Category ➤ 02 Passive Components ➤ 4 Potentiometers / Padders ➤ 2 Timmer'),(28,27,101,112,4,1,'1 10/25 Turns Precision','','Root Category ➤ 02 Passive Components ➤ 4 Potentiometers / Padders ➤ 2 Timmer ➤ 1 10/25 Turns Precision'),(29,28,102,103,5,1,'1 64P','','Root Category ➤ 02 Passive Components ➤ 4 Potentiometers / Padders ➤ 2 Timmer ➤ 1 10/25 Turns Precision ➤ 1 64P'),(30,28,104,105,5,1,'2 64W','','Root Category ➤ 02 Passive Components ➤ 4 Potentiometers / Padders ➤ 2 Timmer ➤ 1 10/25 Turns Precision ➤ 2 64W'),(31,28,106,107,5,1,'3 64Y','','Root Category ➤ 02 Passive Components ➤ 4 Potentiometers / Padders ➤ 2 Timmer ➤ 1 10/25 Turns Precision ➤ 3 64Y'),(32,28,108,109,5,1,'4 64X','','Root Category ➤ 02 Passive Components ➤ 4 Potentiometers / Padders ➤ 2 Timmer ➤ 1 10/25 Turns Precision ➤ 4 64X'),(33,28,110,111,5,1,'5 64Z','','Root Category ➤ 02 Passive Components ➤ 4 Potentiometers / Padders ➤ 2 Timmer ➤ 1 10/25 Turns Precision ➤ 5 64Z'),(34,27,113,114,4,1,'2 Cermet','','Root Category ➤ 02 Passive Components ➤ 4 Potentiometers / Padders ➤ 2 Timmer ➤ 2 Cermet'),(35,27,115,116,4,1,'3 Precision','','Root Category ➤ 02 Passive Components ➤ 4 Potentiometers / Padders ➤ 2 Timmer ➤ 3 Precision'),(36,24,118,119,3,1,'3 Slide Potentiometers','','Root Category ➤ 02 Passive Components ➤ 4 Potentiometers / Padders ➤ 3 Slide Potentiometers'),(37,24,120,121,3,1,'4 Encoders','','Root Category ➤ 02 Passive Components ➤ 4 Potentiometers / Padders ➤ 4 Encoders'),(38,4,123,124,2,1,'8 Photoresistors / LDRs','','Root Category ➤ 02 Passive Components ➤ 8 Photoresistors / LDRs'),(39,4,125,128,2,1,'Induktive Bauelemente','','Root Category ➤ 02 Passive Components ➤ Induktive Bauelemente'),(40,4,129,130,2,1,'Varistor','','Root Category ➤ 02 Passive Components ➤ Varistor'),(41,4,131,132,2,1,'Widerstandsnetzwerke','','Root Category ➤ 02 Passive Components ➤ Widerstandsnetzwerke'),(42,39,126,127,3,1,'übertrager','','Root Category ➤ 02 Passive Components ➤ Induktive Bauelemente ➤ übertrager'),(43,1,162,281,1,1,'03 Electromechanical Parts','','Root Category ➤ 03 Electromechanical Parts'),(44,43,163,246,2,1,'1 Connectors','','Root Category ➤ 03 Electromechanical Parts ➤ 1 Connectors'),(45,44,166,173,3,1,'01 IC Sockets','','Root Category ➤ 03 Electromechanical Parts ➤ 1 Connectors ➤ 01 IC Sockets'),(46,45,167,168,4,1,'1 Test Sockets','','Root Category ➤ 03 Electromechanical Parts ➤ 1 Connectors ➤ 01 IC Sockets ➤ 1 Test Sockets'),(47,45,169,170,4,1,'2 Precision','','Root Category ➤ 03 Electromechanical Parts ➤ 1 Connectors ➤ 01 IC Sockets ➤ 2 Precision'),(48,45,171,172,4,1,'3 Low Cost','','Root Category ➤ 03 Electromechanical Parts ➤ 1 Connectors ➤ 01 IC Sockets ➤ 3 Low Cost'),(49,44,174,207,3,1,'02 PCB Connectors','','Root Category ➤ 03 Electromechanical Parts ➤ 1 Connectors ➤ 02 PCB Connectors'),(50,49,175,198,4,1,'1 Rectangular','','Root Category ➤ 03 Electromechanical Parts ➤ 1 Connectors ➤ 02 PCB Connectors ➤ 1 Rectangular'),(51,50,178,187,5,1,'1 Wire-to-Board','','Root Category ➤ 03 Electromechanical Parts ➤ 1 Connectors ➤ 02 PCB Connectors ➤ 1 Rectangular ➤ 1 Wire-to-Board'),(52,51,179,182,6,1,'1 PSK','','Root Category ➤ 03 Electromechanical Parts ➤ 1 Connectors ➤ 02 PCB Connectors ➤ 1 Rectangular ➤ 1 Wire-to-Board ➤ 1 PSK'),(53,52,180,181,7,1,'1 Sets','','Root Category ➤ 03 Electromechanical Parts ➤ 1 Connectors ➤ 02 PCB Connectors ➤ 1 Rectangular ➤ 1 Wire-to-Board ➤ 1 PSK ➤ 1 Sets'),(54,51,183,184,6,1,'2 Dupont Crimp Contacts','','Root Category ➤ 03 Electromechanical Parts ➤ 1 Connectors ➤ 02 PCB Connectors ➤ 1 Rectangular ➤ 1 Wire-to-Board ➤ 2 Dupont Crimp Contacts'),(55,51,185,186,6,1,'3 JST XH','','Root Category ➤ 03 Electromechanical Parts ➤ 1 Connectors ➤ 02 PCB Connectors ➤ 1 Rectangular ➤ 1 Wire-to-Board ➤ 3 JST XH'),(56,50,176,177,5,1,'2 USB','','Root Category ➤ 03 Electromechanical Parts ➤ 1 Connectors ➤ 02 PCB Connectors ➤ 1 Rectangular ➤ 2 USB'),(57,50,188,189,5,1,'3 D-Sub','','Root Category ➤ 03 Electromechanical Parts ➤ 1 Connectors ➤ 02 PCB Connectors ➤ 1 Rectangular ➤ 3 D-Sub'),(58,50,190,191,5,1,'4 IDC Connectors + Box Headers','','Root Category ➤ 03 Electromechanical Parts ➤ 1 Connectors ➤ 02 PCB Connectors ➤ 1 Rectangular ➤ 4 IDC Connectors + Box Headers'),(59,50,192,193,5,1,'5 Terminal Blocks','','Root Category ➤ 03 Electromechanical Parts ➤ 1 Connectors ➤ 02 PCB Connectors ➤ 1 Rectangular ➤ 5 Terminal Blocks'),(60,50,194,195,5,1,'6 Board to Board','','Root Category ➤ 03 Electromechanical Parts ➤ 1 Connectors ➤ 02 PCB Connectors ➤ 1 Rectangular ➤ 6 Board to Board'),(61,50,196,197,5,1,'7 Pin Headers','','Root Category ➤ 03 Electromechanical Parts ➤ 1 Connectors ➤ 02 PCB Connectors ➤ 1 Rectangular ➤ 7 Pin Headers'),(62,49,199,202,4,1,'2 Round','','Root Category ➤ 03 Electromechanical Parts ➤ 1 Connectors ➤ 02 PCB Connectors ➤ 2 Round'),(63,44,208,211,3,1,'3 Audio','','Root Category ➤ 03 Electromechanical Parts ➤ 1 Connectors ➤ 3 Audio'),(64,44,212,213,3,1,'4 Others','','Root Category ➤ 03 Electromechanical Parts ➤ 1 Connectors ➤ 4 Others'),(65,44,214,215,3,1,'5 WAGO','','Root Category ➤ 03 Electromechanical Parts ➤ 1 Connectors ➤ 5 WAGO'),(66,44,216,217,3,1,'6 Faston','','Root Category ➤ 03 Electromechanical Parts ➤ 1 Connectors ➤ 6 Faston'),(67,44,218,219,3,1,'7 HF','','Root Category ➤ 03 Electromechanical Parts ➤ 1 Connectors ➤ 7 HF'),(68,44,220,221,3,1,'8 DC Power Jacks','','Root Category ➤ 03 Electromechanical Parts ➤ 1 Connectors ➤ 8 DC Power Jacks'),(69,44,222,223,3,1,'9 Lab Connectors','','Root Category ➤ 03 Electromechanical Parts ➤ 1 Connectors ➤ 9 Lab Connectors'),(70,62,200,201,5,1,'1 PSU','','Root Category ➤ 03 Electromechanical Parts ➤ 1 Connectors ➤ 02 PCB Connectors ➤ 2 Round ➤ 1 PSU'),(71,43,247,258,2,1,'2 Switches and Buttons','','Root Category ➤ 03 Electromechanical Parts ➤ 2 Switches and Buttons'),(72,71,248,249,3,1,'1 Switches','','Root Category ➤ 03 Electromechanical Parts ➤ 2 Switches and Buttons ➤ 1 Switches'),(73,71,250,251,3,1,'2 Push Buttons','','Root Category ➤ 03 Electromechanical Parts ➤ 2 Switches and Buttons ➤ 2 Push Buttons'),(74,71,252,253,3,1,'Code Switches','','Root Category ➤ 03 Electromechanical Parts ➤ 2 Switches and Buttons ➤ Code Switches'),(75,71,254,255,3,1,'DIP Switches','','Root Category ➤ 03 Electromechanical Parts ➤ 2 Switches and Buttons ➤ DIP Switches'),(76,71,256,257,3,1,'Stufendrehschalters','','Root Category ➤ 03 Electromechanical Parts ➤ 2 Switches and Buttons ➤ Stufendrehschalters'),(77,43,259,260,2,1,'3 Relais','','Root Category ➤ 03 Electromechanical Parts ➤ 3 Relais'),(78,43,261,270,2,1,'4 Fuses','','Root Category ➤ 03 Electromechanical Parts ➤ 4 Fuses'),(79,43,271,272,2,1,'5 Battery Holders','','Root Category ➤ 03 Electromechanical Parts ➤ 5 Battery Holders'),(80,43,273,274,2,1,'6 Transformers','','Root Category ➤ 03 Electromechanical Parts ➤ 6 Transformers'),(81,43,275,278,2,1,'7 Motors','','Root Category ➤ 03 Electromechanical Parts ➤ 7 Motors'),(82,81,276,277,3,1,'1 Servo','','Root Category ➤ 03 Electromechanical Parts ➤ 7 Motors ➤ 1 Servo'),(83,78,262,263,3,1,'1 5*20','','Root Category ➤ 03 Electromechanical Parts ➤ 4 Fuses ➤ 1 5*20'),(84,78,264,265,3,1,'2 6*32','','Root Category ➤ 03 Electromechanical Parts ➤ 4 Fuses ➤ 2 6*32'),(85,78,266,269,3,1,'3 Blade Fuses','','Root Category ➤ 03 Electromechanical Parts ➤ 4 Fuses ➤ 3 Blade Fuses'),(86,85,267,268,4,1,'1 ATO','','Root Category ➤ 03 Electromechanical Parts ➤ 4 Fuses ➤ 3 Blade Fuses ➤ 1 ATO'),(87,1,282,327,1,1,'04 Mechanical Parts_','','Root Category ➤ 04 Mechanical Parts_'),(88,87,285,286,2,1,'1 Mica Washers','','Root Category ➤ 04 Mechanical Parts_ ➤ 1 Mica Washers'),(89,87,287,288,2,1,'2 Cooling','','Root Category ➤ 04 Mechanical Parts_ ➤ 2 Cooling'),(90,87,289,310,2,1,'3 Screws','','Root Category ➤ 04 Mechanical Parts_ ➤ 3 Screws'),(91,87,311,312,2,1,'4 Washers','','Root Category ➤ 04 Mechanical Parts_ ➤ 4 Washers'),(92,87,313,314,2,1,'5 Nuts','','Root Category ➤ 04 Mechanical Parts_ ➤ 5 Nuts'),(93,90,290,291,3,1,'1 Machine Screws','','Root Category ➤ 04 Mechanical Parts_ ➤ 3 Screws ➤ 1 Machine Screws'),(94,90,292,293,3,1,'Misc Screws','','Root Category ➤ 04 Mechanical Parts_ ➤ 3 Screws ➤ Misc Screws'),(95,87,315,316,2,1,'6 Pulleys','','Root Category ➤ 04 Mechanical Parts_ ➤ 6 Pulleys'),(96,87,317,318,2,1,'7 Bearings','','Root Category ➤ 04 Mechanical Parts_ ➤ 7 Bearings'),(97,87,319,320,2,1,'Abstandshalter','','Root Category ➤ 04 Mechanical Parts_ ➤ Abstandshalter'),(98,87,321,322,2,1,'Drahtstifte','','Root Category ➤ 04 Mechanical Parts_ ➤ Drahtstifte'),(99,87,323,324,2,1,'Songstiges','','Root Category ➤ 04 Mechanical Parts_ ➤ Songstiges'),(100,87,325,326,2,1,'Spacers','','Root Category ➤ 04 Mechanical Parts_ ➤ Spacers'),(101,1,328,335,1,1,'06 Cables','','Root Category ➤ 06 Cables'),(102,101,329,330,2,1,'1 Ribbon Cable','','Root Category ➤ 06 Cables ➤ 1 Ribbon Cable'),(103,1,336,337,1,1,'6 Speakers and Buzzers','','Root Category ➤ 6 Speakers and Buzzers'),(104,1,338,339,1,1,'V Modules','','Root Category ➤ V Modules'),(105,1,340,341,1,1,'W PC Accessories','','Root Category ➤ W PC Accessories'),(106,1,342,343,1,1,'X PCB Material','','Root Category ➤ X PCB Material'),(107,1,344,349,1,1,'Y Other Stuff','','Root Category ➤ Y Other Stuff'),(108,1,350,355,1,1,'Z Cooking ','','Root Category ➤ Z Cooking '),(109,1,356,359,1,1,'Z Projects','','Root Category ➤ Z Projects'),(110,109,357,358,2,1,'MonsieurAdaptateur ','','Root Category ➤ Z Projects ➤ MonsieurAdaptateur '),(111,108,351,354,2,1,'Ingredients','','Root Category ➤ Z Cooking  ➤ Ingredients'),(112,111,352,353,3,1,'Noodles','','Root Category ➤ Z Cooking  ➤ Ingredients ➤ Noodles'),(113,107,345,346,2,1,'Computer','','Root Category ➤ Y Other Stuff ➤ Computer'),(114,107,347,348,2,1,'Household','','Root Category ➤ Y Other Stuff ➤ Household'),(117,13,150,151,5,1,'0603','','Root Category ➤ 02 Passive Components ➤ 1 Resistors ➤ Resistors 1/3 W ➤ SMD ➤ 0603'),(118,2,13,40,2,1,'1 Semiconductors','','Root Category ➤ 01 Active Components ➤ 1 Semiconductors'),(119,118,14,19,3,1,'1 Transistors','','Root Category ➤ 01 Active Components ➤ 1 Semiconductors ➤ 1 Transistors'),(120,119,15,16,4,1,'NPN','','Root Category ➤ 01 Active Components ➤ 1 Semiconductors ➤ 1 Transistors ➤ NPN'),(121,19,81,82,4,1,'SMD','','Root Category ➤ 02 Passive Components ➤ 2 Capacitors ➤ Tantal ➤ SMD'),(122,119,17,18,4,1,'PNP','','Root Category ➤ 01 Active Components ➤ 1 Semiconductors ➤ 1 Transistors ➤ PNP'),(123,1,2,9,1,1,'10 Herramientas','','Root Category ➤ 10 Herramientas'),(124,123,3,4,2,1,'Peines de Roscas','','Root Category ➤ 10 Herramientas ➤ Peines de Roscas'),(125,123,5,6,2,1,'Machos de Roscar','','Root Category ➤ 10 Herramientas ➤ Machos de Roscar'),(126,123,7,8,2,1,'Punzones','','Root Category ➤ 10 Herramientas ➤ Punzones'),(128,13,148,149,5,1,'1206','','Root Category ➤ 02 Passive Components ➤ 1 Resistors ➤ Resistors 1/3 W ➤ SMD ➤ 1206'),(130,4,133,162,2,1,'1 Resistors','','Root Category ➤ 02 Passive Components ➤ 1 Resistors'),(131,130,158,159,3,1,'Resistors 1/4 W','','Root Category ➤ 02 Passive Components ➤ 1 Resistors ➤ Resistors 1/4 W'),(132,118,20,39,3,1,'2 Diodes','','Root Category ➤ 01 Active Components ➤ 1 Semiconductors ➤ 2 Diodes'),(133,132,21,36,4,1,'01 LED','','Root Category ➤ 01 Active Components ➤ 1 Semiconductors ➤ 2 Diodes ➤ 01 LED'),(135,13,152,153,5,1,'0805','','Root Category ➤ 02 Passive Components ➤ 1 Resistors ➤ Resistors 1/3 W ➤ SMD ➤ 0805'),(136,132,37,38,4,1,'DIODOS MOSFET','','Root Category ➤ 01 Active Components ➤ 1 Semiconductors ➤ 2 Diodes ➤ DIODOS MOSFET'),(137,2,41,62,2,1,'2 Integrated Circuits','','Root Category ➤ 01 Active Components ➤ 2 Integrated Circuits'),(138,137,42,45,3,1,'01 Voltage Regulators','','Root Category ➤ 01 Active Components ➤ 2 Integrated Circuits ➤ 01 Voltage Regulators'),(139,44,224,227,3,1,'Centronics','','Root Category ➤ 03 Electromechanical Parts ➤ 1 Connectors ➤ Centronics'),(140,139,225,226,4,1,'24P','','Root Category ➤ 03 Electromechanical Parts ➤ 1 Connectors ➤ Centronics ➤ 24P'),(141,2,63,64,2,1,'Integrated Circuits','','Root Category ➤ 01 Active Components ➤ Integrated Circuits'),(142,138,43,44,4,1,'Voltage Regulators','','Root Category ➤ 01 Active Components ➤ 2 Integrated Circuits ➤ 01 Voltage Regulators ➤ Voltage Regulators'),(143,120,16,17,5,1,'SMD','','Root Category ➤ 01 Active Components ➤ 1 Semiconductors ➤ 1 Transistors ➤ NPN ➤ SMD'),(149,15,73,74,4,1,'TH','','Root Category ➤ 02 Passive Components ➤ 2 Capacitors ➤ 2 Electrolythic ➤ TH'),(150,2,11,12,2,1,'10 SMA RF','','Root Category ➤ 01 Active Components ➤ 10 SMA RF'),(151,44,228,229,3,1,'11 BNC','','Root Category ➤ 03 Electromechanical Parts ➤ 1 Connectors ➤ 11 BNC'),(152,44,164,165,3,1,'12 RJ45','','Root Category ➤ 03 Electromechanical Parts ➤ 1 Connectors ➤ 12 RJ45'),(153,44,230,231,3,1,'13 RJ11','','Root Category ➤ 03 Electromechanical Parts ➤ 1 Connectors ➤ 13 RJ11'),(154,44,232,233,3,1,'14 USB','','Root Category ➤ 03 Electromechanical Parts ➤ 1 Connectors ➤ 14 USB'),(155,44,234,235,3,1,'15 JACK','','Root Category ➤ 03 Electromechanical Parts ➤ 1 Connectors ➤ 15 JACK'),(156,44,236,237,3,1,'16 PL','','Root Category ➤ 03 Electromechanical Parts ➤ 1 Connectors ➤ 16 PL'),(157,44,238,239,3,1,'17 N','','Root Category ➤ 03 Electromechanical Parts ➤ 1 Connectors ➤ 17 N'),(158,44,240,241,3,1,'18 TECALAN','','Root Category ➤ 03 Electromechanical Parts ➤ 1 Connectors ➤ 18 TECALAN'),(159,1,360,371,1,1,'05 Modules Active','','Root Category ➤ 05 Modules Active'),(160,159,361,362,2,1,'01 GSM Modules','','Root Category ➤ 05 Modules Active ➤ 01 GSM Modules'),(161,159,363,364,2,1,'02 GPS Modules','','Root Category ➤ 05 Modules Active ➤ 02 GPS Modules'),(162,44,242,243,3,1,'XLR','','Root Category ➤ 03 Electromechanical Parts ➤ 1 Connectors ➤ XLR'),(163,49,203,204,4,1,'coaxial','','Root Category ➤ 03 Electromechanical Parts ➤ 1 Connectors ➤ 02 PCB Connectors ➤ coaxial'),(164,130,134,135,3,1,'Other Resistors','','Root Category ➤ 02 Passive Components ➤ 1 Resistors ➤ Other Resistors'),(165,49,205,206,4,1,'RCA','','Root Category ➤ 03 Electromechanical Parts ➤ 1 Connectors ➤ 02 PCB Connectors ➤ RCA'),(166,44,244,245,3,1,'Pines simples','','Root Category ➤ 03 Electromechanical Parts ➤ 1 Connectors ➤ Pines simples'),(167,159,365,366,2,1,'03  Solid State Relays','','Root Category ➤ 05 Modules Active ➤ 03  Solid State Relays'),(168,137,46,61,3,1,'02 Microcontroladores','','Root Category ➤ 01 Active Components ➤ 2 Integrated Circuits ➤ 02 Microcontroladores'),(169,168,47,48,4,1,'ATMEL','','Root Category ➤ 01 Active Components ➤ 2 Integrated Circuits ➤ 02 Microcontroladores ➤ ATMEL'),(170,168,49,50,4,1,'Microchip','','Root Category ➤ 01 Active Components ➤ 2 Integrated Circuits ➤ 02 Microcontroladores ➤ Microchip'),(171,130,160,161,3,1,'05 LDR','','Root Category ➤ 02 Passive Components ➤ 1 Resistors ➤ 05 LDR'),(172,8,137,138,4,1,'01 LDR','','Root Category ➤ 02 Passive Components ➤ 1 Resistors ➤ 4 Power Resistors ➤ 01 LDR'),(173,168,51,52,4,1,'MAXIM','','Root Category ➤ 01 Active Components ➤ 2 Integrated Circuits ➤ 02 Microcontroladores ➤ MAXIM'),(175,1,372,375,1,1,'07 Power','','Root Category ➤ 07 Power'),(176,175,373,374,2,1,'Solar Panels','','Root Category ➤ 07 Power ➤ Solar Panels'),(177,168,53,54,4,1,'SMSC','','Root Category ➤ 01 Active Components ➤ 2 Integrated Circuits ➤ 02 Microcontroladores ➤ SMSC'),(178,11,84,85,3,1,'5 Others','','Root Category ➤ 02 Passive Components ➤ 2 Capacitors ➤ 5 Others'),(179,168,55,56,4,1,'Chip FTDI','','Root Category ➤ 01 Active Components ➤ 2 Integrated Circuits ➤ 02 Microcontroladores ➤ Chip FTDI'),(180,168,57,58,4,1,' Instrumentos Texas','','Root Category ➤ 01 Active Components ➤ 2 Integrated Circuits ➤ 02 Microcontroladores ➤  Instrumentos Texas'),(181,168,59,60,4,1,' Dispositivos analógicos','','Root Category ➤ 01 Active Components ➤ 2 Integrated Circuits ➤ 02 Microcontroladores ➤  Dispositivos analógicos'),(182,101,331,332,2,1,'Silvered Copper','','Root Category ➤ 06 Cables ➤ Silvered Copper'),(183,87,283,284,2,1,'Standoffs Spacers','','Root Category ➤ 04 Mechanical Parts_ ➤ Standoffs Spacers'),(184,43,279,280,2,1,'8 SPLICE TABS','','Root Category ➤ 03 Electromechanical Parts ➤ 8 SPLICE TABS'),(185,133,22,23,5,1,'DIODOS LED 3.5mm','','Root Category ➤ 01 Active Components ➤ 1 Semiconductors ➤ 2 Diodes ➤ 01 LED ➤ DIODOS LED 3.5mm'),(186,133,24,25,5,1,'Led Infrarrojo','','Root Category ➤ 01 Active Components ➤ 1 Semiconductors ➤ 2 Diodes ➤ 01 LED ➤ Led Infrarrojo'),(187,133,26,27,5,1,'DIODOS LED 5mm','','Root Category ➤ 01 Active Components ➤ 1 Semiconductors ➤ 2 Diodes ➤ 01 LED ➤ DIODOS LED 5mm'),(188,133,28,29,5,1,'DIODOS LED 10mm','','Root Category ➤ 01 Active Components ➤ 1 Semiconductors ➤ 2 Diodes ➤ 01 LED ➤ DIODOS LED 10mm'),(189,133,30,31,5,1,'DIODO LED 8mm','','Root Category ➤ 01 Active Components ➤ 1 Semiconductors ➤ 2 Diodes ➤ 01 LED ➤ DIODO LED 8mm'),(190,133,32,33,5,1,'LED MATRIX','','Root Category ➤ 01 Active Components ➤ 1 Semiconductors ➤ 2 Diodes ➤ 01 LED ➤ LED MATRIX'),(191,133,34,35,5,1,'7 SEGMENT','','Root Category ➤ 01 Active Components ➤ 1 Semiconductors ➤ 2 Diodes ➤ 01 LED ➤ 7 SEGMENT'),(192,63,209,210,4,1,'BUZZER','','Root Category ➤ 03 Electromechanical Parts ➤ 1 Connectors ➤ 3 Audio ➤ BUZZER'),(193,159,367,370,2,1,'04 RPI COMPUTE','','Root Category ➤ 05 Modules Active ➤ 04 RPI COMPUTE'),(194,193,368,369,3,1,'MODULE 4','','Root Category ➤ 05 Modules Active ➤ 04 RPI COMPUTE ➤ MODULE 4'),(195,90,294,295,3,1,'Screws M2.5','','Root Category ➤ 04 Mechanical Parts_ ➤ 3 Screws ➤ Screws M2.5'),(196,90,296,297,3,1,'Screws M4X10','','Root Category ➤ 04 Mechanical Parts_ ➤ 3 Screws ➤ Screws M4X10'),(197,90,298,299,3,1,'Screws M4X12','','Root Category ➤ 04 Mechanical Parts_ ➤ 3 Screws ➤ Screws M4X12'),(198,101,333,334,2,1,'02 Heat Shrink tube','','Root Category ➤ 06 Cables ➤ 02 Heat Shrink tube'),(199,90,300,301,3,1,'Screws M10','','Root Category ➤ 04 Mechanical Parts_ ➤ 3 Screws ➤ Screws M10'),(200,90,302,303,3,1,'Screws M6','','Root Category ➤ 04 Mechanical Parts_ ➤ 3 Screws ➤ Screws M6'),(201,90,304,305,3,1,'Screws M3 - M2','','Root Category ➤ 04 Mechanical Parts_ ➤ 3 Screws ➤ Screws M3 - M2'),(202,90,306,307,3,1,'Screws M8','','Root Category ➤ 04 Mechanical Parts_ ➤ 3 Screws ➤ Screws M8'),(203,90,308,309,3,1,'Tornillo Rosca Chapa','','Root Category ➤ 04 Mechanical Parts_ ➤ 3 Screws ➤ Tornillo Rosca Chapa'),(204,1,376,377,1,1,'condensadores','','Root Category ➤ condensadores');
/*!40000 ALTER TABLE `PartCategory` ENABLE KEYS */;
UNLOCK TABLES;

--
-- Table structure for table `PartDistributor`
--

DROP TABLE IF EXISTS `PartDistributor`;
/*!40101 SET @saved_cs_client     = @@character_set_client */;
/*!40101 SET character_set_client = utf8 */;
CREATE TABLE `PartDistributor` (
  `id` int(11) NOT NULL AUTO_INCREMENT,
  `part_id` int(11) DEFAULT NULL,
  `distributor_id` int(11) DEFAULT NULL,
  `orderNumber` varchar(255) COLLATE utf8_unicode_ci DEFAULT NULL,
  `packagingUnit` int(11) NOT NULL,
  `price` decimal(13,4) DEFAULT NULL,
  `currency` varchar(3) COLLATE utf8_unicode_ci DEFAULT NULL,
  `sku` varchar(255) COLLATE utf8_unicode_ci DEFAULT NULL,
  `ignoreForReports` tinyint(1) DEFAULT NULL,
  PRIMARY KEY (`id`),
  KEY `IDX_FBA293844CE34BEC` (`part_id`),
  KEY `IDX_FBA293842D863A58` (`distributor_id`),
  CONSTRAINT `FK_FBA293842D863A58` FOREIGN KEY (`distributor_id`) REFERENCES `Distributor` (`id`),
  CONSTRAINT `FK_FBA293844CE34BEC` FOREIGN KEY (`part_id`) REFERENCES `Part` (`id`)
) ENGINE=InnoDB DEFAULT CHARSET=utf8 COLLATE=utf8_unicode_ci;
/*!40101 SET character_set_client = @saved_cs_client */;

--
-- Dumping data for table `PartDistributor`
--

LOCK TABLES `PartDistributor` WRITE;
/*!40000 ALTER TABLE `PartDistributor` DISABLE KEYS */;
/*!40000 ALTER TABLE `PartDistributor` ENABLE KEYS */;
UNLOCK TABLES;

--
-- Table structure for table `PartKeeprUser`
--

DROP TABLE IF EXISTS `PartKeeprUser`;
/*!40101 SET @saved_cs_client     = @@character_set_client */;
/*!40101 SET character_set_client = utf8 */;
CREATE TABLE `PartKeeprUser` (
  `id` int(11) NOT NULL AUTO_INCREMENT,
  `provider_id` int(11) DEFAULT NULL,
  `username` varchar(50) COLLATE utf8_unicode_ci NOT NULL,
  `password` varchar(32) COLLATE utf8_unicode_ci DEFAULT NULL,
  `email` varchar(255) COLLATE utf8_unicode_ci DEFAULT NULL,
  `admin` tinyint(1) NOT NULL,
  `legacy` tinyint(1) NOT NULL,
  `lastSeen` datetime DEFAULT NULL,
  `active` tinyint(1) NOT NULL,
  `protected` tinyint(1) NOT NULL,
  PRIMARY KEY (`id`),
  UNIQUE KEY `username_provider` (`username`,`provider_id`),
  KEY `IDX_7572D706A53A8AA` (`provider_id`),
  CONSTRAINT `FK_7572D706A53A8AA` FOREIGN KEY (`provider_id`) REFERENCES `UserProvider` (`id`)
) ENGINE=InnoDB AUTO_INCREMENT=8 DEFAULT CHARSET=utf8 COLLATE=utf8_unicode_ci;
/*!40101 SET character_set_client = @saved_cs_client */;

--
-- Dumping data for table `PartKeeprUser`
--

LOCK TABLES `PartKeeprUser` WRITE;
/*!40000 ALTER TABLE `PartKeeprUser` DISABLE KEYS */;
INSERT INTO `PartKeeprUser` VALUES (1,1,'admin',NULL,NULL,0,0,NULL,1,0),(2,1,'ana','','',0,0,NULL,1,0),(3,1,'amroldan','','amroldan@ugr.es',0,0,NULL,1,0),(4,1,'JuanCarlos','','',0,0,NULL,1,0),(5,1,'fran','','',0,0,NULL,1,0),(6,1,'sharif','','a@a.es',0,0,NULL,1,0),(7,1,'IRENE','','irene.gima3@gmail.com',0,0,NULL,1,0);
/*!40000 ALTER TABLE `PartKeeprUser` ENABLE KEYS */;
UNLOCK TABLES;

--
-- Table structure for table `PartManufacturer`
--

DROP TABLE IF EXISTS `PartManufacturer`;
/*!40101 SET @saved_cs_client     = @@character_set_client */;
/*!40101 SET character_set_client = utf8 */;
CREATE TABLE `PartManufacturer` (
  `id` int(11) NOT NULL AUTO_INCREMENT,
  `part_id` int(11) DEFAULT NULL,
  `manufacturer_id` int(11) DEFAULT NULL,
  `partNumber` varchar(255) COLLATE utf8_unicode_ci DEFAULT NULL,
  PRIMARY KEY (`id`),
  KEY `IDX_F085878B4CE34BEC` (`part_id`),
  KEY `IDX_F085878BA23B42D` (`manufacturer_id`),
  CONSTRAINT `FK_F085878B4CE34BEC` FOREIGN KEY (`part_id`) REFERENCES `Part` (`id`),
  CONSTRAINT `FK_F085878BA23B42D` FOREIGN KEY (`manufacturer_id`) REFERENCES `Manufacturer` (`id`)
) ENGINE=InnoDB AUTO_INCREMENT=2 DEFAULT CHARSET=utf8 COLLATE=utf8_unicode_ci;
/*!40101 SET character_set_client = @saved_cs_client */;

--
-- Dumping data for table `PartManufacturer`
--

LOCK TABLES `PartManufacturer` WRITE;
/*!40000 ALTER TABLE `PartManufacturer` DISABLE KEYS */;
INSERT INTO `PartManufacturer` VALUES (1,2,NULL,NULL);
/*!40000 ALTER TABLE `PartManufacturer` ENABLE KEYS */;
UNLOCK TABLES;

--
-- Table structure for table `PartParameter`
--

DROP TABLE IF EXISTS `PartParameter`;
/*!40101 SET @saved_cs_client     = @@character_set_client */;
/*!40101 SET character_set_client = utf8 */;
CREATE TABLE `PartParameter` (
  `id` int(11) NOT NULL AUTO_INCREMENT,
  `part_id` int(11) DEFAULT NULL,
  `unit_id` int(11) DEFAULT NULL,
  `name` varchar(255) COLLATE utf8_unicode_ci NOT NULL,
  `description` varchar(255) COLLATE utf8_unicode_ci NOT NULL,
  `value` double DEFAULT NULL,
  `normalizedValue` double DEFAULT NULL,
  `maximumValue` double DEFAULT NULL,
  `normalizedMaxValue` double DEFAULT NULL,
  `minimumValue` double DEFAULT NULL,
  `normalizedMinValue` double DEFAULT NULL,
  `stringValue` varchar(255) COLLATE utf8_unicode_ci NOT NULL,
  `valueType` varchar(255) COLLATE utf8_unicode_ci NOT NULL,
  `siPrefix_id` int(11) DEFAULT NULL,
  `minSiPrefix_id` int(11) DEFAULT NULL,
  `maxSiPrefix_id` int(11) DEFAULT NULL,
  PRIMARY KEY (`id`),
  KEY `IDX_A28A98594CE34BEC` (`part_id`),
  KEY `IDX_A28A9859F8BD700D` (`unit_id`),
  KEY `IDX_A28A985919187357` (`siPrefix_id`),
  KEY `IDX_A28A9859569AA479` (`minSiPrefix_id`),
  KEY `IDX_A28A9859EFBC3F08` (`maxSiPrefix_id`),
  CONSTRAINT `FK_A28A985919187357` FOREIGN KEY (`siPrefix_id`) REFERENCES `SiPrefix` (`id`),
  CONSTRAINT `FK_A28A98594CE34BEC` FOREIGN KEY (`part_id`) REFERENCES `Part` (`id`),
  CONSTRAINT `FK_A28A9859569AA479` FOREIGN KEY (`minSiPrefix_id`) REFERENCES `SiPrefix` (`id`),
  CONSTRAINT `FK_A28A9859EFBC3F08` FOREIGN KEY (`maxSiPrefix_id`) REFERENCES `SiPrefix` (`id`),
  CONSTRAINT `FK_A28A9859F8BD700D` FOREIGN KEY (`unit_id`) REFERENCES `Unit` (`id`)
) ENGINE=InnoDB DEFAULT CHARSET=utf8 COLLATE=utf8_unicode_ci;
/*!40101 SET character_set_client = @saved_cs_client */;

--
-- Dumping data for table `PartParameter`
--

LOCK TABLES `PartParameter` WRITE;
/*!40000 ALTER TABLE `PartParameter` DISABLE KEYS */;
/*!40000 ALTER TABLE `PartParameter` ENABLE KEYS */;
UNLOCK TABLES;

--
-- Table structure for table `PartUnit`
--

DROP TABLE IF EXISTS `PartUnit`;
/*!40101 SET @saved_cs_client     = @@character_set_client */;
/*!40101 SET character_set_client = utf8 */;
CREATE TABLE `PartUnit` (
  `id` int(11) NOT NULL AUTO_INCREMENT,
  `name` varchar(255) COLLATE utf8_unicode_ci NOT NULL,
  `shortName` varchar(255) COLLATE utf8_unicode_ci NOT NULL,
  `is_default` tinyint(1) NOT NULL,
  PRIMARY KEY (`id`)
) ENGINE=InnoDB AUTO_INCREMENT=2 DEFAULT CHARSET=utf8 COLLATE=utf8_unicode_ci;
/*!40101 SET character_set_client = @saved_cs_client */;

--
-- Dumping data for table `PartUnit`
--

LOCK TABLES `PartUnit` WRITE;
/*!40000 ALTER TABLE `PartUnit` DISABLE KEYS */;
INSERT INTO `PartUnit` VALUES (1,'Pieces','pcs',1);
/*!40000 ALTER TABLE `PartUnit` ENABLE KEYS */;
UNLOCK TABLES;

--
-- Table structure for table `Project`
--

DROP TABLE IF EXISTS `Project`;
/*!40101 SET @saved_cs_client     = @@character_set_client */;
/*!40101 SET character_set_client = utf8 */;
CREATE TABLE `Project` (
  `id` int(11) NOT NULL AUTO_INCREMENT,
  `user_id` int(11) DEFAULT NULL,
  `name` varchar(255) COLLATE utf8_unicode_ci NOT NULL,
  `description` varchar(255) COLLATE utf8_unicode_ci DEFAULT NULL,
  PRIMARY KEY (`id`),
  KEY `IDX_E00EE972A76ED395` (`user_id`),
  CONSTRAINT `FK_E00EE972A76ED395` FOREIGN KEY (`user_id`) REFERENCES `PartKeeprUser` (`id`)
) ENGINE=InnoDB AUTO_INCREMENT=2 DEFAULT CHARSET=utf8 COLLATE=utf8_unicode_ci;
/*!40101 SET character_set_client = @saved_cs_client */;

--
-- Dumping data for table `Project`
--

LOCK TABLES `Project` WRITE;
/*!40000 ALTER TABLE `Project` DISABLE KEYS */;
INSERT INTO `Project` VALUES (1,NULL,'Proyecto TEST','Listado de MAterial que lleva el CANSAT');
/*!40000 ALTER TABLE `Project` ENABLE KEYS */;
UNLOCK TABLES;

--
-- Table structure for table `ProjectAttachment`
--

DROP TABLE IF EXISTS `ProjectAttachment`;
/*!40101 SET @saved_cs_client     = @@character_set_client */;
/*!40101 SET character_set_client = utf8 */;
CREATE TABLE `ProjectAttachment` (
  `id` int(11) NOT NULL AUTO_INCREMENT,
  `project_id` int(11) DEFAULT NULL,
  `type` varchar(255) COLLATE utf8_unicode_ci NOT NULL,
  `filename` varchar(255) COLLATE utf8_unicode_ci NOT NULL,
  `originalname` varchar(255) COLLATE utf8_unicode_ci DEFAULT NULL,
  `mimetype` varchar(255) COLLATE utf8_unicode_ci NOT NULL,
  `size` int(11) NOT NULL,
  `extension` varchar(255) COLLATE utf8_unicode_ci DEFAULT NULL,
  `description` longtext COLLATE utf8_unicode_ci,
  `created` datetime NOT NULL,
  PRIMARY KEY (`id`),
  KEY `IDX_44010C5B166D1F9C` (`project_id`),
  CONSTRAINT `FK_44010C5B166D1F9C` FOREIGN KEY (`project_id`) REFERENCES `Project` (`id`)
) ENGINE=InnoDB DEFAULT CHARSET=utf8 COLLATE=utf8_unicode_ci;
/*!40101 SET character_set_client = @saved_cs_client */;

--
-- Dumping data for table `ProjectAttachment`
--

LOCK TABLES `ProjectAttachment` WRITE;
/*!40000 ALTER TABLE `ProjectAttachment` DISABLE KEYS */;
/*!40000 ALTER TABLE `ProjectAttachment` ENABLE KEYS */;
UNLOCK TABLES;

--
-- Table structure for table `ProjectPart`
--

DROP TABLE IF EXISTS `ProjectPart`;
/*!40101 SET @saved_cs_client     = @@character_set_client */;
/*!40101 SET character_set_client = utf8 */;
CREATE TABLE `ProjectPart` (
  `id` int(11) NOT NULL AUTO_INCREMENT,
  `part_id` int(11) DEFAULT NULL,
  `project_id` int(11) DEFAULT NULL,
  `quantity` int(11) NOT NULL,
  `remarks` varchar(255) COLLATE utf8_unicode_ci DEFAULT NULL,
  `overageType` varchar(255) COLLATE utf8_unicode_ci NOT NULL DEFAULT '',
  `overage` int(11) NOT NULL DEFAULT '0',
  `lotNumber` longtext COLLATE utf8_unicode_ci NOT NULL,
  PRIMARY KEY (`id`),
  KEY `IDX_B0B193364CE34BEC` (`part_id`),
  KEY `IDX_B0B19336166D1F9C` (`project_id`),
  CONSTRAINT `FK_B0B19336166D1F9C` FOREIGN KEY (`project_id`) REFERENCES `Project` (`id`),
  CONSTRAINT `FK_B0B193364CE34BEC` FOREIGN KEY (`part_id`) REFERENCES `Part` (`id`)
) ENGINE=InnoDB DEFAULT CHARSET=utf8 COLLATE=utf8_unicode_ci;
/*!40101 SET character_set_client = @saved_cs_client */;

--
-- Dumping data for table `ProjectPart`
--

LOCK TABLES `ProjectPart` WRITE;
/*!40000 ALTER TABLE `ProjectPart` DISABLE KEYS */;
/*!40000 ALTER TABLE `ProjectPart` ENABLE KEYS */;
UNLOCK TABLES;

--
-- Table structure for table `ProjectRun`
--

DROP TABLE IF EXISTS `ProjectRun`;
/*!40101 SET @saved_cs_client     = @@character_set_client */;
/*!40101 SET character_set_client = utf8 */;
CREATE TABLE `ProjectRun` (
  `id` int(11) NOT NULL AUTO_INCREMENT,
  `project_id` int(11) DEFAULT NULL,
  `runDateTime` datetime NOT NULL,
  `quantity` int(11) NOT NULL,
  PRIMARY KEY (`id`),
  KEY `IDX_574A3B5C166D1F9C` (`project_id`),
  CONSTRAINT `FK_574A3B5C166D1F9C` FOREIGN KEY (`project_id`) REFERENCES `Project` (`id`)
) ENGINE=InnoDB DEFAULT CHARSET=utf8 COLLATE=utf8_unicode_ci;
/*!40101 SET character_set_client = @saved_cs_client */;

--
-- Dumping data for table `ProjectRun`
--

LOCK TABLES `ProjectRun` WRITE;
/*!40000 ALTER TABLE `ProjectRun` DISABLE KEYS */;
/*!40000 ALTER TABLE `ProjectRun` ENABLE KEYS */;
UNLOCK TABLES;

--
-- Table structure for table `ProjectRunPart`
--

DROP TABLE IF EXISTS `ProjectRunPart`;
/*!40101 SET @saved_cs_client     = @@character_set_client */;
/*!40101 SET character_set_client = utf8 */;
CREATE TABLE `ProjectRunPart` (
  `id` int(11) NOT NULL AUTO_INCREMENT,
  `part_id` int(11) DEFAULT NULL,
  `quantity` int(11) NOT NULL,
  `lotNumber` longtext COLLATE utf8_unicode_ci NOT NULL,
  `projectRun_id` int(11) DEFAULT NULL,
  PRIMARY KEY (`id`),
  KEY `IDX_BF41064B1A221EF0` (`projectRun_id`),
  KEY `IDX_BF41064B4CE34BEC` (`part_id`),
  CONSTRAINT `FK_BF41064B1A221EF0` FOREIGN KEY (`projectRun_id`) REFERENCES `ProjectRun` (`id`),
  CONSTRAINT `FK_BF41064B4CE34BEC` FOREIGN KEY (`part_id`) REFERENCES `Part` (`id`)
) ENGINE=InnoDB DEFAULT CHARSET=utf8 COLLATE=utf8_unicode_ci;
/*!40101 SET character_set_client = @saved_cs_client */;

--
-- Dumping data for table `ProjectRunPart`
--

LOCK TABLES `ProjectRunPart` WRITE;
/*!40000 ALTER TABLE `ProjectRunPart` DISABLE KEYS */;
/*!40000 ALTER TABLE `ProjectRunPart` ENABLE KEYS */;
UNLOCK TABLES;

--
-- Table structure for table `Report`
--

DROP TABLE IF EXISTS `Report`;
/*!40101 SET @saved_cs_client     = @@character_set_client */;
/*!40101 SET character_set_client = utf8 */;
CREATE TABLE `Report` (
  `id` int(11) NOT NULL AUTO_INCREMENT,
  `name` varchar(255) COLLATE utf8_unicode_ci DEFAULT NULL,
  `createDateTime` datetime NOT NULL,
  PRIMARY KEY (`id`)
) ENGINE=InnoDB DEFAULT CHARSET=utf8 COLLATE=utf8_unicode_ci;
/*!40101 SET character_set_client = @saved_cs_client */;

--
-- Dumping data for table `Report`
--

LOCK TABLES `Report` WRITE;
/*!40000 ALTER TABLE `Report` DISABLE KEYS */;
/*!40000 ALTER TABLE `Report` ENABLE KEYS */;
UNLOCK TABLES;

--
-- Table structure for table `ReportPart`
--

DROP TABLE IF EXISTS `ReportPart`;
/*!40101 SET @saved_cs_client     = @@character_set_client */;
/*!40101 SET character_set_client = utf8 */;
CREATE TABLE `ReportPart` (
  `id` int(11) NOT NULL AUTO_INCREMENT,
  `report_id` int(11) DEFAULT NULL,
  `part_id` int(11) DEFAULT NULL,
  `distributor_id` int(11) DEFAULT NULL,
  `quantity` int(11) NOT NULL,
  PRIMARY KEY (`id`),
  KEY `IDX_1BF0BD554BD2A4C0` (`report_id`),
  KEY `IDX_1BF0BD554CE34BEC` (`part_id`),
  KEY `IDX_1BF0BD552D863A58` (`distributor_id`),
  CONSTRAINT `FK_1BF0BD552D863A58` FOREIGN KEY (`distributor_id`) REFERENCES `Distributor` (`id`),
  CONSTRAINT `FK_1BF0BD554BD2A4C0` FOREIGN KEY (`report_id`) REFERENCES `Report` (`id`),
  CONSTRAINT `FK_1BF0BD554CE34BEC` FOREIGN KEY (`part_id`) REFERENCES `Part` (`id`)
) ENGINE=InnoDB DEFAULT CHARSET=utf8 COLLATE=utf8_unicode_ci;
/*!40101 SET character_set_client = @saved_cs_client */;

--
-- Dumping data for table `ReportPart`
--

LOCK TABLES `ReportPart` WRITE;
/*!40000 ALTER TABLE `ReportPart` DISABLE KEYS */;
/*!40000 ALTER TABLE `ReportPart` ENABLE KEYS */;
UNLOCK TABLES;

--
-- Table structure for table `ReportProject`
--

DROP TABLE IF EXISTS `ReportProject`;
/*!40101 SET @saved_cs_client     = @@character_set_client */;
/*!40101 SET character_set_client = utf8 */;
CREATE TABLE `ReportProject` (
  `id` int(11) NOT NULL AUTO_INCREMENT,
  `report_id` int(11) DEFAULT NULL,
  `project_id` int(11) DEFAULT NULL,
  `quantity` int(11) NOT NULL,
  PRIMARY KEY (`id`),
  KEY `IDX_83B0909B4BD2A4C0` (`report_id`),
  KEY `IDX_83B0909B166D1F9C` (`project_id`),
  CONSTRAINT `FK_83B0909B166D1F9C` FOREIGN KEY (`project_id`) REFERENCES `Project` (`id`),
  CONSTRAINT `FK_83B0909B4BD2A4C0` FOREIGN KEY (`report_id`) REFERENCES `Report` (`id`)
) ENGINE=InnoDB DEFAULT CHARSET=utf8 COLLATE=utf8_unicode_ci;
/*!40101 SET character_set_client = @saved_cs_client */;

--
-- Dumping data for table `ReportProject`
--

LOCK TABLES `ReportProject` WRITE;
/*!40000 ALTER TABLE `ReportProject` DISABLE KEYS */;
/*!40000 ALTER TABLE `ReportProject` ENABLE KEYS */;
UNLOCK TABLES;

--
-- Table structure for table `SchemaVersions`
--

DROP TABLE IF EXISTS `SchemaVersions`;
/*!40101 SET @saved_cs_client     = @@character_set_client */;
/*!40101 SET character_set_client = utf8 */;
CREATE TABLE `SchemaVersions` (
  `version` varchar(255) COLLATE utf8_unicode_ci NOT NULL,
  PRIMARY KEY (`version`)
) ENGINE=InnoDB DEFAULT CHARSET=utf8 COLLATE=utf8_unicode_ci;
/*!40101 SET character_set_client = @saved_cs_client */;

--
-- Dumping data for table `SchemaVersions`
--

LOCK TABLES `SchemaVersions` WRITE;
/*!40000 ALTER TABLE `SchemaVersions` DISABLE KEYS */;
INSERT INTO `SchemaVersions` VALUES ('20150608120000'),('20150708120022'),('20150724174030'),('20151001180120'),('20151002183125'),('20151031163951'),('20151208162723'),('20160103145302'),('20170108122512'),('20170108143802'),('20170113203042'),('20170601175559');
/*!40000 ALTER TABLE `SchemaVersions` ENABLE KEYS */;
UNLOCK TABLES;

--
-- Table structure for table `SiPrefix`
--

DROP TABLE IF EXISTS `SiPrefix`;
/*!40101 SET @saved_cs_client     = @@character_set_client */;
/*!40101 SET character_set_client = utf8 */;
CREATE TABLE `SiPrefix` (
  `id` int(11) NOT NULL AUTO_INCREMENT,
  `prefix` varchar(255) COLLATE utf8_unicode_ci NOT NULL,
  `symbol` varchar(2) COLLATE utf8_unicode_ci NOT NULL,
  `exponent` int(11) NOT NULL,
  `base` int(11) NOT NULL,
  PRIMARY KEY (`id`)
) ENGINE=InnoDB AUTO_INCREMENT=30 DEFAULT CHARSET=utf8 COLLATE=utf8_unicode_ci;
/*!40101 SET character_set_client = @saved_cs_client */;

--
-- Dumping data for table `SiPrefix`
--

LOCK TABLES `SiPrefix` WRITE;
/*!40000 ALTER TABLE `SiPrefix` DISABLE KEYS */;
INSERT INTO `SiPrefix` VALUES (1,'yotta','Y',24,10),(2,'zetta','Z',21,10),(3,'exa','E',18,10),(4,'peta','P',15,10),(5,'tera','T',12,10),(6,'giga','G',9,10),(7,'mega','M',6,10),(8,'kilo','k',3,10),(9,'hecto','h',2,10),(10,'deca','da',1,10),(11,'-','',0,10),(12,'deci','d',-1,10),(13,'centi','c',-2,10),(14,'milli','m',-3,10),(15,'micro','μ',-6,10),(16,'nano','n',-9,10),(17,'pico','p',-12,10),(18,'femto','f',-15,10),(19,'atto','a',-18,10),(20,'zepto','z',-21,10),(21,'yocto','y',-24,10),(22,'kibi','Ki',1,1024),(23,'mebi','Mi',2,1024),(24,'gibi','Gi',3,1024),(25,'tebi','Ti',4,1024),(26,'pebi','Pi',5,1024),(27,'exbi','Ei',6,1024),(28,'zebi','Zi',7,1024),(29,'yobi','Yi',8,1024);
/*!40000 ALTER TABLE `SiPrefix` ENABLE KEYS */;
UNLOCK TABLES;

--
-- Table structure for table `StatisticSnapshot`
--

DROP TABLE IF EXISTS `StatisticSnapshot`;
/*!40101 SET @saved_cs_client     = @@character_set_client */;
/*!40101 SET character_set_client = utf8 */;
CREATE TABLE `StatisticSnapshot` (
  `id` int(11) NOT NULL AUTO_INCREMENT,
  `dateTime` datetime NOT NULL,
  `parts` int(11) NOT NULL,
  `categories` int(11) NOT NULL,
  PRIMARY KEY (`id`)
) ENGINE=InnoDB AUTO_INCREMENT=231 DEFAULT CHARSET=utf8 COLLATE=utf8_unicode_ci;
/*!40101 SET character_set_client = @saved_cs_client */;

--
-- Dumping data for table `StatisticSnapshot`
--

LOCK TABLES `StatisticSnapshot` WRITE;
/*!40000 ALTER TABLE `StatisticSnapshot` DISABLE KEYS */;
INSERT INTO `StatisticSnapshot` VALUES (1,'2021-04-27 17:55:26',0,1),(2,'2021-04-27 19:33:18',0,1),(3,'2021-04-28 01:40:03',1,3),(4,'2021-04-28 13:40:02',14,10),(5,'2021-04-28 22:20:06',20,10),(6,'2021-04-29 10:20:06',20,10),(7,'2021-04-29 16:30:02',47,113),(8,'2021-04-29 22:40:06',47,113),(9,'2021-04-30 04:50:02',47,113),(10,'2021-04-30 17:00:03',96,113),(11,'2021-04-30 23:10:01',96,113),(12,'2021-05-01 05:10:02',96,113),(13,'2021-05-01 11:20:02',96,113),(14,'2021-05-01 17:30:02',96,113),(15,'2021-05-01 23:40:02',96,113),(16,'2021-05-02 11:50:02',96,113),(17,'2021-05-02 20:50:07',96,113),(18,'2021-05-03 06:50:06',96,113),(19,'2021-05-03 13:00:03',124,113),(20,'2021-05-03 19:10:02',128,113),(21,'2021-05-04 01:20:03',128,113),(22,'2021-05-04 07:30:02',128,113),(23,'2021-05-04 13:30:02',129,117),(24,'2021-05-04 19:30:02',129,117),(25,'2021-05-05 01:40:02',129,117),(26,'2021-05-05 07:40:02',129,117),(27,'2021-05-05 13:50:02',178,123),(28,'2021-05-06 02:00:03',180,123),(29,'2021-05-06 08:10:02',180,123),(30,'2021-05-06 14:20:02',183,128),(31,'2021-05-06 20:20:02',183,128),(32,'2021-05-07 02:20:04',183,128),(33,'2021-05-07 08:30:02',183,128),(34,'2021-05-07 14:30:02',219,129),(35,'2021-05-07 20:30:02',219,129),(36,'2021-05-08 02:30:13',219,129),(37,'2021-05-08 08:40:02',219,129),(38,'2021-05-08 14:40:02',219,129),(39,'2021-05-08 20:40:03',219,129),(40,'2021-05-09 02:40:07',219,129),(41,'2021-05-09 08:50:02',219,129),(42,'2021-05-09 14:50:02',219,129),(43,'2021-05-09 21:00:02',219,129),(44,'2021-05-10 03:00:03',219,129),(45,'2021-05-10 09:10:02',219,129),(46,'2021-05-10 15:10:02',231,130),(47,'2021-05-10 21:10:02',231,130),(48,'2021-05-11 03:10:02',231,130),(49,'2021-05-11 15:10:02',268,130),(50,'2021-05-11 21:20:02',268,130),(51,'2021-05-12 03:20:03',268,130),(52,'2021-05-12 15:20:02',293,130),(53,'2021-05-12 21:30:02',293,130),(54,'2021-05-13 03:30:02',293,130),(55,'2021-05-13 09:40:02',293,130),(56,'2021-05-13 15:50:02',293,130),(57,'2021-05-13 22:00:02',293,130),(58,'2021-05-14 10:00:02',307,130),(59,'2021-05-14 16:10:02',312,130),(60,'2021-05-14 22:10:02',312,130),(61,'2021-05-15 04:10:02',312,130),(62,'2021-05-15 10:20:02',312,130),(63,'2021-05-15 16:30:02',312,130),(64,'2021-05-15 22:30:03',312,130),(65,'2021-05-16 04:40:02',312,130),(66,'2021-05-16 10:40:02',312,130),(67,'2021-05-16 16:40:03',312,130),(68,'2021-05-16 22:50:02',312,130),(69,'2021-05-17 05:00:02',312,130),(70,'2021-05-17 17:10:02',343,130),(71,'2021-05-17 23:10:02',343,130),(72,'2021-05-18 11:10:02',385,130),(73,'2021-05-18 17:10:03',385,132),(74,'2021-05-18 23:20:02',385,132),(75,'2021-05-19 05:30:02',385,132),(76,'2021-05-19 17:30:03',396,137),(77,'2021-05-19 23:30:04',396,137),(78,'2021-05-20 05:40:02',396,137),(79,'2021-05-20 11:40:03',396,137),(80,'2021-05-20 17:40:08',396,142),(81,'2021-05-20 23:50:02',396,142),(82,'2021-05-21 05:50:09',396,142),(83,'2021-05-21 12:00:03',406,138),(84,'2021-05-21 18:10:02',410,138),(85,'2021-05-22 00:20:01',410,138),(86,'2021-05-22 06:20:02',410,138),(87,'2021-05-22 12:30:02',410,138),(88,'2021-05-22 18:40:02',410,138),(89,'2021-05-23 00:40:02',410,138),(90,'2021-05-23 06:40:02',410,138),(91,'2021-05-23 18:40:02',410,138),(92,'2021-05-24 06:50:02',410,138),(93,'2021-05-24 13:00:02',428,142),(94,'2021-05-24 19:10:02',433,142),(95,'2021-05-25 01:10:02',433,142),(96,'2021-05-25 07:10:03',433,142),(97,'2021-05-25 13:20:02',442,144),(98,'2021-05-25 19:20:02',451,144),(99,'2021-05-26 01:20:02',451,144),(100,'2021-05-26 07:20:02',451,144),(101,'2021-05-26 13:20:02',473,150),(102,'2021-05-26 19:30:02',473,150),(103,'2021-05-27 01:30:03',473,150),(104,'2021-05-27 07:40:02',473,150),(105,'2021-05-27 13:50:02',493,161),(106,'2021-05-27 19:50:02',499,162),(107,'2021-05-28 07:50:03',499,162),(108,'2021-05-28 14:00:03',521,166),(109,'2021-05-28 20:10:02',521,166),(110,'2021-05-29 02:10:09',521,166),(111,'2021-05-29 08:20:02',521,166),(112,'2021-05-29 14:20:02',521,166),(113,'2021-05-29 20:20:02',521,166),(114,'2021-05-30 02:20:20',521,166),(115,'2021-05-30 08:30:02',521,166),(116,'2021-05-30 14:30:02',521,166),(117,'2021-05-31 02:30:03',521,166),(118,'2021-05-31 08:40:02',521,166),(119,'2021-05-31 14:50:02',544,169),(120,'2021-06-02 17:10:06',544,169),(121,'2021-06-02 23:20:02',544,169),(122,'2021-06-03 05:30:02',544,169),(123,'2021-06-03 11:40:02',544,169),(124,'2021-06-03 17:40:02',544,169),(125,'2021-06-03 23:40:02',544,169),(126,'2021-06-04 05:50:02',544,169),(127,'2021-06-04 12:00:06',544,169),(128,'2021-06-04 18:10:02',544,169),(129,'2021-06-05 00:20:02',544,169),(130,'2021-06-05 06:30:02',544,169),(131,'2021-06-05 12:40:02',544,169),(132,'2021-06-05 18:40:02',544,169),(133,'2021-06-06 00:40:02',544,169),(134,'2021-06-06 06:50:02',544,169),(135,'2021-06-06 18:50:02',544,169),(136,'2021-06-07 01:00:03',544,169),(137,'2021-06-07 07:10:02',544,169),(138,'2021-06-07 13:10:03',565,172),(139,'2021-06-07 19:20:02',576,172),(140,'2021-06-08 01:20:02',576,172),(141,'2021-06-08 07:30:02',576,172),(142,'2021-06-08 13:30:03',600,180),(143,'2021-06-08 19:40:02',601,180),(144,'2021-06-09 01:40:02',601,180),(145,'2021-06-09 07:50:03',601,180),(146,'2021-06-09 14:00:04',627,185),(147,'2021-06-09 20:10:03',628,185),(148,'2021-06-10 02:10:03',628,185),(149,'2021-06-10 08:10:03',628,185),(150,'2021-06-10 14:20:02',684,186),(151,'2021-06-11 02:20:03',684,186),(152,'2021-06-11 08:20:03',684,186),(153,'2021-06-11 14:30:03',697,192),(154,'2021-06-11 20:40:02',697,192),(155,'2021-06-12 02:40:02',697,192),(156,'2021-06-12 08:50:03',697,192),(157,'2021-06-12 15:00:03',697,192),(158,'2021-06-12 21:10:03',697,192),(159,'2021-06-13 09:10:03',697,192),(160,'2021-06-13 15:20:04',697,192),(161,'2021-06-13 21:30:06',697,192),(162,'2021-06-14 03:40:04',697,192),(163,'2021-06-14 09:50:04',697,192),(164,'2021-06-14 16:00:03',697,192),(165,'2021-06-14 22:00:05',697,192),(166,'2021-06-15 04:10:03',697,192),(167,'2021-06-15 10:20:03',697,192),(168,'2021-06-15 16:30:02',697,192),(169,'2021-06-15 22:30:02',697,192),(170,'2021-06-16 04:40:09',697,192),(171,'2021-06-16 10:50:03',697,192),(172,'2021-06-16 17:00:03',697,192),(173,'2021-06-16 23:10:05',697,192),(174,'2021-06-17 05:20:02',697,192),(175,'2021-06-17 11:20:03',697,192),(176,'2021-06-17 17:30:03',697,192),(177,'2021-06-17 23:40:02',697,192),(178,'2021-06-18 05:40:02',697,192),(179,'2021-06-18 11:40:03',697,192),(180,'2021-06-18 17:50:02',697,192),(181,'2021-06-18 23:50:03',697,192),(182,'2021-06-19 06:00:06',697,192),(183,'2021-06-19 12:10:04',697,192),(184,'2021-06-19 18:20:03',697,192),(185,'2021-06-20 00:20:03',697,192),(186,'2021-06-20 06:30:03',697,192),(187,'2021-06-20 12:30:03',697,192),(188,'2021-06-20 18:30:08',697,192),(189,'2021-06-21 00:40:03',697,192),(190,'2021-06-21 06:50:03',697,192),(191,'2021-06-21 13:00:04',697,192),(192,'2021-06-21 19:10:02',697,192),(193,'2021-06-22 01:10:03',697,192),(194,'2021-06-22 07:10:03',697,192),(195,'2021-06-22 19:10:03',697,192),(196,'2021-06-23 01:10:03',697,192),(197,'2021-06-23 07:20:02',697,192),(198,'2021-06-23 13:20:05',697,192),(199,'2021-06-23 19:30:02',697,192),(200,'2021-06-24 07:40:02',697,192),(201,'2021-06-24 13:40:02',697,192),(202,'2021-06-24 19:40:02',697,192),(203,'2021-06-25 07:40:03',697,192),(204,'2021-06-28 17:00:06',697,192),(205,'2021-06-28 23:10:02',697,192),(206,'2021-06-29 05:20:02',697,192),(207,'2021-06-29 11:30:02',697,192),(208,'2021-06-29 17:30:02',697,192),(209,'2021-06-29 23:30:02',697,192),(210,'2021-06-30 05:30:02',697,192),(211,'2021-06-30 11:40:02',697,192),(212,'2021-06-30 17:50:02',697,192),(213,'2021-07-01 00:00:08',697,192),(214,'2021-07-01 06:10:02',697,192),(215,'2021-07-01 18:10:02',697,192),(216,'2021-07-02 00:10:05',697,192),(217,'2021-07-02 06:20:02',697,192),(218,'2021-07-02 12:20:02',697,192),(219,'2021-07-02 18:20:02',697,192),(220,'2021-07-03 00:30:03',697,192),(221,'2021-07-03 06:40:02',697,192),(222,'2021-07-03 12:50:02',697,192),(223,'2021-07-03 19:00:03',697,192),(224,'2021-07-04 01:10:02',697,192),(225,'2021-07-04 07:10:02',697,192),(226,'2021-07-04 13:10:02',697,192),(227,'2021-07-04 19:10:02',697,192),(228,'2021-07-05 01:10:05',697,192),(229,'2021-07-05 07:20:02',697,192),(230,'2021-07-05 13:20:02',697,192);
/*!40000 ALTER TABLE `StatisticSnapshot` ENABLE KEYS */;
UNLOCK TABLES;

--
-- Table structure for table `StatisticSnapshotUnit`
--

DROP TABLE IF EXISTS `StatisticSnapshotUnit`;
/*!40101 SET @saved_cs_client     = @@character_set_client */;
/*!40101 SET character_set_client = utf8 */;
CREATE TABLE `StatisticSnapshotUnit` (
  `id` int(11) NOT NULL AUTO_INCREMENT,
  `stockLevel` int(11) NOT NULL,
  `statisticSnapshot_id` int(11) DEFAULT NULL,
  `partUnit_id` int(11) DEFAULT NULL,
  PRIMARY KEY (`id`),
  KEY `IDX_368BD669A16DD05F` (`statisticSnapshot_id`),
  KEY `IDX_368BD669F7A36E87` (`partUnit_id`),
  CONSTRAINT `FK_368BD669A16DD05F` FOREIGN KEY (`statisticSnapshot_id`) REFERENCES `StatisticSnapshot` (`id`),
  CONSTRAINT `FK_368BD669F7A36E87` FOREIGN KEY (`partUnit_id`) REFERENCES `PartUnit` (`id`)
) ENGINE=InnoDB AUTO_INCREMENT=231 DEFAULT CHARSET=utf8 COLLATE=utf8_unicode_ci;
/*!40101 SET character_set_client = @saved_cs_client */;

--
-- Dumping data for table `StatisticSnapshotUnit`
--

LOCK TABLES `StatisticSnapshotUnit` WRITE;
/*!40000 ALTER TABLE `StatisticSnapshotUnit` DISABLE KEYS */;
INSERT INTO `StatisticSnapshotUnit` VALUES (1,0,1,1),(2,0,2,1),(3,10,3,1),(4,148,4,1),(5,213,5,1),(6,213,6,1),(7,685,7,1),(8,685,8,1),(9,685,9,1),(10,1577,10,1),(11,1577,11,1),(12,1577,12,1),(13,1577,13,1),(14,1577,14,1),(15,1577,15,1),(16,1577,16,1),(17,1577,17,1),(18,1577,18,1),(19,2123,19,1),(20,2131,20,1),(21,2131,21,1),(22,2131,22,1),(23,2131,23,1),(24,2131,24,1),(25,2131,25,1),(26,2131,26,1),(27,47272,27,1),(28,47275,28,1),(29,47275,29,1),(30,47275,30,1),(31,47275,31,1),(32,47275,32,1),(33,47275,33,1),(34,64397,34,1),(35,64397,35,1),(36,64397,36,1),(37,64397,37,1),(38,64397,38,1),(39,64397,39,1),(40,64397,40,1),(41,64397,41,1),(42,64397,42,1),(43,64397,43,1),(44,64397,44,1),(45,64401,45,1),(46,64405,46,1),(47,64405,47,1),(48,64405,48,1),(49,64405,49,1),(50,64405,50,1),(51,64405,51,1),(52,64405,52,1),(53,64405,53,1),(54,64405,54,1),(55,64405,55,1),(56,64405,56,1),(57,64405,57,1),(58,64405,58,1),(59,115105,59,1),(60,115105,60,1),(61,115105,61,1),(62,115105,62,1),(63,115105,63,1),(64,115105,64,1),(65,115105,65,1),(66,115105,66,1),(67,115105,67,1),(68,115105,68,1),(69,115105,69,1),(70,116217,70,1),(71,116217,71,1),(72,116217,72,1),(73,116217,73,1),(74,116217,74,1),(75,116217,75,1),(76,116246,76,1),(77,116246,77,1),(78,116246,78,1),(79,116246,79,1),(80,116246,80,1),(81,116246,81,1),(82,116246,82,1),(83,116701,83,1),(84,116741,84,1),(85,116741,85,1),(86,116741,86,1),(87,116741,87,1),(88,116741,88,1),(89,116741,89,1),(90,116741,90,1),(91,116741,91,1),(92,116741,92,1),(93,116836,93,1),(94,116864,94,1),(95,116864,95,1),(96,116864,96,1),(97,116920,97,1),(98,116966,98,1),(99,116966,99,1),(100,116966,100,1),(101,117213,101,1),(102,117213,102,1),(103,117213,103,1),(104,117213,104,1),(105,121635,105,1),(106,121644,106,1),(107,121644,107,1),(108,122210,108,1),(109,122210,109,1),(110,122210,110,1),(111,122210,111,1),(112,122210,112,1),(113,122210,113,1),(114,122210,114,1),(115,122210,115,1),(116,122210,116,1),(117,122210,117,1),(118,122210,118,1),(119,122411,119,1),(120,122411,120,1),(121,122411,121,1),(122,122411,122,1),(123,122411,123,1),(124,122411,124,1),(125,122411,125,1),(126,122411,126,1),(127,122411,127,1),(128,122411,128,1),(129,122411,129,1),(130,122411,130,1),(131,122411,131,1),(132,122411,132,1),(133,122411,133,1),(134,122411,134,1),(135,122411,135,1),(136,122411,136,1),(137,122411,137,1),(138,122722,138,1),(139,122762,139,1),(140,122762,140,1),(141,122762,141,1),(142,122878,142,1),(143,122886,143,1),(144,122886,144,1),(145,122886,145,1),(146,123216,146,1),(147,123219,147,1),(148,123219,148,1),(149,123219,149,1),(150,123220,150,1),(151,123220,151,1),(152,123220,152,1),(153,123647,153,1),(154,123647,154,1),(155,123647,155,1),(156,123647,156,1),(157,123647,157,1),(158,123647,158,1),(159,123647,159,1),(160,123647,160,1),(161,123647,161,1),(162,123647,162,1),(163,123647,163,1),(164,123647,164,1),(165,123647,165,1),(166,123647,166,1),(167,123647,167,1),(168,123647,168,1),(169,123647,169,1),(170,123647,170,1),(171,123647,171,1),(172,123647,172,1),(173,123647,173,1),(174,123647,174,1),(175,123647,175,1),(176,123647,176,1),(177,123647,177,1),(178,123647,178,1),(179,123647,179,1),(180,123647,180,1),(181,123647,181,1),(182,123647,182,1),(183,123647,183,1),(184,123647,184,1),(185,123647,185,1),(186,123647,186,1),(187,123647,187,1),(188,123647,188,1),(189,123647,189,1),(190,123647,190,1),(191,123647,191,1),(192,123647,192,1),(193,123647,193,1),(194,123647,194,1),(195,123647,195,1),(196,123647,196,1),(197,123647,197,1),(198,123647,198,1),(199,123647,199,1),(200,123647,200,1),(201,123647,201,1),(202,123647,202,1),(203,123647,203,1),(204,123647,204,1),(205,123647,205,1),(206,123647,206,1),(207,123647,207,1),(208,123647,208,1),(209,123647,209,1),(210,123647,210,1),(211,123647,211,1),(212,123647,212,1),(213,123647,213,1),(214,123647,214,1),(215,123647,215,1),(216,123647,216,1),(217,123647,217,1),(218,123647,218,1),(219,123647,219,1),(220,123647,220,1),(221,123647,221,1),(222,123647,222,1),(223,123647,223,1),(224,123647,224,1),(225,123647,225,1),(226,123647,226,1),(227,123647,227,1),(228,123647,228,1),(229,123647,229,1),(230,123647,230,1);
/*!40000 ALTER TABLE `StatisticSnapshotUnit` ENABLE KEYS */;
UNLOCK TABLES;

--
-- Table structure for table `StockEntry`
--

DROP TABLE IF EXISTS `StockEntry`;
/*!40101 SET @saved_cs_client     = @@character_set_client */;
/*!40101 SET character_set_client = utf8 */;
CREATE TABLE `StockEntry` (
  `id` int(11) NOT NULL AUTO_INCREMENT,
  `part_id` int(11) DEFAULT NULL,
  `user_id` int(11) DEFAULT NULL,
  `stockLevel` int(11) NOT NULL,
  `price` decimal(13,4) DEFAULT NULL,
  `dateTime` datetime NOT NULL,
  `correction` tinyint(1) NOT NULL,
  `comment` varchar(255) COLLATE utf8_unicode_ci DEFAULT NULL,
  PRIMARY KEY (`id`),
  KEY `IDX_E182997B4CE34BEC` (`part_id`),
  KEY `IDX_E182997BA76ED395` (`user_id`),
  CONSTRAINT `FK_E182997B4CE34BEC` FOREIGN KEY (`part_id`) REFERENCES `Part` (`id`),
  CONSTRAINT `FK_E182997BA76ED395` FOREIGN KEY (`user_id`) REFERENCES `PartKeeprUser` (`id`)
) ENGINE=InnoDB AUTO_INCREMENT=573 DEFAULT CHARSET=utf8 COLLATE=utf8_unicode_ci;
/*!40101 SET character_set_client = @saved_cs_client */;

--
-- Dumping data for table `StockEntry`
--

LOCK TABLES `StockEntry` WRITE;
/*!40000 ALTER TABLE `StockEntry` DISABLE KEYS */;
INSERT INTO `StockEntry` VALUES (2,2,2,15,0.0000,'2021-04-28 11:27:39',0,''),(3,4,2,5,0.0000,'2021-04-28 12:22:34',0,''),(4,5,2,10,0.0000,'2021-04-28 12:40:25',0,''),(5,6,2,5,0.0000,'2021-04-28 12:43:54',0,''),(6,7,2,21,0.0000,'2021-04-28 12:54:17',0,''),(7,9,2,10,0.0000,'2021-04-28 13:05:17',0,''),(8,8,2,5,0.0000,'2021-04-28 13:05:29',0,''),(9,10,2,5,0.0000,'2021-04-28 13:08:58',0,''),(10,11,2,24,0.0000,'2021-04-28 13:16:59',0,''),(11,12,2,5,0.0000,'2021-04-28 13:19:20',0,''),(12,13,2,10,0.0000,'2021-04-28 13:25:14',0,''),(13,14,2,5,0.0000,'2021-04-28 13:28:24',0,''),(14,15,2,23,0.0000,'2021-04-28 13:36:11',0,''),(15,16,2,5,0.0000,'2021-04-28 13:38:49',0,''),(16,17,2,10,0.0000,'2021-04-28 13:42:16',0,''),(17,18,2,5,0.0000,'2021-04-28 13:44:43',0,''),(18,19,2,23,0.0000,'2021-04-28 13:51:47',0,''),(19,20,2,3,0.0000,'2021-04-28 14:00:25',0,''),(20,21,2,19,0.0000,'2021-04-28 14:07:48',0,''),(21,22,2,5,0.0000,'2021-04-28 14:14:16',0,''),(22,23,2,25,0.0000,'2021-04-29 12:48:51',0,''),(23,24,2,4,0.0000,'2021-04-29 12:50:17',0,''),(24,25,2,10,0.0000,'2021-04-29 12:51:28',0,''),(25,26,2,4,0.0000,'2021-04-29 12:52:26',0,''),(26,27,2,38,0.0000,'2021-04-29 12:56:58',0,''),(27,28,2,10,0.0000,'2021-04-29 12:58:24',0,''),(28,29,2,23,0.0000,'2021-04-29 12:59:45',0,''),(29,30,2,10,0.0000,'2021-04-29 13:00:56',0,''),(30,31,2,37,0.0000,'2021-04-29 13:03:45',0,''),(31,31,2,36,0.0000,'2021-04-29 13:04:27',0,''),(32,31,2,-36,NULL,'2021-04-29 13:05:19',0,''),(33,31,2,-1,NULL,'2021-04-29 13:05:28',0,''),(34,32,2,11,0.0000,'2021-04-29 13:07:45',0,''),(35,33,2,23,0.0000,'2021-04-29 13:10:12',0,''),(36,34,2,6,0.0000,'2021-04-29 13:11:33',0,''),(37,35,2,35,0.0000,'2021-04-29 13:15:42',0,''),(38,36,2,10,0.0000,'2021-04-29 13:17:37',0,''),(39,37,2,24,0.0000,'2021-04-29 13:19:33',0,''),(40,38,2,8,0.0000,'2021-04-29 13:21:07',0,''),(41,39,2,40,0.0000,'2021-04-29 13:26:45',0,''),(42,40,2,10,0.0000,'2021-04-29 13:27:36',0,''),(43,41,2,24,0.0000,'2021-04-29 13:28:56',0,''),(44,42,2,10,0.0000,'2021-04-29 13:29:57',0,''),(45,43,2,10,0.0000,'2021-04-29 13:31:02',0,''),(46,44,2,23,0.0000,'2021-04-29 13:36:43',0,''),(47,45,2,7,0.0000,'2021-04-29 13:38:16',0,''),(48,46,2,34,0.0000,'2021-04-29 13:40:05',0,''),(49,47,2,10,0.0000,'2021-04-29 13:41:01',0,''),(50,48,2,22,0.0000,'2021-04-29 13:42:17',0,''),(51,49,2,5,0.0000,'2021-04-29 13:43:11',0,''),(52,51,2,12,0.0000,'2021-04-30 09:42:11',0,''),(53,52,2,9,0.0000,'2021-04-30 09:42:30',0,''),(54,53,2,21,0.0000,'2021-04-30 09:43:22',0,''),(55,54,2,10,0.0000,'2021-04-30 09:43:58',0,''),(56,55,2,39,0.0000,'2021-04-30 09:46:02',0,''),(57,56,2,10,0.0000,'2021-04-30 09:46:21',0,''),(58,57,2,24,0.0000,'2021-04-30 09:47:49',0,''),(59,58,2,10,0.0000,'2021-04-30 09:48:23',0,''),(60,59,2,34,0.0000,'2021-04-30 09:50:22',0,''),(61,60,2,10,0.0000,'2021-04-30 09:50:49',0,''),(62,61,2,25,0.0000,'2021-04-30 09:52:08',0,''),(63,62,2,10,0.0000,'2021-04-30 09:52:35',0,''),(64,63,2,30,0.0000,'2021-04-30 09:54:48',0,''),(65,64,2,10,0.0000,'2021-04-30 09:54:59',0,''),(66,65,2,25,0.0000,'2021-04-30 09:55:49',0,''),(67,66,2,10,0.0000,'2021-04-30 09:57:10',0,''),(68,67,2,27,0.0000,'2021-04-30 09:58:40',0,''),(69,69,2,10,0.0000,'2021-04-30 09:59:16',0,''),(70,68,2,23,0.0000,'2021-04-30 10:00:09',0,''),(71,70,2,8,0.0000,'2021-04-30 10:01:00',0,''),(72,71,2,41,0.0000,'2021-04-30 10:03:17',0,''),(73,72,2,8,0.0000,'2021-04-30 10:03:34',0,''),(74,73,2,26,0.0000,'2021-04-30 10:05:18',0,''),(75,74,2,9,0.0000,'2021-04-30 10:05:46',0,''),(76,75,2,10,0.0000,'2021-04-30 12:58:00',0,''),(77,76,2,10,0.0000,'2021-04-30 12:59:33',0,''),(78,77,2,25,0.0000,'2021-04-30 13:00:25',0,''),(79,78,2,10,0.0000,'2021-04-30 13:00:40',0,''),(80,79,2,40,0.0000,'2021-04-30 13:02:25',0,''),(81,80,2,10,0.0000,'2021-04-30 13:02:55',0,''),(82,81,2,25,0.0000,'2021-04-30 13:04:48',0,''),(83,82,2,10,0.0000,'2021-04-30 13:05:11',0,''),(84,83,2,30,0.0000,'2021-04-30 13:06:27',0,''),(85,85,2,8,0.0000,'2021-04-30 13:06:54',0,''),(86,84,2,28,0.0000,'2021-04-30 13:07:45',0,''),(87,93,2,9,0.0000,'2021-04-30 13:09:28',0,''),(88,94,2,25,0.0000,'2021-04-30 13:32:00',0,''),(89,99,2,5,0.0000,'2021-04-30 13:35:32',0,''),(90,95,2,10,0.0000,'2021-04-30 13:36:02',0,''),(91,96,2,5,0.0000,'2021-04-30 13:36:27',0,''),(92,97,2,23,0.0000,'2021-04-30 13:37:23',0,''),(93,86,2,2,0.0000,'2021-04-30 13:37:41',0,''),(94,87,2,20,0.0000,'2021-04-30 13:38:25',0,''),(95,88,2,5,0.0000,'2021-04-30 13:38:54',0,''),(96,89,2,24,0.0000,'2021-04-30 13:39:37',0,''),(97,91,2,4,0.0000,'2021-04-30 13:39:55',0,''),(98,90,2,10,0.0000,'2021-04-30 13:40:12',0,''),(99,92,2,4,0.0000,'2021-04-30 13:40:39',0,''),(100,92,2,-4,NULL,'2021-04-30 13:42:09',0,''),(101,92,2,10,0.0000,'2021-04-30 13:42:24',0,''),(102,90,2,15,0.0000,'2021-04-30 13:43:09',0,''),(103,91,2,5,0.0000,'2021-04-30 13:43:37',0,''),(104,89,2,16,0.0000,'2021-04-30 13:44:35',0,''),(105,88,2,2,0.0000,'2021-04-30 13:44:59',0,''),(106,86,2,8,0.0000,'2021-04-30 13:46:28',0,''),(107,97,2,17,0.0000,'2021-04-30 13:47:49',0,''),(108,95,2,15,0.0000,'2021-04-30 13:48:49',0,''),(109,99,2,4,0.0000,'2021-04-30 13:49:08',0,''),(110,94,2,10,0.0000,'2021-04-30 13:54:06',0,''),(111,93,2,1,0.0000,'2021-04-30 13:55:21',0,''),(112,102,2,39,0.0000,'2021-05-03 09:22:52',0,''),(113,98,2,10,0.0000,'2021-05-03 09:23:08',0,''),(114,104,2,24,0.0000,'2021-05-03 09:24:00',0,''),(115,105,2,10,0.0000,'2021-05-03 09:24:19',0,''),(116,106,2,39,0.0000,'2021-05-03 09:25:17',0,''),(117,31,2,3,0.0000,'2021-05-03 09:25:39',0,''),(118,107,2,10,0.0000,'2021-05-03 09:25:57',0,''),(119,108,2,25,0.0000,'2021-05-03 09:27:06',0,''),(120,109,2,10,0.0000,'2021-05-03 09:27:39',0,''),(121,110,2,37,0.0000,'2021-05-03 09:29:15',0,''),(122,111,2,10,0.0000,'2021-05-03 09:29:49',0,''),(123,112,2,24,0.0000,'2021-05-03 09:30:51',0,''),(124,113,2,10,0.0000,'2021-05-03 09:31:17',0,''),(125,114,2,38,0.0000,'2021-05-03 09:32:45',0,''),(126,115,2,10,0.0000,'2021-05-03 09:33:06',0,''),(127,116,2,25,0.0000,'2021-05-03 09:33:50',0,''),(128,117,2,10,0.0000,'2021-05-03 09:34:20',0,''),(129,118,2,37,0.0000,'2021-05-03 09:36:36',0,''),(130,119,2,10,0.0000,'2021-05-03 09:36:57',0,''),(131,120,2,25,0.0000,'2021-05-03 09:38:46',0,''),(132,121,2,10,0.0000,'2021-05-03 09:39:08',0,''),(133,122,2,40,0.0000,'2021-05-03 09:41:05',0,''),(134,123,2,10,0.0000,'2021-05-03 09:41:28',0,''),(135,124,2,27,0.0000,'2021-05-03 09:43:05',0,''),(136,125,2,36,0.0000,'2021-05-03 09:45:12',0,''),(137,126,2,9,0.0000,'2021-05-03 12:34:49',0,''),(138,127,2,5,0.0000,'2021-05-03 12:43:51',0,''),(139,128,2,3,0.0000,'2021-05-03 12:52:00',0,''),(140,129,2,1,0.0000,'2021-05-03 13:00:18',0,''),(141,130,2,1,0.0000,'2021-05-03 13:02:35',0,''),(142,131,2,3,0.0000,'2021-05-03 13:08:50',0,''),(143,132,2,2,0.0000,'2021-05-03 13:10:56',0,''),(144,133,2,1,0.0000,'2021-05-03 13:16:33',0,''),(145,135,2,1410,0.0000,'2021-05-05 09:07:53',0,''),(146,136,2,1530,0.0000,'2021-05-05 09:09:39',0,''),(147,137,2,990,0.0000,'2021-05-05 09:11:14',0,''),(148,138,2,1590,0.0000,'2021-05-05 09:12:31',0,''),(149,139,2,1590,0.0000,'2021-05-05 09:13:51',0,''),(150,140,2,1530,0.0000,'2021-05-05 09:15:07',0,''),(151,141,2,1470,0.0000,'2021-05-05 09:16:17',0,''),(152,143,2,1530,0.0000,'2021-05-05 09:23:00',0,''),(153,142,2,870,0.0000,'2021-05-05 09:23:18',0,''),(154,144,2,1590,0.0000,'2021-05-05 09:24:34',0,''),(155,145,2,1260,0.0000,'2021-05-05 09:29:27',0,''),(156,146,2,1440,0.0000,'2021-05-05 09:31:22',0,''),(157,147,2,1200,0.0000,'2021-05-05 09:32:42',0,''),(158,148,2,1500,0.0000,'2021-05-05 09:33:54',0,''),(159,149,2,1260,0.0000,'2021-05-05 09:37:09',0,''),(160,150,2,690,0.0000,'2021-05-05 09:38:11',0,''),(161,151,2,1260,0.0000,'2021-05-05 09:39:23',0,''),(162,152,2,1470,0.0000,'2021-05-05 09:45:19',0,''),(163,153,2,1530,0.0000,'2021-05-05 09:46:39',0,''),(164,154,2,660,0.0000,'2021-05-05 09:47:43',0,''),(165,155,2,1620,0.0000,'2021-05-05 09:48:51',0,''),(166,156,2,1560,0.0000,'2021-05-05 09:50:17',0,''),(167,157,2,780,0.0000,'2021-05-05 09:52:17',0,''),(168,158,2,1350,0.0000,'2021-05-05 09:54:01',0,''),(169,159,2,1350,0.0000,'2021-05-05 09:55:56',0,''),(170,160,2,630,0.0000,'2021-05-05 09:56:53',0,''),(171,161,2,1170,0.0000,'2021-05-05 09:57:59',0,''),(172,162,2,1410,0.0000,'2021-05-05 09:59:52',0,''),(173,163,2,1410,0.0000,'2021-05-05 10:01:22',0,''),(174,164,2,1620,0.0000,'2021-05-05 10:02:44',0,''),(175,165,2,1410,0.0000,'2021-05-05 10:07:24',0,''),(176,166,2,1350,0.0000,'2021-05-05 10:08:38',0,''),(177,167,2,1440,0.0000,'2021-05-05 10:10:52',0,''),(178,168,2,1170,0.0000,'2021-05-05 10:15:31',0,''),(179,169,2,270,0.0000,'2021-05-05 10:17:05',0,''),(180,171,2,20,0.0000,'2021-05-05 10:54:16',0,''),(181,170,2,20,0.0000,'2021-05-05 10:54:22',0,''),(182,134,2,20,0.0000,'2021-05-05 10:54:28',0,''),(183,172,2,20,0.0000,'2021-05-05 10:57:59',0,''),(184,173,2,20,0.0000,'2021-05-05 11:02:05',0,''),(185,174,2,20,0.0000,'2021-05-05 11:04:20',0,''),(186,175,2,20,0.0000,'2021-05-05 11:08:24',0,''),(187,176,2,20,0.0000,'2021-05-05 11:10:51',0,''),(188,177,2,20,0.0000,'2021-05-05 11:14:07',0,''),(189,178,2,20,0.0000,'2021-05-05 11:18:43',0,''),(190,180,2,1,517.0000,'2021-05-05 12:52:31',0,''),(191,180,2,-1,NULL,'2021-05-05 12:52:50',0,''),(192,180,2,1,5.1700,'2021-05-05 12:53:22',0,''),(193,179,2,1,0.0000,'2021-05-05 13:15:10',0,''),(194,181,2,1,23.1900,'2021-05-05 13:15:32',0,''),(195,182,2,1,23.1900,'2021-05-05 13:22:38',0,''),(196,183,2,27,0.0000,'2021-05-05 13:45:36',0,''),(197,185,2,1,0.0000,'2021-05-05 14:14:28',0,''),(198,184,2,2,0.0000,'2021-05-05 14:14:38',0,''),(199,190,2,180,0.0000,'2021-05-07 09:01:26',0,''),(200,188,2,4,0.0000,'2021-05-07 09:01:58',0,''),(201,189,2,42,0.0000,'2021-05-07 09:03:57',0,''),(202,192,2,5000,0.0000,'2021-05-07 09:42:46',0,''),(203,193,2,4000,0.2300,'2021-05-07 09:57:58',0,''),(204,194,2,5000,0.0000,'2021-05-07 10:10:51',0,''),(205,196,2,2010,0.0000,'2021-05-07 10:49:24',0,''),(206,197,2,40,0.0000,'2021-05-07 11:50:35',0,''),(207,198,2,20,0.0000,'2021-05-07 11:51:59',0,''),(208,199,2,47,0.0000,'2021-05-07 11:52:32',0,''),(209,200,2,35,0.0000,'2021-05-07 11:53:06',0,''),(210,201,2,42,0.0000,'2021-05-07 11:53:47',0,''),(211,202,2,37,0.0000,'2021-05-07 11:54:22',0,''),(212,203,2,29,0.0000,'2021-05-07 11:57:39',0,''),(213,204,2,38,0.0000,'2021-05-07 11:58:15',0,''),(214,205,2,42,0.0000,'2021-05-07 11:58:50',0,''),(215,206,2,23,0.0000,'2021-05-07 11:59:16',0,''),(216,207,2,23,0.0000,'2021-05-07 11:59:35',0,''),(217,208,2,19,0.0000,'2021-05-07 12:00:00',0,''),(218,209,2,22,0.0000,'2021-05-07 12:00:17',0,''),(219,210,2,45,0.0000,'2021-05-07 12:00:45',0,''),(220,211,2,47,0.0000,'2021-05-07 12:00:59',0,''),(221,212,2,33,0.0000,'2021-05-07 12:01:25',0,''),(222,213,2,29,0.0000,'2021-05-07 12:01:53',0,''),(223,214,2,17,0.0000,'2021-05-07 12:02:10',0,''),(224,215,2,28,0.0000,'2021-05-07 12:02:37',0,''),(225,216,2,19,0.0000,'2021-05-07 12:03:05',0,''),(226,217,2,10,0.0000,'2021-05-07 12:03:31',0,''),(227,218,2,20,0.0000,'2021-05-07 12:03:48',0,''),(228,219,2,22,0.0000,'2021-05-07 12:04:08',0,''),(229,220,2,21,0.0000,'2021-05-07 12:09:31',0,''),(230,221,2,24,0.0000,'2021-05-07 12:09:46',0,''),(231,222,2,31,0.0000,'2021-05-07 12:10:08',0,''),(232,226,2,41,0.0000,'2021-05-07 12:11:31',0,''),(233,223,2,23,0.0000,'2021-05-07 12:13:10',0,''),(234,224,2,34,0.0000,'2021-05-07 12:13:30',0,''),(235,225,2,25,0.0000,'2021-05-07 12:13:47',0,''),(236,188,2,4,0.0000,'2021-05-10 08:35:41',0,''),(237,230,2,4,0.6100,'2021-05-10 10:35:56',0,''),(238,261,2,540,0.0000,'2021-05-14 10:20:07',0,''),(239,255,2,1830,0.0000,'2021-05-14 10:20:27',0,''),(240,264,2,1500,0.0000,'2021-05-14 10:21:06',0,''),(241,267,2,1770,0.0000,'2021-05-14 10:21:32',0,''),(242,257,2,1800,0.0000,'2021-05-14 10:22:12',0,''),(243,254,2,2040,0.0000,'2021-05-14 10:22:44',0,''),(244,259,2,1980,0.0000,'2021-05-14 10:23:05',0,''),(245,265,2,2010,0.0000,'2021-05-14 10:23:23',0,''),(246,266,2,2070,0.0000,'2021-05-14 10:23:38',0,''),(247,262,2,1800,0.0000,'2021-05-14 10:23:52',0,''),(248,263,2,1710,0.0000,'2021-05-14 10:24:55',0,''),(249,253,2,2010,0.0000,'2021-05-14 10:25:24',0,''),(250,268,2,1470,0.0000,'2021-05-14 10:25:33',0,''),(251,260,2,1920,0.0000,'2021-05-14 10:30:29',0,''),(252,258,2,1920,0.0000,'2021-05-14 10:31:00',0,''),(253,251,2,1500,0.0000,'2021-05-14 10:31:28',0,''),(254,252,2,1680,0.0000,'2021-05-14 10:31:54',0,''),(255,227,2,100,0.0000,'2021-05-14 10:53:09',0,''),(256,247,2,150,0.0000,'2021-05-14 10:53:34',0,''),(257,281,2,300,0.0000,'2021-05-14 11:00:26',0,''),(258,319,2,300,0.0000,'2021-05-14 11:00:43',0,''),(259,282,2,300,0.0000,'2021-05-14 11:01:16',0,''),(260,285,2,300,0.0000,'2021-05-14 11:06:28',0,''),(261,274,2,300,0.0000,'2021-05-14 11:07:07',0,''),(262,273,2,300,0.0000,'2021-05-14 11:07:31',0,''),(263,270,2,300,0.0000,'2021-05-14 11:07:55',0,''),(264,243,2,300,0.0000,'2021-05-14 11:08:17',0,''),(265,242,2,300,0.0000,'2021-05-14 11:09:04',0,''),(266,320,2,300,0.0000,'2021-05-14 11:09:25',0,''),(267,240,2,300,0.0000,'2021-05-14 11:09:56',0,''),(268,303,2,300,0.0000,'2021-05-14 11:10:29',0,''),(269,248,2,300,0.0000,'2021-05-14 11:11:50',0,''),(270,271,2,300,0.0000,'2021-05-14 11:12:42',0,''),(271,272,2,300,0.0000,'2021-05-14 11:13:35',0,''),(272,302,2,300,0.0000,'2021-05-14 11:15:43',0,''),(273,300,2,300,0.0000,'2021-05-14 11:17:16',0,''),(274,304,2,300,0.0000,'2021-05-14 11:17:42',0,''),(275,298,2,300,0.0000,'2021-05-14 11:19:08',0,''),(276,297,2,300,0.0000,'2021-05-14 11:22:15',0,''),(277,296,2,300,0.0000,'2021-05-14 11:23:26',0,''),(278,280,2,300,0.0000,'2021-05-14 11:24:17',0,''),(279,283,2,300,0.0000,'2021-05-14 11:31:28',0,''),(280,278,2,300,0.0000,'2021-05-14 11:32:22',0,''),(281,316,2,300,0.0000,'2021-05-14 11:33:23',0,''),(282,291,2,300,0.0000,'2021-05-14 11:34:10',0,''),(283,232,2,300,0.0000,'2021-05-14 11:37:29',0,''),(284,294,2,300,0.0000,'2021-05-14 11:38:04',0,''),(285,246,2,300,0.0000,'2021-05-14 11:38:38',0,''),(286,291,2,300,0.0000,'2021-05-14 11:39:20',0,''),(287,317,2,300,0.0000,'2021-05-14 11:39:43',0,''),(288,227,2,300,0.0000,'2021-05-14 11:41:04',0,''),(289,244,2,300,0.0000,'2021-05-14 11:41:33',0,''),(290,245,2,300,0.0000,'2021-05-14 11:42:21',0,''),(291,292,2,300,0.0000,'2021-05-14 11:42:48',0,''),(292,309,2,300,0.0000,'2021-05-14 11:43:23',0,''),(293,305,2,300,0.0000,'2021-05-14 11:44:42',0,''),(294,307,2,300,0.0000,'2021-05-14 11:45:40',0,''),(295,314,2,300,0.0000,'2021-05-14 11:46:31',0,''),(296,315,2,300,0.0000,'2021-05-14 11:48:03',0,''),(297,312,2,300,0.0000,'2021-05-14 11:49:43',0,''),(298,276,2,300,0.0000,'2021-05-14 11:50:54',0,''),(299,313,2,300,0.0000,'2021-05-14 11:52:53',0,''),(300,277,2,300,0.0000,'2021-05-14 11:55:19',0,''),(301,238,2,300,0.0000,'2021-05-14 11:57:29',0,''),(302,237,2,300,0.0000,'2021-05-14 11:57:58',0,''),(303,236,2,300,0.0000,'2021-05-14 11:58:47',0,''),(304,250,2,300,0.0000,'2021-05-14 12:00:28',0,''),(305,249,2,300,0.0000,'2021-05-14 12:00:50',0,''),(306,288,2,300,0.0000,'2021-05-14 12:01:24',0,''),(307,233,2,300,0.0000,'2021-05-14 12:03:45',0,''),(308,234,2,300,0.0000,'2021-05-14 12:04:28',0,''),(309,311,2,300,0.0000,'2021-05-14 12:05:02',0,''),(310,306,2,300,0.0000,'2021-05-14 12:05:36',0,''),(311,295,2,300,0.0000,'2021-05-14 12:06:02',0,''),(312,256,2,300,0.0000,'2021-05-14 12:06:32',0,''),(313,279,2,300,0.0000,'2021-05-14 12:09:14',0,''),(314,284,2,100,0.0000,'2021-05-14 12:10:43',0,''),(315,284,2,200,0.0000,'2021-05-14 12:14:14',0,''),(316,286,2,300,0.0000,'2021-05-14 12:16:41',0,''),(317,287,2,300,0.0000,'2021-05-14 12:17:33',0,''),(318,289,2,300,0.0000,'2021-05-14 12:18:32',0,''),(319,235,2,300,0.0000,'2021-05-14 12:19:06',0,''),(320,308,2,300,0.0000,'2021-05-14 12:20:06',0,''),(321,241,2,300,0.0000,'2021-05-14 13:29:34',0,''),(322,293,2,300,0.0000,'2021-05-14 13:32:24',0,''),(323,290,2,300,0.0000,'2021-05-14 13:33:07',0,''),(324,318,2,300,0.0000,'2021-05-14 13:33:23',0,''),(325,269,2,300,0.0000,'2021-05-14 13:46:39',0,''),(326,301,2,300,0.0000,'2021-05-14 13:47:18',0,''),(327,227,2,-100,NULL,'2021-05-14 13:47:36',0,''),(328,291,2,-300,NULL,'2021-05-14 13:47:50',0,''),(329,299,2,300,0.0000,'2021-05-14 13:48:03',0,''),(330,310,2,300,0.0000,'2021-05-14 13:48:12',0,''),(331,321,2,110,134.1900,'2021-05-17 09:00:20',0,''),(332,322,2,1000,0.0400,'2021-05-17 10:27:20',0,''),(333,189,2,2,0.0000,'2021-05-17 13:17:08',0,''),(334,395,2,23,0.9900,'2021-05-19 09:45:51',0,''),(335,394,2,3,3.6000,'2021-05-19 09:50:23',0,''),(336,402,2,1,0.0000,'2021-05-19 13:14:54',0,''),(337,403,2,1,0.0000,'2021-05-19 13:22:53',0,''),(338,404,2,1,0.0000,'2021-05-19 13:31:57',0,''),(339,405,2,200,10.9900,'2021-05-21 09:27:10',0,''),(340,407,2,27,0.1600,'2021-05-21 09:59:27',0,''),(341,408,2,5,0.0000,'2021-05-21 10:16:56',0,''),(342,409,2,25,0.0000,'2021-05-21 11:05:15',0,''),(343,409,2,15,0.0000,'2021-05-21 11:06:01',0,''),(344,410,2,50,0.0000,'2021-05-21 11:11:17',0,''),(345,411,2,18,0.0000,'2021-05-21 11:16:03',0,''),(346,412,2,45,0.0000,'2021-05-21 11:21:16',0,''),(347,413,2,10,0.0000,'2021-05-21 11:25:48',0,''),(348,414,2,60,0.0000,'2021-05-21 11:32:29',0,''),(349,417,2,20,0.0000,'2021-05-21 12:19:43',0,''),(350,415,2,10,0.0000,'2021-05-21 12:19:54',0,''),(351,416,2,10,0.0000,'2021-05-21 12:20:05',0,''),(352,419,2,20,1.0600,'2021-05-24 09:37:03',0,''),(353,420,2,4,1.0100,'2021-05-24 10:00:18',0,''),(354,421,2,11,0.5500,'2021-05-24 10:06:14',0,''),(355,420,2,5,0.0000,'2021-05-24 10:07:46',0,''),(356,422,2,3,0.0000,'2021-05-24 10:15:34',0,''),(357,423,2,5,6.9900,'2021-05-24 10:24:44',0,''),(358,424,2,4,0.5700,'2021-05-24 10:28:34',0,''),(359,424,2,-3,NULL,'2021-05-24 10:28:59',0,''),(360,425,2,3,0.9900,'2021-05-24 10:31:45',0,''),(361,426,2,1,0.0000,'2021-05-24 10:39:51',0,''),(362,427,2,1,0.4700,'2021-05-24 10:45:42',0,''),(363,428,2,2,0.0000,'2021-05-24 10:47:34',0,''),(364,429,2,1,0.6300,'2021-05-24 10:57:48',0,''),(365,422,2,1,0.0000,'2021-05-24 11:36:35',0,''),(366,430,2,3,1.4200,'2021-05-24 11:46:33',0,''),(367,431,2,6,24.6100,'2021-05-24 11:50:50',0,''),(368,432,2,2,0.0000,'2021-05-24 12:06:30',0,''),(369,433,2,11,0.0000,'2021-05-24 12:11:48',0,''),(370,434,2,1,0.0000,'2021-05-24 12:24:40',0,''),(371,434,2,1,9.9200,'2021-05-24 12:25:15',0,''),(372,434,2,-1,NULL,'2021-05-24 12:25:28',0,''),(373,434,2,1,0.0000,'2021-05-24 12:25:45',0,''),(374,435,2,6,6.3800,'2021-05-24 12:33:04',0,''),(375,436,2,6,1.5100,'2021-05-24 12:54:42',0,''),(376,433,2,1,0.0000,'2021-05-24 12:55:04',0,''),(377,437,2,10,0.0000,'2021-05-24 13:33:49',0,''),(378,438,2,1,0.4900,'2021-05-24 13:38:02',0,''),(379,439,2,1,0.5000,'2021-05-24 13:40:11',0,''),(380,440,2,13,0.0000,'2021-05-24 13:47:40',0,''),(381,441,2,3,0.0000,'2021-05-24 13:52:06',0,''),(382,442,2,6,1.4500,'2021-05-25 09:23:26',0,''),(383,443,2,15,0.1200,'2021-05-25 09:38:04',0,''),(384,444,2,9,2.9200,'2021-05-25 10:00:59',0,''),(385,443,2,1,0.0000,'2021-05-25 10:01:15',0,''),(386,445,2,11,1.5200,'2021-05-25 10:43:44',0,''),(387,446,2,2,0.4500,'2021-05-25 10:48:22',0,''),(388,447,2,12,0.3900,'2021-05-25 10:51:05',0,''),(389,454,2,13,0.3800,'2021-05-25 13:47:12',0,''),(390,455,2,7,0.7400,'2021-05-25 13:51:28',0,''),(391,456,2,15,0.2300,'2021-05-25 13:57:21',0,''),(392,457,2,4,0.7900,'2021-05-25 14:03:13',0,''),(393,458,2,2,1.5000,'2021-05-25 14:06:34',0,''),(394,459,2,5,2.2500,'2021-05-25 14:11:15',0,''),(395,460,2,6,1.6300,'2021-05-26 08:53:29',0,''),(396,460,2,2,0.0000,'2021-05-26 08:53:59',0,''),(397,461,2,1,0.0000,'2021-05-26 08:58:31',0,''),(398,462,2,4,0.0000,'2021-05-26 09:08:39',0,''),(399,463,2,1,3.7000,'2021-05-26 09:15:48',0,''),(400,464,2,2,0.2000,'2021-05-26 09:18:41',0,''),(401,465,2,4,5.1500,'2021-05-26 09:41:54',0,''),(402,466,2,3,7.9500,'2021-05-26 09:57:43',0,''),(403,467,2,4,1.2900,'2021-05-26 10:04:45',0,''),(404,468,2,8,10.8500,'2021-05-26 10:08:11',0,''),(405,469,2,2,4.8200,'2021-05-26 10:15:13',0,''),(406,470,2,2,0.0000,'2021-05-26 10:19:40',0,''),(407,471,2,1,4.1000,'2021-05-26 10:27:27',0,''),(408,472,2,5,0.0000,'2021-05-26 10:48:43',0,''),(409,473,2,1,0.0000,'2021-05-26 10:49:30',0,''),(410,474,2,9,1.4300,'2021-05-26 11:05:03',0,''),(411,475,2,9,6.9500,'2021-05-26 11:15:38',0,''),(412,476,2,41,0.0000,'2021-05-26 11:23:24',0,''),(413,477,2,6,0.1800,'2021-05-26 11:23:56',0,''),(414,478,2,6,0.1800,'2021-05-26 11:28:33',0,''),(415,479,2,34,0.0000,'2021-05-26 11:35:21',0,''),(416,476,2,-41,NULL,'2021-05-26 11:35:38',0,''),(417,476,2,79,0.0000,'2021-05-26 11:35:46',0,''),(418,481,2,17,0.0000,'2021-05-26 11:40:38',0,''),(419,480,2,41,0.0000,'2021-05-26 11:40:42',0,''),(420,476,2,1,0.0000,'2021-05-27 08:53:12',0,''),(421,476,2,1,0.0000,'2021-05-27 08:53:17',0,''),(422,476,2,-1,NULL,'2021-05-27 10:20:39',0,''),(423,483,2,3,0.0000,'2021-05-27 10:23:39',0,''),(424,484,2,1,0.0000,'2021-05-27 10:28:06',0,''),(425,485,2,1,0.0000,'2021-05-27 10:42:43',0,''),(426,488,2,1,0.0000,'2021-05-27 10:48:15',0,''),(427,491,2,100,0.0000,'2021-05-27 11:16:17',0,''),(428,489,2,2000,0.0000,'2021-05-27 11:16:32',0,''),(429,486,2,150,0.0000,'2021-05-27 11:18:20',0,''),(430,492,2,2000,0.0000,'2021-05-27 11:19:41',0,''),(431,490,2,100,0.0000,'2021-05-27 11:20:30',0,''),(432,493,2,12,18.8600,'2021-05-27 11:50:22',0,''),(433,493,2,3,0.0000,'2021-05-27 11:50:40',0,''),(434,494,2,4,4.2100,'2021-05-27 12:18:53',0,''),(435,474,2,11,0.0000,'2021-05-27 12:21:51',0,''),(436,495,2,5,3.9900,'2021-05-27 12:35:52',0,''),(437,497,2,17,1.1900,'2021-05-27 12:53:12',0,''),(438,498,2,1,15.0000,'2021-05-27 13:11:04',0,''),(439,498,2,1,0.0000,'2021-05-27 13:13:17',0,''),(440,499,2,5,7.4300,'2021-05-27 13:18:42',0,''),(441,499,2,-1,NULL,'2021-05-27 13:19:05',0,''),(442,500,2,1,2.0300,'2021-05-27 13:28:05',0,''),(443,501,2,1,7.6000,'2021-05-27 13:32:53',0,''),(444,502,2,2,3.4100,'2021-05-27 13:39:38',0,''),(445,503,2,3,1.5500,'2021-05-27 13:46:02',0,''),(446,504,2,1,7.1600,'2021-05-27 13:51:48',0,''),(447,505,2,2,4.2800,'2021-05-27 14:02:40',0,''),(448,506,2,1,0.0000,'2021-05-27 14:09:04',0,''),(449,507,2,2,1.5400,'2021-05-27 14:12:50',0,''),(450,508,2,1,0.0000,'2021-05-27 14:20:12',0,''),(451,509,2,2,0.0000,'2021-05-27 14:24:16',0,''),(452,510,2,7,1.5500,'2021-05-28 08:58:21',0,''),(453,511,2,3,0.3100,'2021-05-28 09:06:38',0,''),(454,512,2,9,0.0000,'2021-05-28 09:16:42',0,''),(455,513,2,7,3.0600,'2021-05-28 09:48:11',0,''),(456,513,2,1,0.0000,'2021-05-28 09:59:53',0,''),(457,514,2,1,4.5800,'2021-05-28 10:06:35',0,''),(458,515,2,7,0.1400,'2021-05-28 10:11:07',0,''),(459,516,2,12,1.1500,'2021-05-28 10:17:29',0,''),(460,517,2,2,1.6300,'2021-05-28 10:22:22',0,''),(461,518,2,3,0.5100,'2021-05-28 10:29:35',0,''),(463,520,2,12,0.0000,'2021-05-28 10:44:12',0,''),(464,521,2,20,0.0900,'2021-05-28 11:02:20',0,''),(465,522,2,15,0.1400,'2021-05-28 11:07:49',0,''),(466,523,2,7,11.0700,'2021-05-28 11:17:39',0,''),(467,524,2,6,2.2400,'2021-05-28 11:25:19',0,''),(468,525,2,11,1.2100,'2021-05-28 11:35:13',0,''),(469,396,2,60,0.5600,'2021-05-28 12:32:31',0,''),(470,414,2,-60,NULL,'2021-05-28 12:35:24',0,''),(471,526,2,70,0.5600,'2021-05-28 12:36:08',0,''),(472,527,2,20,0.5600,'2021-05-28 12:36:30',0,''),(473,528,2,55,0.6500,'2021-05-28 12:49:15',0,''),(474,529,2,120,0.2600,'2021-05-28 12:56:21',0,''),(475,530,2,35,1.0000,'2021-05-28 13:16:09',0,''),(476,530,2,10,0.0000,'2021-05-28 13:16:24',0,''),(477,530,2,10,0.0000,'2021-05-28 13:16:33',0,''),(478,531,2,75,0.0600,'2021-05-28 13:26:03',0,''),(479,532,2,48,0.0000,'2021-05-28 13:41:42',0,''),(480,394,2,2,0.0000,'2021-05-31 08:41:48',0,''),(481,533,2,4,0.0000,'2021-05-31 08:57:31',0,''),(482,534,2,5,0.7300,'2021-05-31 08:59:56',0,''),(483,535,2,4,1.9100,'2021-05-31 09:18:17',0,''),(484,442,2,5,0.0000,'2021-05-31 09:33:23',0,''),(485,442,2,1,0.0000,'2021-05-31 09:33:36',0,''),(486,535,2,4,0.0000,'2021-05-31 09:36:31',0,''),(487,536,2,4,5.2300,'2021-05-31 09:53:25',0,''),(488,537,2,4,4.3300,'2021-05-31 10:04:41',0,''),(489,538,2,1,2.8500,'2021-05-31 10:11:23',0,''),(490,539,2,2,31.3600,'2021-05-31 10:25:06',0,''),(491,540,2,10,0.4900,'2021-05-31 10:38:26',0,''),(492,540,2,20,0.0000,'2021-05-31 10:39:41',0,''),(493,540,2,-10,NULL,'2021-05-31 10:39:48',0,''),(494,541,2,10,1.1700,'2021-05-31 11:18:31',0,''),(495,542,2,20,0.2500,'2021-05-31 11:28:13',0,''),(496,543,2,30,0.3100,'2021-05-31 11:48:39',0,''),(497,229,2,2,1.3700,'2021-05-31 12:02:56',0,''),(498,545,2,5,1.2700,'2021-05-31 12:23:52',0,''),(499,546,2,4,0.0000,'2021-05-31 12:32:36',0,''),(500,547,2,4,6.3800,'2021-05-31 12:36:55',0,''),(501,548,2,25,0.0600,'2021-05-31 12:43:34',0,''),(502,547,2,9,0.0000,'2021-05-31 12:48:23',0,''),(503,549,2,10,1.0000,'2021-05-31 13:18:18',0,''),(504,550,2,6,0.0000,'2021-05-31 13:27:25',0,''),(505,552,2,2,1.8900,'2021-05-31 13:41:37',0,''),(506,553,2,9,0.1900,'2021-05-31 13:50:20',0,''),(507,554,2,4,0.1800,'2021-05-31 13:55:48',0,''),(508,555,2,5,2.5900,'2021-05-31 14:08:50',0,''),(509,556,2,50,0.0000,'2021-06-07 08:43:45',0,''),(510,557,2,10,0.1000,'2021-06-07 08:57:19',0,''),(511,558,2,30,1.9700,'2021-06-07 09:13:51',0,''),(512,559,2,8,0.0000,'2021-06-07 09:23:12',0,''),(513,560,2,1,8.9500,'2021-06-07 09:31:48',0,''),(514,561,2,1,7.8200,'2021-06-07 09:39:32',0,''),(515,562,2,1,9.9500,'2021-06-07 09:43:04',0,''),(516,563,2,1,5.2700,'2021-06-07 09:51:15',0,''),(517,565,2,1,6.9900,'2021-06-07 09:59:50',0,''),(518,566,2,1,0.0000,'2021-06-07 10:15:10',0,''),(519,567,2,2,1.7500,'2021-06-07 10:41:37',0,''),(520,568,2,2,1.7600,'2021-06-07 10:49:08',0,''),(521,569,2,1,3.7100,'2021-06-07 10:52:06',0,''),(522,570,2,30,0.3400,'2021-06-07 11:29:05',0,''),(523,571,2,20,0.0000,'2021-06-07 12:15:22',0,''),(524,572,2,50,0.0000,'2021-06-07 12:26:21',0,''),(525,573,2,40,0.0000,'2021-06-07 12:39:36',0,''),(526,574,2,50,0.0000,'2021-06-07 12:48:21',0,''),(527,575,2,10,1.4100,'2021-06-07 12:59:58',0,''),(528,576,2,2,0.0000,'2021-06-07 13:09:21',0,''),(529,577,2,1,0.0000,'2021-06-07 13:14:02',0,''),(530,578,2,20,4.1800,'2021-06-07 13:24:47',0,''),(531,580,2,1,4.5700,'2021-06-07 13:51:41',0,''),(532,581,2,2,4.1000,'2021-06-07 13:54:29',0,''),(533,582,2,1,0.0000,'2021-06-07 13:57:31',0,''),(534,583,2,1,1.4900,'2021-06-07 14:18:31',0,''),(535,584,2,2,0.0000,'2021-06-07 14:24:08',0,''),(536,569,2,2,0.0000,'2021-06-07 14:44:02',0,''),(537,586,2,6,0.0000,'2021-06-07 14:44:25',0,''),(538,588,2,4,10.0000,'2021-06-07 14:46:51',0,''),(541,599,2,6,0.3400,'2021-06-08 10:10:46',0,''),(542,605,2,3,0.0000,'2021-06-08 10:41:05',0,''),(543,606,2,2,0.0000,'2021-06-08 10:41:20',0,''),(544,605,2,3,0.0000,'2021-06-08 10:41:26',0,''),(545,603,2,2,0.0000,'2021-06-08 10:41:52',0,''),(546,604,2,3,0.0000,'2021-06-08 10:42:01',0,''),(547,601,2,7,0.0000,'2021-06-08 10:43:48',0,''),(548,602,2,4,0.0000,'2021-06-08 10:44:03',0,''),(549,607,2,10,0.0000,'2021-06-08 11:28:03',0,''),(550,608,2,5,0.0000,'2021-06-08 11:35:26',0,''),(551,609,2,15,0.0000,'2021-06-08 11:55:54',0,''),(552,611,2,2,0.0000,'2021-06-08 12:05:44',0,''),(553,612,2,18,6.6100,'2021-06-08 12:31:32',0,''),(554,613,2,7,1.5300,'2021-06-08 12:39:29',0,''),(555,614,2,1,0.0000,'2021-06-08 12:48:23',0,''),(556,615,2,24,0.0000,'2021-06-08 12:53:33',0,''),(557,616,2,4,0.0000,'2021-06-08 13:28:48',0,''),(558,617,2,4,0.7000,'2021-06-08 13:34:16',0,''),(559,617,2,4,0.0000,'2021-06-08 13:35:05',0,''),(560,639,2,100,0.0000,'2021-06-09 12:12:21',0,''),(561,639,2,100,0.0000,'2021-06-09 12:12:29',0,''),(562,639,2,100,0.0000,'2021-06-09 12:15:27',0,''),(563,643,2,30,0.4400,'2021-06-09 12:40:20',0,''),(564,638,2,2,0.0000,'2021-06-09 14:20:16',0,''),(565,645,2,1,45.1300,'2021-06-09 14:20:43',0,''),(566,646,2,1,0.0000,'2021-06-10 08:49:01',0,'0.81'),(567,702,2,7,0.0000,'2021-06-11 10:05:21',0,''),(568,704,2,3,0.0000,'2021-06-11 10:15:24',0,''),(569,705,2,2,0.0000,'2021-06-11 10:20:03',0,''),(570,707,2,200,0.0000,'2021-06-11 10:37:48',0,''),(571,708,2,200,0.0000,'2021-06-11 10:46:16',0,''),(572,709,2,15,0.0000,'2021-06-11 10:56:16',0,'');
/*!40000 ALTER TABLE `StockEntry` ENABLE KEYS */;
UNLOCK TABLES;

--
-- Table structure for table `StorageLocation`
--

DROP TABLE IF EXISTS `StorageLocation`;
/*!40101 SET @saved_cs_client     = @@character_set_client */;
/*!40101 SET character_set_client = utf8 */;
CREATE TABLE `StorageLocation` (
  `id` int(11) NOT NULL AUTO_INCREMENT,
  `category_id` int(11) DEFAULT NULL,
  `name` varchar(255) COLLATE utf8_unicode_ci NOT NULL,
  PRIMARY KEY (`id`),
  UNIQUE KEY `UNIQ_2C59071C5E237E06` (`name`),
  KEY `IDX_2C59071C12469DE2` (`category_id`),
  CONSTRAINT `FK_2C59071C12469DE2` FOREIGN KEY (`category_id`) REFERENCES `StorageLocationCategory` (`id`)
) ENGINE=InnoDB AUTO_INCREMENT=68 DEFAULT CHARSET=utf8 COLLATE=utf8_unicode_ci;
/*!40101 SET character_set_client = @saved_cs_client */;

--
-- Dumping data for table `StorageLocation`
--

LOCK TABLES `StorageLocation` WRITE;
/*!40000 ALTER TABLE `StorageLocation` DISABLE KEYS */;
INSERT INTO `StorageLocation` VALUES (1,1,'Caja Azul de Resistencias Axiales'),(2,1,'B21 RESISTENCIA POTENCIA'),(3,1,'C19 RES SMD 0603'),(4,1,'D13-TRANSISTORS'),(5,1,'C36-Machos roscas-galgas rosca'),(6,1,'Caja Blanca de Resistencias Axiales'),(7,1,'BARRA 1'),(8,1,'BARRA 5'),(9,1,'C20 RES SMD 1206'),(10,1,'C22 RES SMD 0805'),(11,1,'D15 MOSFET'),(12,1,'C10 BUZZER'),(13,1,'B12 Conectores'),(14,1,'FIC13-Primer Armario a la Izquierda'),(17,1,'Fic 13, Arriba del Armario'),(18,1,'B36-INTERRUPTORES-PULS'),(19,1,'A7-VGA/GPIB'),(20,1,'D17-Regu-Ampl-Conv'),(22,1,'D16 Caps Elec-Tant'),(23,1,'A2 Conector antena -F-SMA'),(24,1,'A1 Conectores BNC'),(25,1,'A4 USB-PCB'),(26,1,'A5 ANTENAS-GSM'),(27,1,'B3 Conectores JACK - RCA - XLR'),(28,1,'C17 Caps SMD 1206'),(29,1,'B1 Conectores N'),(30,1,' B2 Conectores PL'),(31,1,'A6 TECALAN'),(32,1,'A5 ANTENAS - GSM'),(34,1,'Fic 13-Armario grande, caja verde'),(35,1,'Fic 13 - Armario grande - Caja blanca '),(36,1,'A9 TIRAS PINES MACHO'),(37,1,'A10 TIRAS PINES HEMBRAS'),(38,1,'A8 Baterias '),(39,1,'B30 Hilo Cobre Plata 0.5mm'),(40,1,'B31 Hilo Cobre Plata 1mm'),(41,1,'B32 Hilo Cobre Plata 2mm'),(42,1,'B17 Standoffs'),(43,1,'B18 BORNAS PCB - TIRAS PINES'),(44,1,'B20 FICHAS EMPALME - IEC'),(45,1,'B22 BOBINAS HILO SOLDAR'),(46,1,'B19 Hembrillas - Alcayatas'),(47,1,'C12 LEDs TH (1)'),(48,1,'C13 LEDs TH (2)'),(49,1,'C11 LED MATRIX - 7 SEGMENT'),(56,1,'C21 RES SMD 0805-1206'),(57,1,'C24 RES SMD 0603'),(58,1,'D25 Nuts-Metric Thread(2)'),(59,1,'Caja 4 - 2'),(60,1,'Caja 3 - 4'),(61,1,'Laboratorio 17- Armario grande'),(62,1,'C12 RES SMD 0805 - 1206'),(63,1,'D24 TORNILLOS ROSCA CHAPA'),(64,1,'D26 TORNILLOS M3 - M2'),(65,1,'D28 Tornillos Varios M6'),(66,1,'D29 Tornillos Varios M8'),(67,1,'D30 Tornillos Varios M10 - White');
/*!40000 ALTER TABLE `StorageLocation` ENABLE KEYS */;
UNLOCK TABLES;

--
-- Table structure for table `StorageLocationCategory`
--

DROP TABLE IF EXISTS `StorageLocationCategory`;
/*!40101 SET @saved_cs_client     = @@character_set_client */;
/*!40101 SET character_set_client = utf8 */;
CREATE TABLE `StorageLocationCategory` (
  `id` int(11) NOT NULL AUTO_INCREMENT,
  `parent_id` int(11) DEFAULT NULL,
  `lft` int(11) NOT NULL,
  `rgt` int(11) NOT NULL,
  `lvl` int(11) NOT NULL,
  `root` int(11) DEFAULT NULL,
  `name` varchar(128) COLLATE utf8_unicode_ci NOT NULL,
  `description` longtext COLLATE utf8_unicode_ci,
  `categoryPath` longtext COLLATE utf8_unicode_ci,
  PRIMARY KEY (`id`),
  KEY `IDX_3E39FA47727ACA70` (`parent_id`),
  KEY `IDX_3E39FA47DA439252` (`lft`),
  KEY `IDX_3E39FA47D5E02D69` (`rgt`),
  CONSTRAINT `FK_3E39FA47727ACA70` FOREIGN KEY (`parent_id`) REFERENCES `StorageLocationCategory` (`id`) ON DELETE CASCADE
) ENGINE=InnoDB AUTO_INCREMENT=2 DEFAULT CHARSET=utf8 COLLATE=utf8_unicode_ci;
/*!40101 SET character_set_client = @saved_cs_client */;

--
-- Dumping data for table `StorageLocationCategory`
--

LOCK TABLES `StorageLocationCategory` WRITE;
/*!40000 ALTER TABLE `StorageLocationCategory` DISABLE KEYS */;
INSERT INTO `StorageLocationCategory` VALUES (1,NULL,1,2,0,1,'Root Category',NULL,'Root Category');
/*!40000 ALTER TABLE `StorageLocationCategory` ENABLE KEYS */;
UNLOCK TABLES;

--
-- Table structure for table `StorageLocationImage`
--

DROP TABLE IF EXISTS `StorageLocationImage`;
/*!40101 SET @saved_cs_client     = @@character_set_client */;
/*!40101 SET character_set_client = utf8 */;
CREATE TABLE `StorageLocationImage` (
  `id` int(11) NOT NULL AUTO_INCREMENT,
  `type` varchar(255) COLLATE utf8_unicode_ci NOT NULL,
  `filename` varchar(255) COLLATE utf8_unicode_ci NOT NULL,
  `originalname` varchar(255) COLLATE utf8_unicode_ci DEFAULT NULL,
  `mimetype` varchar(255) COLLATE utf8_unicode_ci NOT NULL,
  `size` int(11) NOT NULL,
  `extension` varchar(255) COLLATE utf8_unicode_ci DEFAULT NULL,
  `description` longtext COLLATE utf8_unicode_ci,
  `created` datetime NOT NULL,
  `storageLocation_id` int(11) DEFAULT NULL,
  PRIMARY KEY (`id`),
  UNIQUE KEY `UNIQ_666717F073CD58AF` (`storageLocation_id`),
  CONSTRAINT `FK_666717F073CD58AF` FOREIGN KEY (`storageLocation_id`) REFERENCES `StorageLocation` (`id`)
) ENGINE=InnoDB AUTO_INCREMENT=62 DEFAULT CHARSET=utf8 COLLATE=utf8_unicode_ci;
/*!40101 SET character_set_client = @saved_cs_client */;

--
-- Dumping data for table `StorageLocationImage`
--

LOCK TABLES `StorageLocationImage` WRITE;
/*!40000 ALTER TABLE `StorageLocationImage` DISABLE KEYS */;
INSERT INTO `StorageLocationImage` VALUES (1,'storagelocation','03958e4a-a803-11eb-8ce4-0974114a3ca5','Nova_Caja_resistencias.PNG','image/png',70203,'png',NULL,'2021-04-28 11:20:46',1),(2,'storagelocation','d9f3b610-aca4-11eb-bfaf-a65b4d0a8573','B21 RESISTENCIA POTENCIA.jpg','image/jpeg',108466,'jpeg',NULL,'2021-05-04 08:49:19',2),(3,'storagelocation','2ea7e332-acc0-11eb-a041-b64e2cb62275','storage location SMD.jpg','image/jpeg',101713,'jpeg',NULL,'2021-05-04 12:04:58',3),(4,'storagelocation','f32a5184-acc2-11eb-9a4b-4f09c010c395','STORAGE LOCATION TRANSISTORS.jpg','image/jpeg',46934,'jpeg',NULL,'2021-05-04 12:24:46',4),(5,'storagelocation','8742b7a6-ad97-11eb-b8c7-2ff22f0bc26e','C36-Machos roscas-galgas rosca.jpg','image/jpeg',46436,'jpeg',NULL,'2021-05-05 13:46:28',5),(6,'storagelocation','8cf9cd74-ae41-11eb-bb5b-c6aebdf078bb','Caja Blanca de Resistencias Axiales.jpg','image/jpeg',68897,'jpeg',NULL,'2021-05-06 10:03:32',6),(7,'storagelocation','36a65818-ae5d-11eb-8053-db20c19c15df','BARRA 1.jpg','image/jpeg',51082,'jpeg',NULL,'2021-05-06 13:21:33',7),(8,'storagelocation','ac051dd4-af06-11eb-8d8e-bc8ce0e7e98b','BARRA 5.jpg','image/jpeg',63360,'jpeg',NULL,'2021-05-07 09:34:35',8),(9,'storagelocation','e572a0b4-af10-11eb-a2c1-bc1372c2f555','C20 RES SMD 1206.jpg','image/jpeg',119241,'jpeg',NULL,'2021-05-07 10:47:46',9),(10,'storagelocation','3f04f14c-b162-11eb-8b59-596cd7fcea1f','C22 RES SMD 0805.jpg','image/jpeg',48221,'jpeg',NULL,'2021-05-10 09:35:08',10),(11,'storagelocation','36656c34-b166-11eb-be0f-1d340d835cd1','D15 MOSFET.jpg','image/jpeg',59116,'jpeg',NULL,'2021-05-10 10:03:32',11),(12,'storagelocation','e96a837a-b169-11eb-a029-5dcede2673d5','C10 BUZZER.jpg','image/jpeg',50229,'jpeg',NULL,'2021-05-10 10:30:01',12),(13,'storagelocation','ec2517ea-b16b-11eb-b1ee-584bc8e9c886','B12 Conectores PCB.jpg','image/jpeg',63537,'jpeg',NULL,'2021-05-10 10:44:24',13),(14,'storagelocation','06fd544c-b6e9-11eb-be45-79fc3394b452','FIC13-Primer Armario a la derecha.jpg','image/jpeg',39814,'jpeg',NULL,'2021-05-17 10:22:32',14),(15,'storagelocation','bf9766ee-b6f0-11eb-92ec-b16c358ed22b','Juego de Roscas.jpg','image/jpeg',141157,'jpeg',NULL,'2021-05-17 11:17:48',17),(16,'storagelocation','4a7bfcd8-b701-11eb-af8e-234b4933a56e','B36-INTERRUPTORES-PLUS.jpg','image/jpeg',58270,'jpeg',NULL,'2021-05-17 13:16:13',18),(17,'storagelocation','df37d64a-b872-11eb-acfd-4421dbc0a70a','A7 VGA-GPIB.jpg','image/jpeg',59651,'jpeg',NULL,'2021-05-19 09:21:47',19),(18,'storagelocation','2bf3c85c-b875-11eb-be1e-f5e55394e0dd','D17-Regu-Ampl-Conv.jpg','image/jpeg',47139,'jpeg',NULL,'2021-05-19 09:38:15',20),(20,'storagelocation','a9f996ce-ba04-11eb-beb4-5595ed948926','D16-Caps Elec-Tant.jpg','image/jpeg',72719,'jpeg',NULL,'2021-05-21 09:17:55',22),(21,'storagelocation','6c249b04-bc62-11eb-bb33-95858802320d','Conector antena -F-SMA.jpg','image/jpeg',66904,'jpeg',NULL,'2021-05-24 09:34:07',23),(22,'storagelocation','df4967ac-bc6e-11eb-9dc1-37ad0ad38b2a','A1 Conectores BNC.jpg','image/jpeg',86619,'jpeg',NULL,'2021-05-24 11:03:14',24),(23,'storagelocation','267ebbb4-bd27-11eb-8aca-41cab62be0b5','A4 USB-PCB.jpg','image/jpeg',31280,'jpeg',NULL,'2021-05-25 09:02:21',25),(24,'storagelocation','562976ce-bd27-11eb-bc73-2dcbee6167ec','A5 ANTENAS-GSM.jpg','image/jpeg',32585,'jpeg',NULL,'2021-05-25 09:03:41',26),(25,'storagelocation','9173e00a-bd33-11eb-92f5-05d115c5e4d0','B3 Conectores JACK - RCA - XLR.jpg','image/jpeg',38416,'jpeg',NULL,'2021-05-25 10:31:14',27),(26,'storagelocation','f57b70f4-bd47-11eb-a669-4070e4e9d9da','C17 Caps SMD 1206.jpg','image/jpeg',35438,'jpeg',NULL,'2021-05-25 12:57:12',28),(27,'storagelocation','a432deec-bdee-11eb-9716-dfab08b3d980','Conectores N.jpg','image/jpeg',30815,'jpeg',NULL,'2021-05-26 08:50:21',29),(28,'storagelocation','e951a51c-bdee-11eb-bb44-2a16dfee110d','Conectores PL.jpg','image/jpeg',29336,'jpeg',NULL,'2021-05-26 08:52:17',30),(29,'storagelocation','f3ff09aa-bdfd-11eb-aa46-270fb65368bf','photo_2021-05-26_10-38-36.jpg','image/jpeg',28291,'jpeg',NULL,'2021-05-26 10:39:58',31),(30,'storagelocation','e3733e96-be00-11eb-a3e2-1d11ee49a188','photo_2021-05-26_11-00-00.jpg','image/jpeg',41029,'jpeg',NULL,'2021-05-26 11:00:59',32),(32,'storagelocation','45536cf0-bebd-11eb-8714-a57916bd40bb','El armario grande a la derecha.jpg','image/jpeg',95387,'jpeg',NULL,'2021-05-27 09:29:28',34),(33,'storagelocation','585ec94e-bec6-11eb-977d-4a65edbc5117','El armario grande a la derecha.jpg','image/jpeg',95387,'jpeg',NULL,'2021-05-27 10:34:26',35),(34,'storagelocation','2459467c-c75b-11eb-91a0-1eb93a55b332','A9 TIRAS PINES MACHO.jpg','image/jpeg',37303,'jpeg',NULL,'2021-06-07 08:39:43',36),(35,'storagelocation','91b42d00-c75f-11eb-b55a-2ec0d9118894','A10 TIRAS PINES HEMBRAS.jpg','image/jpeg',37303,'jpeg',NULL,'2021-06-07 09:11:24',37),(36,'storagelocation','3d57fa2c-c762-11eb-8951-4f842503b7e2','A8 Baterias.jpg','image/jpeg',45665,'jpeg',NULL,'2021-06-07 09:30:31',38),(37,'storagelocation','c6528ad2-c76b-11eb-ab9a-7ca56b6a19f9','B30 Hilo Cobre Plata 0.5mm.jpg','image/jpeg',31487,'jpeg',NULL,'2021-06-07 10:38:46',39),(38,'storagelocation','579b2c9c-c76c-11eb-a5eb-e33c6c66a12d','B31 Hilo Cobre Plata 1mm.jpg','image/jpeg',32350,'jpeg',NULL,'2021-06-07 10:42:50',40),(39,'storagelocation','9391740e-c76c-11eb-971c-dd0a8c7c96dc','B32 Hilo Cobre Plata 2mm.jpg','image/jpeg',31912,'jpeg',NULL,'2021-06-07 10:44:31',41),(40,'storagelocation','e7fdbe46-c76f-11eb-a6a2-d036c0e67739','B17 Standoffs.jpg','image/jpeg',33691,'jpeg',NULL,'2021-06-07 11:08:21',42),(41,'storagelocation','00917f10-c770-11eb-9fd3-71b4372be857','B18 BORNAS PCB - TIRAS PINES.jpg','image/jpeg',33798,'jpeg',NULL,'2021-06-07 11:09:02',43),(42,'storagelocation','2d38b826-c770-11eb-9a84-5013f6d448be','B20 FICHAS EMPALME - IEC.jpg','image/jpeg',32951,'jpeg',NULL,'2021-06-07 11:10:17',44),(43,'storagelocation','4d63898c-c770-11eb-a2ac-555f980da79b','B22 BOBINAS HILO SOLDAR.jpg','image/jpeg',33356,'jpeg',NULL,'2021-06-07 11:11:11',45),(44,'storagelocation','9d6bda4c-c770-11eb-8ff8-5bb70b83a6de','B19 Hembrillas - Alcayatas.jpg','image/jpeg',30379,'',NULL,'2021-06-07 11:13:25',46),(45,'storagelocation','d3a4ccce-c827-11eb-92ae-d6dff08d9bb3','C12 LEDs TH (1).jpg','image/jpeg',29385,'jpeg',NULL,'2021-06-08 09:04:54',47),(46,'storagelocation','61647f50-c832-11eb-88aa-c622fd160351','C13 LEDs TH (2).jpg','image/jpeg',31753,'jpeg',NULL,'2021-06-08 10:20:27',48),(47,'storagelocation','7119afb0-c841-11eb-a872-d0e9705f67a8','C11 LED MATRIX - 7 SEGMENT.jpg','image/jpeg',33572,'jpeg',NULL,'2021-06-08 12:08:16',49),(50,'storagelocation','a495b05c-c853-11eb-b80f-ed4ce22dc80f','C21 RES SMD 0805-1206.jpg','image/jpeg',30501,'jpeg',NULL,'2021-06-08 14:18:33',56),(51,'storagelocation','c643fd94-c853-11eb-954d-3b7a2fba0590','C24 RES SMD 0603.jpg','image/jpeg',35241,'jpeg',NULL,'2021-06-08 14:19:29',57),(52,'storagelocation','9d2c8456-c909-11eb-8107-d31945a34609','D25 Nuts-Metric Thread(2).jpg','image/jpeg',30685,'jpeg',NULL,'2021-06-09 12:01:09',58),(53,'storagelocation','1298ed90-c911-11eb-881b-d540e7a28a23','Caja 4 - 2.jpg','image/jpeg',83255,'jpeg',NULL,'2021-06-09 12:54:32',59),(54,'storagelocation','2b64c268-c911-11eb-84e0-2f44cd59a8b2','Caja 3 - 4.jpg','image/jpeg',105115,'jpeg',NULL,'2021-06-09 12:55:14',60),(55,'storagelocation','0177401e-c91d-11eb-8088-0cafb0b8945f','Laboratorio 17- Armario grande.jpg','image/jpeg',74464,'jpeg',NULL,'2021-06-09 14:19:58',61),(56,'storagelocation','14a1b3e2-c9de-11eb-9c90-760d0d15b6df','C12 RES SMD 0805 - 1206.jpg','image/jpeg',28903,'jpeg',NULL,'2021-06-10 13:22:03',62),(57,'storagelocation','ae8b6cd0-ca85-11eb-91c8-d86cc72a90d5','D24 TORNILLOS CHAPA.jpg','image/jpeg',30755,'jpeg',NULL,'2021-06-11 09:21:47',63),(58,'storagelocation','f3194480-ca85-11eb-abf3-39eba456a84b','D26 TORNILLOS M3 - M2.jpg','image/jpeg',31247,'jpeg',NULL,'2021-06-11 09:23:42',64),(59,'storagelocation','bd66f912-ca86-11eb-b7e6-0dd438ce7243','D28 Tornillos Varios M6.jpg','image/jpeg',36402,'jpeg',NULL,'2021-06-11 09:29:21',65),(60,'storagelocation','16686e38-ca87-11eb-993c-966c9abc4c5b','D29 Tornillos Varios M8.jpg','image/jpeg',30585,'jpeg',NULL,'2021-06-11 09:31:51',66),(61,'storagelocation','4cd84ede-ca87-11eb-9fdf-7c8dc609aeef','D30 Tornillos Varios M10 - White.jpg','image/jpeg',29541,'jpeg',NULL,'2021-06-11 09:33:22',67);
/*!40000 ALTER TABLE `StorageLocationImage` ENABLE KEYS */;
UNLOCK TABLES;

--
-- Table structure for table `SystemNotice`
--

DROP TABLE IF EXISTS `SystemNotice`;
/*!40101 SET @saved_cs_client     = @@character_set_client */;
/*!40101 SET character_set_client = utf8 */;
CREATE TABLE `SystemNotice` (
  `id` int(11) NOT NULL AUTO_INCREMENT,
  `date` datetime NOT NULL,
  `title` varchar(255) COLLATE utf8_unicode_ci NOT NULL,
  `description` longtext COLLATE utf8_unicode_ci NOT NULL,
  `acknowledged` tinyint(1) NOT NULL,
  `type` varchar(255) COLLATE utf8_unicode_ci NOT NULL,
  PRIMARY KEY (`id`)
) ENGINE=InnoDB DEFAULT CHARSET=utf8 COLLATE=utf8_unicode_ci;
/*!40101 SET character_set_client = @saved_cs_client */;

--
-- Dumping data for table `SystemNotice`
--

LOCK TABLES `SystemNotice` WRITE;
/*!40000 ALTER TABLE `SystemNotice` DISABLE KEYS */;
/*!40000 ALTER TABLE `SystemNotice` ENABLE KEYS */;
UNLOCK TABLES;

--
-- Table structure for table `SystemPreference`
--

DROP TABLE IF EXISTS `SystemPreference`;
/*!40101 SET @saved_cs_client     = @@character_set_client */;
/*!40101 SET character_set_client = utf8 */;
CREATE TABLE `SystemPreference` (
  `preferenceKey` varchar(255) COLLATE utf8_unicode_ci NOT NULL,
  `preferenceValue` longtext COLLATE utf8_unicode_ci NOT NULL,
  PRIMARY KEY (`preferenceKey`)
) ENGINE=InnoDB DEFAULT CHARSET=utf8 COLLATE=utf8_unicode_ci;
/*!40101 SET character_set_client = @saved_cs_client */;

--
-- Dumping data for table `SystemPreference`
--

LOCK TABLES `SystemPreference` WRITE;
/*!40000 ALTER TABLE `SystemPreference` DISABLE KEYS */;
/*!40000 ALTER TABLE `SystemPreference` ENABLE KEYS */;
UNLOCK TABLES;

--
-- Table structure for table `TempImage`
--

DROP TABLE IF EXISTS `TempImage`;
/*!40101 SET @saved_cs_client     = @@character_set_client */;
/*!40101 SET character_set_client = utf8 */;
CREATE TABLE `TempImage` (
  `id` int(11) NOT NULL AUTO_INCREMENT,
  `type` varchar(255) COLLATE utf8_unicode_ci NOT NULL,
  `filename` varchar(255) COLLATE utf8_unicode_ci NOT NULL,
  `originalname` varchar(255) COLLATE utf8_unicode_ci DEFAULT NULL,
  `mimetype` varchar(255) COLLATE utf8_unicode_ci NOT NULL,
  `size` int(11) NOT NULL,
  `extension` varchar(255) COLLATE utf8_unicode_ci DEFAULT NULL,
  `description` longtext COLLATE utf8_unicode_ci,
  `created` datetime NOT NULL,
  PRIMARY KEY (`id`)
) ENGINE=InnoDB AUTO_INCREMENT=78 DEFAULT CHARSET=utf8 COLLATE=utf8_unicode_ci;
/*!40101 SET character_set_client = @saved_cs_client */;

--
-- Dumping data for table `TempImage`
--

LOCK TABLES `TempImage` WRITE;
/*!40000 ALTER TABLE `TempImage` DISABLE KEYS */;
INSERT INTO `TempImage` VALUES (1,'temp','3b5ab970-a800-11eb-bb58-b328ca8ea3a0','Logo_Nova.PNG','image/png',8629,'',NULL,'2021-04-28 11:00:51'),(2,'temp','21a910ca-a801-11eb-a040-cd8404c28395','Logo_Nova.PNG','image/png',8629,'',NULL,'2021-04-28 11:07:17'),(3,'temp','63c4acb2-a801-11eb-ac1d-7bce0287d642','eKJki6oH_400x400.png','image/png',90501,'',NULL,'2021-04-28 11:09:08'),(4,'temp','01ac6af4-a803-11eb-a2b1-8be8051817be','Nova_Caja_resistencias.PNG','',70203,'png',NULL,'2021-04-28 11:20:43'),(5,'temp','bd4e88c2-a8c2-11eb-afa6-b3f3533f4762','Logo_Nova.PNG','image/png',8629,'',NULL,'2021-04-29 10:13:11'),(6,'temp','d6610642-aca4-11eb-85c1-08f01d0eeb51','B21 RESISTENCIA POTENCIA.jpg','',108466,'jpeg',NULL,'2021-05-04 08:49:13'),(7,'temp','458beeba-acb4-11eb-9fc7-2251ae3dd553','0603.PNG','',19586,'png',NULL,'2021-05-04 10:39:42'),(8,'temp','b13109de-acb4-11eb-bfc2-d2c80e7e558b','0805.PNG','',19199,'png',NULL,'2021-05-04 10:42:43'),(9,'temp','ea6ffa42-acb5-11eb-bf23-4a7b3c3cb03b','TO92.PNG','',41202,'png',NULL,'2021-05-04 10:51:28'),(10,'temp','2c09cfd2-acc0-11eb-93b4-f121ab0a5668','storage location SMD.jpg','',101713,'jpeg',NULL,'2021-05-04 12:04:53'),(11,'temp','f1f08bc6-acc2-11eb-b032-fdbda84b28f7','STORAGE LOCATION TRANSISTORS.jpg','',46934,'jpeg',NULL,'2021-05-04 12:24:44'),(12,'temp','83361f40-ad97-11eb-9755-5c8d4cee8c82','C36-Machos roscas-galgas rosca.jpg','',46436,'jpeg',NULL,'2021-05-05 13:46:21'),(13,'temp','8b59d374-ae41-11eb-9efc-b71d00ccb35c','Caja Blanca de Resistencias Axiales.jpg','',68897,'jpeg',NULL,'2021-05-06 10:03:29'),(14,'temp','33ab33a4-ae5d-11eb-ab11-1c5caff3c5c2','BARRA 1.jpg','',51082,'jpeg',NULL,'2021-05-06 13:21:28'),(15,'temp','97d56120-af06-11eb-8f05-3be37dfaa702','BARRA 5.jpg','',63360,'jpeg',NULL,'2021-05-07 09:34:01'),(16,'temp','d65f5a5e-af10-11eb-89b8-3542eaadd3c5','C20 RES SMD 1206.jpg','',119241,'jpeg',NULL,'2021-05-07 10:47:21'),(17,'temp','31f5e592-b162-11eb-be04-e3fea485a447','C22 RES SMD 0805.jpg','',48221,'jpeg',NULL,'2021-05-10 09:34:46'),(18,'temp','2da497fa-b166-11eb-8121-6c5f358cf4e4','D15 MOSFET.jpg','',59116,'jpeg',NULL,'2021-05-10 10:03:17'),(19,'temp','d61062cc-b169-11eb-b7d2-b091ee5930a5','C10 BUZZER.jpg','',50229,'jpeg',NULL,'2021-05-10 10:29:28'),(20,'temp','e215fe2c-b16b-11eb-9f07-4ded9947e9ed','B12 Conectores PCB.jpg','',63537,'jpeg',NULL,'2021-05-10 10:44:07'),(21,'temp','e4b8db9a-b6e8-11eb-8611-837f455ae83f','Guardado arriba del armario.jpg','',147906,'jpeg',NULL,'2021-05-17 10:21:35'),(22,'temp','6b972ade-b6f0-11eb-b535-0162095d0b5a','Juego de Roscas.jpg','image/jpeg',141157,'',NULL,'2021-05-17 11:15:27'),(23,'temp','868d3de2-b6f0-11eb-b1c8-c6e8b07822aa','Juego de Roscas.jpg','image/jpeg',141157,'',NULL,'2021-05-17 11:16:13'),(24,'temp','bdfe7f3e-b6f0-11eb-a699-3198a3afcd1d','Juego de Roscas.jpg','',141157,'jpeg',NULL,'2021-05-17 11:17:46'),(25,'temp','45bf8764-b701-11eb-998f-73562df4b6f5','B36-INTERRUPTORES-PLUS.jpg','',58270,'jpeg',NULL,'2021-05-17 13:16:05'),(26,'temp','c6fd2d14-b872-11eb-b19b-6e7ecf70f97d','A7 VGA-GPIB.jpg','',59651,'jpeg',NULL,'2021-05-19 09:21:06'),(27,'temp','265d5084-b875-11eb-a6f9-721892e5fdd7','D17-Regu-Ampl-Conv.jpg','',47139,'jpeg',NULL,'2021-05-19 09:38:05'),(28,'temp','91f4c3ae-b889-11eb-adab-0d6f44b9f056','FIC13-Primer Armario a la derecha.jpg','image/jpeg',39814,'',NULL,'2021-05-19 12:04:16'),(29,'temp','90514954-b899-11eb-bc0d-f8b1bddb8013','D15-MOSFET.jpg','',52774,'jpeg',NULL,'2021-05-19 13:58:45'),(30,'temp','7f1668ec-ba04-11eb-a167-e6d0a703c6b5','D16-Caps Elec-Tant.jpg','',72719,'jpeg',NULL,'2021-05-21 09:16:43'),(31,'temp','566cc7f0-bc62-11eb-a4b8-ba2144c4ee26','Conector antena -F-SMA.jpg','',66904,'jpeg',NULL,'2021-05-24 09:33:30'),(32,'temp','cd133194-bc6e-11eb-9f5a-9be00642a9c6','A1 Conectores BNC.jpg','',86619,'jpeg',NULL,'2021-05-24 11:02:43'),(33,'temp','1b04c65c-bd27-11eb-a185-320cf160b822','A4 USB-PCB.jpg','',31280,'jpeg',NULL,'2021-05-25 09:02:01'),(34,'temp','42722310-bd27-11eb-8f7d-1ac6fc2ad50a','A5 ANTENAS-GSM.jpg','',32585,'jpeg',NULL,'2021-05-25 09:03:08'),(35,'temp','78b63db0-bd33-11eb-bcba-318614bd45c5','B3 Conectores JACK - RCA - XLR.jpg','',38416,'jpeg',NULL,'2021-05-25 10:30:33'),(36,'temp','f1cc10b2-bd47-11eb-83ad-39962f9951b4','C17 Caps SMD 1206.jpg','',35438,'jpeg',NULL,'2021-05-25 12:57:06'),(37,'temp','9606e89a-bdee-11eb-ae6c-3f46e1152711','Conectores N.jpg','',30815,'jpeg',NULL,'2021-05-26 08:49:58'),(38,'temp','e6c45f4c-bdee-11eb-8af3-fe65686b1501','Conectores PL.jpg','',29336,'jpeg',NULL,'2021-05-26 08:52:13'),(39,'temp','d50e385e-bdfd-11eb-b987-da559d852945','photo_2021-05-26_10-38-36.jpg','',28291,'jpeg',NULL,'2021-05-26 10:39:06'),(40,'temp','d08507e2-be00-11eb-bdf0-a640a1dadcb9','photo_2021-05-26_11-00-00.jpg','',41029,'jpeg',NULL,'2021-05-26 11:00:27'),(41,'temp','a01a6cca-bebc-11eb-ade9-b36749ac342d','El armario grande a la derecha.jpg','',95387,'jpeg',NULL,'2021-05-27 09:24:51'),(42,'temp','2c19f470-bebd-11eb-bbb2-11d4fc7e698a','El armario grande a la derecha.jpg','',95387,'jpeg',NULL,'2021-05-27 09:28:46'),(43,'temp','33b5ad06-bec6-11eb-9678-cc37af35b47c','El armario grande a la derecha.jpg','',95387,'jpeg',NULL,'2021-05-27 10:33:24'),(44,'temp','155ed8bc-c75b-11eb-850f-fae3f84c922c','A9 TIRAS PINES MACHO.jpg','',45665,'jpeg',NULL,'2021-06-07 08:39:17'),(45,'temp','7935dbe8-c75f-11eb-a51d-f078fa008779','A10 TIRAS PINES HEMBRAS.jpg','',37303,'jpeg',NULL,'2021-06-07 09:10:43'),(46,'temp','2b16c712-c762-11eb-8ab8-6b399a268d34','A8 Baterias.jpg','',45665,'jpeg',NULL,'2021-06-07 09:30:00'),(47,'temp','a6b9aa8e-c76b-11eb-af7a-fab79052cfa1','B30 Hilo Cobre Plata 0.5mm.jpg','',31487,'jpeg',NULL,'2021-06-07 10:37:53'),(48,'temp','41a32d5e-c76c-11eb-9cc6-15480dbe9607','B31 Hilo Cobre Plata 1mm.jpg','',32350,'jpeg',NULL,'2021-06-07 10:42:13'),(49,'temp','7d289ee0-c76c-11eb-9ecb-2f044da5501e','B32 Hilo Cobre Plata 2mm.jpg','',31912,'jpeg',NULL,'2021-06-07 10:43:53'),(50,'temp','dd87b91c-c76f-11eb-8e5b-c0251caafe4f','B17 Standoffs.jpg','',33691,'jpeg',NULL,'2021-06-07 11:08:03'),(51,'temp','fb4358ee-c76f-11eb-92b8-e4366b80c6c0','B18 BORNAS PCB - TIRAS PINES.jpg','',33798,'jpeg',NULL,'2021-06-07 11:08:53'),(52,'temp','274d0c6e-c770-11eb-8aec-529388d897f5','B20 FICHAS EMPALME - IEC.jpg','',32951,'jpeg',NULL,'2021-06-07 11:10:07'),(53,'temp','49cb8108-c770-11eb-b7cd-9b03844175b1','B22 BOBINAS HILO SOLDAR.jpg','',33356,'jpeg',NULL,'2021-06-07 11:11:05'),(54,'temp','8ffed198-c770-11eb-8033-37e1ad4992d4','B19 Hembrillas - Alcayatas.jpg','',30379,'jpeg',NULL,'2021-06-07 11:13:03'),(55,'temp','d001f5d8-c827-11eb-a875-804f0e4076b2','C12 LEDs TH (1).jpg','',29385,'jpeg',NULL,'2021-06-08 09:04:48'),(56,'temp','5ae758e6-c832-11eb-ba62-9ab9b1d88dce','C13 LEDs TH (2).jpg','',31753,'jpeg',NULL,'2021-06-08 10:20:16'),(57,'temp','6c7a9c4e-c841-11eb-bd33-f3483e9e3d14','C11 LED MATRIX - 7 SEGMENT.jpg','',33572,'jpeg',NULL,'2021-06-08 12:08:08'),(58,'temp','6a6a8f84-c848-11eb-bd98-2554bd8755e9','C10 BUZZER.jpg','image/jpeg',29029,'',NULL,'2021-06-08 12:58:11'),(59,'temp','768e1920-c848-11eb-8f8b-510cb24db6f8','C10 BUZZER.jpg','image/jpeg',29029,'',NULL,'2021-06-08 12:58:31'),(60,'temp','8f7427fe-c848-11eb-a460-fcb943b36dd1','C10 BUZZER.jpg','image/jpeg',29029,'',NULL,'2021-06-08 12:59:13'),(61,'temp','ab194e1c-c848-11eb-99ca-f5051541add2','C10 BUZZER.jpg','',29029,'jpeg',NULL,'2021-06-08 12:59:59'),(62,'temp','f0fe157a-c848-11eb-be78-6a1c021fe654','BUZZER.jpg','image/jpeg',29029,'',NULL,'2021-06-08 13:01:57'),(63,'temp','1031aa56-c849-11eb-b150-69c6d05dd58c','BUZZER.jpg','',29029,'jpeg',NULL,'2021-06-08 13:02:49'),(64,'temp','9e24beb6-c853-11eb-b040-d27dc01fd2ef','C21 RES SMD 0805-1206.jpg','',30501,'jpeg',NULL,'2021-06-08 14:18:22'),(65,'temp','b3c705e4-c853-11eb-92cc-d95fa63c722d','C24 RES SMD 0603.jpg','',35241,'jpeg',NULL,'2021-06-08 14:18:58'),(66,'temp','f517bec8-c900-11eb-8ce7-c8af8c97c422','A9 TIRAS PINES MACHO.jpg','image/jpeg',37303,'',NULL,'2021-06-09 10:59:11'),(67,'temp','945a5876-c909-11eb-a478-2e2e528e1d8a','D25 Nuts-Metric Thread(2).jpg','',30685,'jpeg',NULL,'2021-06-09 12:00:54'),(68,'temp','0b35616e-c911-11eb-b915-4006d4de250e','Caja 4 - 2.jpg','',83255,'jpeg',NULL,'2021-06-09 12:54:20'),(69,'temp','225c3610-c911-11eb-9046-622ff8e62623','Caja 3 - 4.jpg','',105115,'jpeg',NULL,'2021-06-09 12:54:59'),(70,'temp','fb104108-c91c-11eb-a6b0-0153b50c3742','Laboratorio 17- Armario grande.jpg','',74464,'jpeg',NULL,'2021-06-09 14:19:47'),(71,'temp','05a7e2d0-c9de-11eb-9ea2-ed227fde79a1','C12 RES SMD 0805 - 1206.jpg','',28903,'jpeg',NULL,'2021-06-10 13:21:37'),(72,'temp','85800170-ca85-11eb-a6fd-4275534deddd','D24 TORNILLOS CHAPA.jpg','',30755,'jpeg',NULL,'2021-06-11 09:20:38'),(73,'temp','cb37d026-ca85-11eb-9729-a0ef38865a4a','D26 TORNILLOS M3 - M2.jpg','image/jpeg',31247,'',NULL,'2021-06-11 09:22:35'),(74,'temp','d90c9a6a-ca85-11eb-88b5-9371b1b9f328','D26 TORNILLOS M3 - M2.jpg','',31247,'jpeg',NULL,'2021-06-11 09:22:58'),(75,'temp','550b302c-ca86-11eb-8f9e-11abe33140fb','D28 Tornillos Varios M6.jpg','',36402,'jpeg',NULL,'2021-06-11 09:26:26'),(76,'temp','01a6bd06-ca87-11eb-84ad-f1315416e131','D29 Tornillos Varios M8.jpg','',30585,'jpeg',NULL,'2021-06-11 09:31:16'),(77,'temp','4049f028-ca87-11eb-bdec-6c5718f56cd9','D30 Tornillos Varios M10 - White.jpg','',29541,'jpeg',NULL,'2021-06-11 09:33:01');
/*!40000 ALTER TABLE `TempImage` ENABLE KEYS */;
UNLOCK TABLES;

--
-- Table structure for table `TempUploadedFile`
--

DROP TABLE IF EXISTS `TempUploadedFile`;
/*!40101 SET @saved_cs_client     = @@character_set_client */;
/*!40101 SET character_set_client = utf8 */;
CREATE TABLE `TempUploadedFile` (
  `id` int(11) NOT NULL AUTO_INCREMENT,
  `type` varchar(255) COLLATE utf8_unicode_ci NOT NULL,
  `filename` varchar(255) COLLATE utf8_unicode_ci NOT NULL,
  `originalname` varchar(255) COLLATE utf8_unicode_ci DEFAULT NULL,
  `mimetype` varchar(255) COLLATE utf8_unicode_ci NOT NULL,
  `size` int(11) NOT NULL,
  `extension` varchar(255) COLLATE utf8_unicode_ci DEFAULT NULL,
  `description` longtext COLLATE utf8_unicode_ci,
  `created` datetime NOT NULL,
  PRIMARY KEY (`id`)
) ENGINE=InnoDB AUTO_INCREMENT=1000 DEFAULT CHARSET=utf8 COLLATE=utf8_unicode_ci;
/*!40101 SET character_set_client = @saved_cs_client */;

--
-- Dumping data for table `TempUploadedFile`
--

LOCK TABLES `TempUploadedFile` WRITE;
/*!40000 ALTER TABLE `TempUploadedFile` DISABLE KEYS */;
INSERT INTO `TempUploadedFile` VALUES (1,'tempfile','17790910-a780-11eb-a166-3fd93adfc82f','kamaya_RC1_24R7JTB-1275310.pdf','',90450,'pdf',NULL,'2021-04-27 19:43:35'),(4,'tempfile','0611c938-a80b-11eb-9a5a-6acd0cdb26f9','photo_2021-04-28_12-15-01.jpg','image/jpeg',130261,'',NULL,'2021-04-28 12:18:06'),(5,'tempfile','1783c040-a80b-11eb-bce0-32d5dd395d8b','photo_2021-04-28_12-15-51.jpg','image/jpeg',125840,'',NULL,'2021-04-28 12:18:35'),(7,'tempfile','d7bd0dd0-a80b-11eb-8581-c5e8e68c73ec','Imagen.jpg','image/jpeg',125840,'',NULL,'2021-04-28 12:23:58'),(8,'tempfile','066f2ac8-a80c-11eb-ba72-6e715c848c0d','Imagen (2).jpg','image/jpeg',130261,'',NULL,'2021-04-28 12:25:16'),(9,'tempfile','615b84e0-a80c-11eb-abd5-f0cf448c84eb','Res 10Ω.jpg','image/jpeg',130261,'',NULL,'2021-04-28 12:27:49'),(11,'tempfile','03e21972-a80d-11eb-adeb-9e9665cdbc10','Nova Resistencias.pdf','',405198,'pdf',NULL,'2021-04-28 12:32:21'),(12,'tempfile','ba881afa-a80d-11eb-8988-c80646ff8240','Res 12Ω .jpg','',138038,'jpeg',NULL,'2021-04-28 12:37:28'),(13,'tempfile','d205f616-a80d-11eb-8209-10b9582850ca','Res 10Ω.jpg','image/jpeg',130261,'',NULL,'2021-04-28 12:38:07'),(14,'tempfile','86de1fa0-a80e-11eb-a643-65facd1398e6','Nova Resistencias.pdf','',405198,'pdf',NULL,'2021-04-28 12:43:11'),(16,'tempfile','0e720972-a80f-11eb-8b89-49ddc96f955a','Res 10Ω.jpg','image/jpeg',130261,'',NULL,'2021-04-28 12:46:58'),(17,'tempfile','ff87a9e8-a80f-11eb-b086-bc064978f606','Nova Resistencias.pdf','',405198,'pdf',NULL,'2021-04-28 12:53:42'),(19,'tempfile','7fa3141e-a810-11eb-b29a-8f84857b841b','Res 10Ω.jpg','image/jpeg',130261,'',NULL,'2021-04-28 12:57:17'),(20,'tempfile','8898a91c-a810-11eb-b708-a5b9c07b48a7','Nova Resistencias.pdf','application/pdf',405198,'',NULL,'2021-04-28 12:57:32'),(21,'tempfile','f4486e36-a810-11eb-9ec9-1778ef5194fa','Nova Resistencias.pdf','',405198,'pdf',NULL,'2021-04-28 13:00:33'),(22,'tempfile','fbd097e6-a810-11eb-ba26-7ed86466f0f2','Res 16Ω.jpg','',128840,'jpeg',NULL,'2021-04-28 13:00:46'),(23,'tempfile','632fb340-a811-11eb-9a6d-e6c0d1ba0d86','Res 18Ω.jpg','',119979,'jpeg',NULL,'2021-04-28 13:03:39'),(24,'tempfile','760c1166-a811-11eb-8078-4b4c284c7134','Nova Resistencias.pdf','',405198,'pdf',NULL,'2021-04-28 13:04:11'),(25,'tempfile','0313255e-a812-11eb-bb44-6508dea8660a','Nova Resistencias.pdf','',405198,'pdf',NULL,'2021-04-28 13:08:07'),(26,'tempfile','0a5d03f2-a812-11eb-82f1-e86d36c4dc52','Res 20Ω.jpg','',102859,'jpeg',NULL,'2021-04-28 13:08:20'),(27,'tempfile','bd8d3398-a812-11eb-a79d-8e2b7c220ffd','Res 22Ω.jpg','',142358,'jpeg',NULL,'2021-04-28 13:13:20'),(28,'tempfile','c3f81b4e-a812-11eb-9b89-729a95550f32','Nova Resistencias.pdf','',405198,'pdf',NULL,'2021-04-28 13:13:31'),(29,'tempfile','2bd727d2-a813-11eb-b11a-ebd38e3695f0','Res 10Ω.jpg','image/jpeg',130261,'',NULL,'2021-04-28 13:16:25'),(30,'tempfile','7f876fea-a813-11eb-81ff-b4f9ccbe4bde','Res 24Ω.jpg','',119231,'jpeg',NULL,'2021-04-28 13:18:46'),(31,'tempfile','87f74998-a813-11eb-b643-917a1c538b42','Nova Resistencias.pdf','',405198,'pdf',NULL,'2021-04-28 13:19:00'),(32,'tempfile','4e6b3382-a814-11eb-a499-a7f53e77caaf','Nova Resistencias.pdf','',405198,'pdf',NULL,'2021-04-28 13:24:33'),(33,'tempfile','56832192-a814-11eb-8186-07571dbf0afb','Res 27Ω.jpg','',135153,'jpeg',NULL,'2021-04-28 13:24:46'),(34,'tempfile','c2a9481a-a814-11eb-aef2-84869257ec73','Nova Resistencias.pdf','',405198,'pdf',NULL,'2021-04-28 13:27:48'),(35,'tempfile','cc6fdf1c-a814-11eb-90e5-325495216053','Res 30Ω.jpg','',135153,'jpeg',NULL,'2021-04-28 13:28:04'),(36,'tempfile','a85f5d54-a815-11eb-a4a0-cf894d42cad2','Res 33Ω .jpg','',146879,'jpeg',NULL,'2021-04-28 13:34:13'),(37,'tempfile','b047e860-a815-11eb-b9af-af8d59413864','Nova Resistencias.pdf','',405198,'pdf',NULL,'2021-04-28 13:34:27'),(38,'tempfile','3a7f7f70-a816-11eb-a20c-f7c3079ad6a9','Nova Resistencias.pdf','',405198,'pdf',NULL,'2021-04-28 13:38:18'),(39,'tempfile','4211fcc2-a816-11eb-b54f-1757cf44efb7','Res 36Ω.jpg','',102327,'jpeg',NULL,'2021-04-28 13:38:31'),(40,'tempfile','a678bf02-a816-11eb-aa57-3f916ef4eee9','Res 39Ω.jpg','',124066,'jpeg',NULL,'2021-04-28 13:41:20'),(41,'tempfile','ad284354-a816-11eb-a664-f524413ac1b9','Nova Resistencias.pdf','',405198,'pdf',NULL,'2021-04-28 13:41:31'),(42,'tempfile','0b8901e0-a817-11eb-b925-12a12f98e044','Nova Resistencias.pdf','',405198,'pdf',NULL,'2021-04-28 13:44:09'),(43,'tempfile','132c231e-a817-11eb-8c69-593b2586165f','Res 43Ω.jpg','',124924,'jpeg',NULL,'2021-04-28 13:44:22'),(44,'tempfile','d8fe81ae-a817-11eb-8a81-437127c5fdf8','Res 47Ω.jpg','',135072,'jpeg',NULL,'2021-04-28 13:49:54'),(45,'tempfile','eaf9e54c-a817-11eb-91a8-78f0f0f18b46','Nova Resistencias.pdf','',405198,'pdf',NULL,'2021-04-28 13:50:24'),(46,'tempfile','231ecf6c-a81a-11eb-b193-1c25e544f398','Nova Resistencias.pdf','',405198,'pdf',NULL,'2021-04-28 14:06:17'),(47,'tempfile','3077c2f4-a81a-11eb-b94d-d7bc6177c49c','Res 56Ω.jpg','image/jpeg',103939,'',NULL,'2021-04-28 14:06:40'),(48,'tempfile','38e3df0e-a81a-11eb-ade8-3f609a498040','Res 56Ω.jpg','',103939,'jpeg',NULL,'2021-04-28 14:06:54'),(49,'tempfile','27895648-a81b-11eb-bc2c-1cba338b865e','Res 62Ω.jpg','',141998,'jpeg',NULL,'2021-04-28 14:13:34'),(50,'tempfile','3231d480-a81b-11eb-9883-ce0d4ae55e93','Nova Resistencias.pdf','',405198,'pdf',NULL,'2021-04-28 14:13:52'),(51,'tempfile','ed865a2e-a8c2-11eb-bdbc-238a4304d3f7','Res 10Ω.jpg','image/jpeg',130261,'',NULL,'2021-04-29 10:14:32'),(52,'tempfile','1673348e-a8c3-11eb-b5af-eeaa7e70237b','Res 10Ω.png','image/jpeg',130261,'',NULL,'2021-04-29 10:15:41'),(53,'tempfile','301a3e36-a8d8-11eb-96b9-6ed99185a359','Nova Resistencias.pdf','',405198,'pdf',NULL,'2021-04-29 12:46:43'),(54,'tempfile','a44a64ac-a8d8-11eb-98fe-40c28d239f6b','Nova Resistencias.pdf','',405198,'pdf',NULL,'2021-04-29 12:49:58'),(55,'tempfile','c29a21e0-a8d8-11eb-ad78-feea16a7cca4','Nova Resistencias.pdf','',405198,'pdf',NULL,'2021-04-29 12:50:49'),(56,'tempfile','f246ac38-a8d8-11eb-a65a-3f599ce7e9b1','Nova Resistencias.pdf','',405198,'pdf',NULL,'2021-04-29 12:52:09'),(57,'tempfile','251944cc-a8d9-11eb-8a75-a1258ce7ce87','Nova Resistencias.pdf','',405198,'pdf',NULL,'2021-04-29 12:53:34'),(58,'tempfile','bd06f1da-a8d9-11eb-8730-403de35021da','Nova Resistencias.pdf','',405198,'pdf',NULL,'2021-04-29 12:57:49'),(59,'tempfile','e4b24e28-a8d9-11eb-b67c-b196575c1b1f','Nova Resistencias.pdf','',405198,'pdf',NULL,'2021-04-29 12:58:56'),(60,'tempfile','17999d28-a8da-11eb-b1d6-667da7cbc663','Nova Resistencias.pdf','',405198,'pdf',NULL,'2021-04-29 13:00:21'),(61,'tempfile','4d6effa6-a8da-11eb-907d-b8cfa04ca25f','Nova Resistencias.pdf','',405198,'pdf',NULL,'2021-04-29 13:01:52'),(62,'tempfile','f4ad79f0-a8da-11eb-a446-5de3853ecacd','Nova Resistencias.pdf','',405198,'pdf',NULL,'2021-04-29 13:06:32'),(63,'tempfile','3c393dae-a8db-11eb-ac90-59eb361f1b89','Nova Resistencias.pdf','',405198,'pdf',NULL,'2021-04-29 13:08:32'),(64,'tempfile','9d21fea8-a8db-11eb-bcad-9af0e95cd095','Nova Resistencias.pdf','',405198,'pdf',NULL,'2021-04-29 13:11:15'),(65,'tempfile','d8d0504e-a8db-11eb-b3e3-6b711ca7d87e','Nova Resistencias.pdf','',405198,'pdf',NULL,'2021-04-29 13:12:55'),(66,'tempfile','55792be8-a8dc-11eb-be64-e242d60d822e','Nova Resistencias.pdf','',405198,'pdf',NULL,'2021-04-29 13:16:24'),(67,'tempfile','963f1016-a8dc-11eb-b4cc-61fb50cd7972','Nova Resistencias.pdf','',405198,'pdf',NULL,'2021-04-29 13:18:13'),(68,'tempfile','f0460f2e-a8dc-11eb-bcbb-6f0ea8e50c04','Nova Resistencias.pdf','',405198,'pdf',NULL,'2021-04-29 13:20:44'),(69,'tempfile','2fc72002-a8dd-11eb-99b8-6e1f6c8c9eac','Nova Resistencias.pdf','',405198,'pdf',NULL,'2021-04-29 13:22:30'),(70,'tempfile','d81c1d0c-a8dd-11eb-afdb-c093339203dd','Nova Resistencias.pdf','',405198,'pdf',NULL,'2021-04-29 13:27:13'),(71,'tempfile','f6afb2b0-a8dd-11eb-b4ba-a33977fdec04','Nova Resistencias.pdf','',405198,'pdf',NULL,'2021-04-29 13:28:04'),(72,'tempfile','2e0cd1ac-a8de-11eb-947e-33db014bc8dc','Nova Resistencias.pdf','',405198,'pdf',NULL,'2021-04-29 13:29:37'),(73,'tempfile','51df51f4-a8de-11eb-bbd0-5de738d1bf4f','Nova Resistencias.pdf','',405198,'pdf',NULL,'2021-04-29 13:30:37'),(74,'tempfile','71f66ae0-a8de-11eb-ad58-71856eaebab3','Nova Resistencias.pdf','',405198,'pdf',NULL,'2021-04-29 13:31:31'),(75,'tempfile','55d6f252-a8df-11eb-8d40-018f0ed40a10','Nova Resistencias.pdf','',405198,'pdf',NULL,'2021-04-29 13:37:53'),(76,'tempfile','72d84e5a-a8df-11eb-90cf-eef61654245d','Nova Resistencias.pdf','',405198,'pdf',NULL,'2021-04-29 13:38:42'),(77,'tempfile','b2f3e01c-a8df-11eb-9b04-75f808141386','Nova Resistencias.pdf','',405198,'pdf',NULL,'2021-04-29 13:40:29'),(78,'tempfile','d75d0956-a8df-11eb-8229-da556cab551d','Nova Resistencias.pdf','',405198,'pdf',NULL,'2021-04-29 13:41:30'),(79,'tempfile','05c43738-a8e0-11eb-8b83-6368f113aa0d','Nova Resistencias.pdf','',405198,'pdf',NULL,'2021-04-29 13:42:48'),(80,'tempfile','30625f14-a981-11eb-9c66-16e3140c2b1e','Nova Resistencias.pdf','',405198,'pdf',NULL,'2021-04-30 08:56:29'),(81,'tempfile','a8b05822-a981-11eb-ac05-152a6623642c','Nova Resistencias.pdf','',405198,'pdf',NULL,'2021-04-30 08:59:51'),(83,'tempfile','8e04dcb8-a982-11eb-a5da-3d89364491ab','Nova Resistencias.pdf','',405198,'pdf',NULL,'2021-04-30 09:06:15'),(84,'tempfile','ae6ce162-a982-11eb-999d-de3f5cea8b67','Nova Resistencias.pdf','',405198,'pdf',NULL,'2021-04-30 09:07:10'),(85,'tempfile','bcb675b2-a982-11eb-8d2e-ab785b071236','Nova Resistencias.pdf','',405198,'pdf',NULL,'2021-04-30 09:07:34'),(86,'tempfile','ce98a926-a982-11eb-96aa-3684b577c6c9','Nova Resistencias.pdf','',405198,'pdf',NULL,'2021-04-30 09:08:04'),(87,'tempfile','e760a0a8-a982-11eb-b7f5-d7814f838c65','Nova Resistencias.pdf','',405198,'pdf',NULL,'2021-04-30 09:08:45'),(88,'tempfile','fb4b0d7e-a982-11eb-ac65-b1f1d9374ff1','Nova Resistencias.pdf','',405198,'pdf',NULL,'2021-04-30 09:09:19'),(89,'tempfile','106c4254-a983-11eb-ad60-339a797fa1d9','Nova Resistencias.pdf','',405198,'pdf',NULL,'2021-04-30 09:09:54'),(90,'tempfile','3f957f8c-a983-11eb-bb7a-87f91a22068e','Nova Resistencias.pdf','',405198,'pdf',NULL,'2021-04-30 09:11:13'),(92,'tempfile','749edb56-a983-11eb-8e52-f1bd4807c662','Nova Resistencias.pdf','',405198,'pdf',NULL,'2021-04-30 09:12:42'),(93,'tempfile','8a85d37a-a983-11eb-9e5b-a862b826a0d0','Nova Resistencias.pdf','',405198,'pdf',NULL,'2021-04-30 09:13:19'),(94,'tempfile','ba2dec7a-a983-11eb-a6a0-ebb5e0589aa4','Nova Resistencias.pdf','',405198,'pdf',NULL,'2021-04-30 09:14:39'),(95,'tempfile','dd02ad4e-a983-11eb-b7a7-38f5eefc00f4','Nova Resistencias.pdf','',405198,'pdf',NULL,'2021-04-30 09:15:37'),(96,'tempfile','ffec0170-a983-11eb-a031-be6602960943','Nova Resistencias.pdf','',405198,'pdf',NULL,'2021-04-30 09:16:36'),(97,'tempfile','74f0ff2a-a984-11eb-8a7c-6dc451afd202','Nova Resistencias.pdf','',405198,'pdf',NULL,'2021-04-30 09:19:52'),(98,'tempfile','8b86d0ca-a984-11eb-ae21-0ba25ce67342','Nova Resistencias.pdf','',405198,'pdf',NULL,'2021-04-30 09:20:30'),(99,'tempfile','a4e9296e-a984-11eb-84c9-b53cd6896751','Nova Resistencias.pdf','',405198,'pdf',NULL,'2021-04-30 09:21:13'),(100,'tempfile','17f3e39a-a985-11eb-b239-70e861b1b080','Nova Resistencias.pdf','',405198,'pdf',NULL,'2021-04-30 09:24:26'),(101,'tempfile','54fd0014-a985-11eb-be85-846e1e7138c7','Nova Resistencias.pdf','',405198,'pdf',NULL,'2021-04-30 09:26:08'),(102,'tempfile','6dedf4c0-a985-11eb-b90a-ca14f13c8bbb','Nova Resistencias.pdf','',405198,'pdf',NULL,'2021-04-30 09:26:50'),(103,'tempfile','a2022fc4-a985-11eb-8d3e-852d78793cd8','Nova Resistencias.pdf','',405198,'pdf',NULL,'2021-04-30 09:28:17'),(104,'tempfile','b5d77fcc-a985-11eb-8a1b-87921a693069','Nova Resistencias.pdf','',405198,'pdf',NULL,'2021-04-30 09:28:51'),(105,'tempfile','cbfae776-a985-11eb-ae47-30e96c75cc9a','Nova Resistencias.pdf','',405198,'pdf',NULL,'2021-04-30 09:29:28'),(130,'tempfile','a35b0f58-a98f-11eb-b6d9-74edbfec8ffa','Nova Resistencias.pdf','',405198,'pdf',NULL,'2021-04-30 10:39:55'),(131,'tempfile','bd3edcd8-a98f-11eb-863e-06ec9528eca5','Nova Resistencias.pdf','',405198,'pdf',NULL,'2021-04-30 10:40:38'),(132,'tempfile','065c8e82-a9a0-11eb-8dff-edff68f08fee','Nova Resistencias.pdf','',405198,'pdf',NULL,'2021-04-30 12:37:13'),(133,'tempfile','19c62410-a9a0-11eb-bd1d-d22a99e22416','Nova Resistencias.pdf','application/pdf',405198,'',NULL,'2021-04-30 12:37:45'),(134,'tempfile','37acc0ba-a9a0-11eb-a974-b533900f22d8','Nova Resistencias.pdf','application/pdf',405198,'',NULL,'2021-04-30 12:38:35'),(136,'tempfile','96841c00-a9a0-11eb-918c-b1f9396ce8a7','Nova Resistencias.pdf','',405198,'pdf',NULL,'2021-04-30 12:41:15'),(137,'tempfile','ad6e1416-a9a0-11eb-9cca-329f4edcc34a','Nova Resistencias.pdf','',405198,'pdf',NULL,'2021-04-30 12:41:53'),(138,'tempfile','cb9e784a-a9a0-11eb-bed4-6738a757c7bb','Nova Resistencias.pdf','',405198,'pdf',NULL,'2021-04-30 12:42:44'),(139,'tempfile','e81357c0-a9a0-11eb-9502-eeb517ef7708','Nova Resistencias.pdf','',405198,'pdf',NULL,'2021-04-30 12:43:31'),(140,'tempfile','166fdeea-a9a1-11eb-a20f-a0c299f47157','Nova Resistencias.pdf','',405198,'pdf',NULL,'2021-04-30 12:44:49'),(141,'tempfile','3c38b78c-a9a1-11eb-9fc7-4ab2e1c3d8ea','Nova Resistencias.pdf','',405198,'pdf',NULL,'2021-04-30 12:45:53'),(142,'tempfile','5c9bd374-a9a1-11eb-9345-5e78be78c057','Nova Resistencias.pdf','',405198,'pdf',NULL,'2021-04-30 12:46:47'),(143,'tempfile','812e22fa-a9a1-11eb-941a-94dac798422a','Nova Resistencias.pdf','',405198,'pdf',NULL,'2021-04-30 12:47:48'),(144,'tempfile','c524ae52-a9a1-11eb-a720-ecb20af73b79','Nova Resistencias.pdf','',405198,'pdf',NULL,'2021-04-30 12:49:42'),(145,'tempfile','e3eabdcc-a9a1-11eb-aac9-e92ff924bc2d','Nova Resistencias.pdf','',405198,'pdf',NULL,'2021-04-30 12:50:34'),(146,'tempfile','594ec234-a9a2-11eb-a4dc-50f0e60522a3','Nova Resistencias.pdf','',405198,'pdf',NULL,'2021-04-30 12:53:51'),(147,'tempfile','74ae7cae-a9a2-11eb-9cc3-ed08697ad99c','Nova Resistencias.pdf','',405198,'pdf',NULL,'2021-04-30 12:54:37'),(148,'tempfile','a256ac44-a9a2-11eb-af23-a6220be84730','Nova Resistencias.pdf','',405198,'pdf',NULL,'2021-04-30 12:55:53'),(149,'tempfile','c7bf8bae-a9a2-11eb-a155-517ab4742996','Nova Resistencias.pdf','',405198,'pdf',NULL,'2021-04-30 12:56:56'),(150,'tempfile','7644cb48-a9a4-11eb-b3df-564ccc0d31dd','Nova Resistencias.pdf','',405198,'pdf',NULL,'2021-04-30 13:08:58'),(151,'tempfile','b1ea6374-a9a4-11eb-afe1-877eabbcac66','Nova Resistencias.pdf','',405198,'pdf',NULL,'2021-04-30 13:10:38'),(152,'tempfile','d58389f0-a9a4-11eb-8f51-53553b851233','Nova Resistencias.pdf','',405198,'pdf',NULL,'2021-04-30 13:11:38'),(153,'tempfile','177098e4-a9a5-11eb-bc56-14c0e1c8e5b5','Nova Resistencias.pdf','',405198,'pdf',NULL,'2021-04-30 13:13:29'),(154,'tempfile','32f3aa5c-a9a5-11eb-af07-c44b48fc823f','Nova Resistencias.pdf','',405198,'pdf',NULL,'2021-04-30 13:14:15'),(155,'tempfile','4c8fe11a-a9a5-11eb-8b52-aec1fef9558d','Nova Resistencias.pdf','',405198,'pdf',NULL,'2021-04-30 13:14:58'),(157,'tempfile','c9af29d4-a9a6-11eb-92dd-b3d584611bc5','Res 30Ω.jpg','image/jpeg',68109,'',NULL,'2021-04-30 13:25:37'),(158,'tempfile','1b92e4b0-a9a8-11eb-b0de-7c5c1787a3f9','Nova Resistencias.pdf','',405198,'pdf',NULL,'2021-04-30 13:35:04'),(159,'tempfile','278707f0-a9ae-11eb-9329-609fec942427','Res 10 K.jpg','image/jpeg',103691,'',NULL,'2021-04-30 14:18:21'),(160,'tempfile','6bab5c70-abdd-11eb-9bdd-2e8dadda9714','Nova Resistencias.pdf','',405198,'pdf',NULL,'2021-05-03 09:01:44'),(161,'tempfile','982c28ba-abdd-11eb-a82a-dc6f03b40afe','Nova Resistencias.pdf','',405198,'pdf',NULL,'2021-05-03 09:02:59'),(162,'tempfile','b465ad9e-abdd-11eb-9bc3-8837c8f3f617','Nova Resistencias.pdf','',405198,'pdf',NULL,'2021-05-03 09:03:46'),(163,'tempfile','c7c29df2-abdd-11eb-8f48-00b10834b7e8','Nova Resistencias.pdf','',405198,'pdf',NULL,'2021-05-03 09:04:19'),(164,'tempfile','f06613b0-abdd-11eb-bfda-6403907ecb92','Nova Resistencias.pdf','',405198,'pdf',NULL,'2021-05-03 09:05:27'),(165,'tempfile','01b4eb8c-abde-11eb-a5c6-9d7a82c81808','Nova Resistencias.pdf','',405198,'pdf',NULL,'2021-05-03 09:05:56'),(166,'tempfile','140fd6de-abde-11eb-9815-3ba8ac971502','Nova Resistencias.pdf','',405198,'pdf',NULL,'2021-05-03 09:06:27'),(167,'tempfile','25ef60ea-abde-11eb-8d7c-d5164cca3ee5','Nova Resistencias.pdf','',405198,'pdf',NULL,'2021-05-03 09:06:57'),(168,'tempfile','3947cb14-abde-11eb-ae62-9ca54eaf221e','Nova Resistencias.pdf','',405198,'pdf',NULL,'2021-05-03 09:07:29'),(169,'tempfile','4c7eb2ce-abde-11eb-871f-6f98048d4c70','Nova Resistencias.pdf','',405198,'pdf',NULL,'2021-05-03 09:08:01'),(170,'tempfile','625097a2-abde-11eb-bb8d-c43aa7da1a18','Nova Resistencias.pdf','',405198,'pdf',NULL,'2021-05-03 09:08:38'),(171,'tempfile','733c9e9e-abde-11eb-86d5-ad30d0514d44','Nova Resistencias.pdf','',405198,'pdf',NULL,'2021-05-03 09:09:06'),(172,'tempfile','8e145cca-abde-11eb-9259-f2fc6e2e3450','Nova Resistencias.pdf','',405198,'pdf',NULL,'2021-05-03 09:09:51'),(173,'tempfile','9f474c46-abde-11eb-8b46-a7ddbe553597','Nova Resistencias.pdf','',405198,'pdf',NULL,'2021-05-03 09:10:20'),(174,'tempfile','d3c7db3e-abde-11eb-b5ef-d97578f5ff2e','Nova Resistencias.pdf','',405198,'pdf',NULL,'2021-05-03 09:11:48'),(175,'tempfile','eb062918-abde-11eb-9eb8-e5e8dca5a25f','Nova Resistencias.pdf','',405198,'pdf',NULL,'2021-05-03 09:12:27'),(176,'tempfile','fc9f794a-abde-11eb-a993-e23784684720','Nova Resistencias.pdf','',405198,'pdf',NULL,'2021-05-03 09:12:57'),(177,'tempfile','160326e8-abdf-11eb-8ef1-ff54dc728f0b','Nova Resistencias.pdf','',405198,'pdf',NULL,'2021-05-03 09:13:40'),(178,'tempfile','4786074e-abdf-11eb-b8dd-69a6ffc29771','Nova Resistencias.pdf','',405198,'pdf',NULL,'2021-05-03 09:15:03'),(179,'tempfile','5a60516c-abdf-11eb-97ec-a8999639ff0d','Nova Resistencias.pdf','',405198,'pdf',NULL,'2021-05-03 09:15:34'),(180,'tempfile','6f5e1ba8-abdf-11eb-aeb0-34e7c6401f68','Nova Resistencias.pdf','',405198,'pdf',NULL,'2021-05-03 09:16:09'),(181,'tempfile','86b2f3aa-abdf-11eb-9199-ba3d9e196dcf','Nova Resistencias.pdf','',405198,'pdf',NULL,'2021-05-03 09:16:49'),(182,'tempfile','9c614134-abdf-11eb-aec8-4ad7866a2089','Nova Resistencias.pdf','',405198,'pdf',NULL,'2021-05-03 09:17:25'),(183,'tempfile','b2284f30-abdf-11eb-b73f-c699c43cddae','Nova Resistencias.pdf','',405198,'pdf',NULL,'2021-05-03 09:18:01'),(184,'tempfile','c3a4dab2-abdf-11eb-b770-c4d03895c25d','Nova Resistencias.pdf','',405198,'pdf',NULL,'2021-05-03 09:18:31'),(185,'tempfile','241572ee-abe0-11eb-8c6b-43a0d69b194f','Nova Resistencias.pdf','',405198,'pdf',NULL,'2021-05-03 09:21:13'),(219,'tempfile','74acc7a2-ad70-11eb-8b3c-700d7b5edcdf','SMD 1 Ω.jpg','',67376,'jpeg',NULL,'2021-05-05 09:06:47'),(220,'tempfile','ca7913de-ad70-11eb-b1b6-43c6ba1b1001','SMD 150 K.jpg','',56281,'jpeg',NULL,'2021-05-05 09:09:10'),(221,'tempfile','f2f536ee-ad70-11eb-9e2b-a1d83cceb650','SMD 1 K.jpg','',62794,'jpeg',NULL,'2021-05-05 09:10:18'),(222,'tempfile','3264b688-ad71-11eb-b9ec-f4e60b9d502f','SMD 200 K.jpg','',58647,'jpeg',NULL,'2021-05-05 09:12:05'),(223,'tempfile','60eb0f66-ad71-11eb-9901-1406f6f25685','SMD 220 K.jpg','',56283,'jpeg',NULL,'2021-05-05 09:13:23'),(224,'tempfile','92d294cc-ad71-11eb-bf76-104c524c17e9','SMD 91 K.jpg','',60838,'jpeg',NULL,'2021-05-05 09:14:47'),(225,'tempfile','b9d65860-ad71-11eb-8833-5d0d998ddb89','SMD 39 K.jpg','',56779,'jpeg',NULL,'2021-05-05 09:15:52'),(226,'tempfile','8c86de2e-ad72-11eb-8eeb-b0b0e1ba6a50','SMD 2Ω.jpg','',45161,'jpeg',NULL,'2021-05-05 09:21:46'),(227,'tempfile','ac5dee36-ad72-11eb-831f-9b978eb670ac','SMD 68 Ω.jpg','',75909,'jpeg',NULL,'2021-05-05 09:22:39'),(228,'tempfile','e67413a2-ad72-11eb-9102-55b0ff8f07aa','SMD 47 Ω.jpg','',71843,'jpeg',NULL,'2021-05-05 09:24:16'),(229,'tempfile','7e034346-ad73-11eb-8bc8-230c343954b6','SMD 33 K.jpg','',69022,'jpeg',NULL,'2021-05-05 09:28:31'),(230,'tempfile','d786b6e6-ad73-11eb-8086-d7d191b01bd3','SMD 270 K.jpg','',60176,'jpeg',NULL,'2021-05-05 09:31:01'),(231,'tempfile','01181fea-ad74-11eb-801d-2b39a41fcd12','SMD 15 K.jpg','',56286,'jpeg',NULL,'2021-05-05 09:32:11'),(232,'tempfile','33877f16-ad74-11eb-9c8c-6ae1d2ad4c5b','SMD 75 K.jpg','',60846,'jpeg',NULL,'2021-05-05 09:33:35'),(233,'tempfile','6a8477c6-ad74-11eb-9b47-e19f3c3ec88a','SMD 82 K.jpg','',59151,'jpeg',NULL,'2021-05-05 09:35:07'),(234,'tempfile','cad7cce0-ad74-11eb-8a8b-fc40e8532ab7','SMD 10 K.jpg','',61633,'jpeg',NULL,'2021-05-05 09:37:49'),(235,'tempfile','f2407dae-ad74-11eb-a60b-c04a3c2c10ff','SMD 820 K.jpg','',68423,'jpeg',NULL,'2021-05-05 09:38:55'),(236,'tempfile','8a8fcb14-ad75-11eb-bc93-8ca17ce5f898','SMD 768 K (2).jpg','',51108,'jpeg',NULL,'2021-05-05 09:43:11'),(237,'tempfile','f6424742-ad75-11eb-ad43-7a6db795d9c5','SMD 750 K.jpg','',62842,'jpeg',NULL,'2021-05-05 09:46:11'),(238,'tempfile','21366fb4-ad76-11eb-a2b1-7d4d802aade6','SMD 330 K.jpg','',55836,'jpeg',NULL,'2021-05-05 09:47:23'),(239,'tempfile','4695005e-ad76-11eb-a767-54dbf9cd7125','SMD 649 K.jpg','',61624,'jpeg',NULL,'2021-05-05 09:48:26'),(240,'tempfile','70d4b35a-ad76-11eb-a5af-37acd9b4a58c','SMD 1.5 K.jpg','',61929,'jpeg',NULL,'2021-05-05 09:49:37'),(241,'tempfile','c261b560-ad76-11eb-bf1c-1dc038f7d163','SMD 390 K.jpg','',68107,'jpeg',NULL,'2021-05-05 09:51:54'),(242,'tempfile','03c15114-ad77-11eb-9775-30fb60751e58','SMD 56 K.jpg','',62359,'jpeg',NULL,'2021-05-05 09:53:44'),(243,'tempfile','3cc866be-ad77-11eb-9726-7be6829991a3','SMD 2.7 K.jpg','',61561,'jpeg',NULL,'2021-05-05 09:55:19'),(244,'tempfile','6a70f586-ad77-11eb-9117-d3350ad10696','SMD 5.6 K.jpg','',64145,'jpeg',NULL,'2021-05-05 09:56:36'),(245,'tempfile','909cef08-ad77-11eb-b524-61873d03c75a','SMD 280 Ω.jpg','',61415,'jpeg',NULL,'2021-05-05 09:57:40'),(246,'tempfile','ccbcbfae-ad77-11eb-a8cc-cda44fef0b8d','SMD 560 K.jpg','',64351,'jpeg',NULL,'2021-05-05 09:59:21'),(247,'tempfile','05a8f922-ad78-11eb-ba94-2c1282f9afb5','SMD 10 Ω.jpg','',75378,'jpeg',NULL,'2021-05-05 10:00:56'),(248,'tempfile','37882a30-ad78-11eb-8619-eb420f25f5d2','SMD 470 K.jpg','',61775,'jpeg',NULL,'2021-05-05 10:02:20'),(249,'tempfile','5d080cd0-ad78-11eb-973d-433d052f41d0','SMD 1 Ω.jpg','',67376,'jpeg',NULL,'2021-05-05 10:03:23'),(252,'tempfile','09bfb518-ad79-11eb-b754-7a05b9bd7f83','SMD 3.3 K.jpg','',59050,'jpeg',NULL,'2021-05-05 10:08:13'),(253,'tempfile','5d500a20-ad79-11eb-af10-56c02dee3a61','SMD 100 Ω.jpg','',63199,'jpeg',NULL,'2021-05-05 10:10:33'),(254,'tempfile','886c33fa-ad79-11eb-b52c-8a5243dbc38e','SMD 47 K.jpg','',64861,'jpeg',NULL,'2021-05-05 10:11:45'),(255,'tempfile','3ad7bd70-ad7a-11eb-b5ad-7918269e09bf','SMD 43 K.jpg','',40192,'jpeg',NULL,'2021-05-05 10:16:44'),(256,'tempfile','098dccd8-ad7e-11eb-81de-068de7542185','BC 337.PNG','image/png',97135,'',NULL,'2021-05-05 10:44:00'),(258,'tempfile','e704c0b2-ad7e-11eb-985b-99cbd8e03e05','BC327.PNG','',90552,'png',NULL,'2021-05-05 10:50:11'),(259,'tempfile','5f6eb3e6-ad7f-11eb-bd9a-901dcc9bac21','2N2222.PNG','',57294,'png',NULL,'2021-05-05 10:53:33'),(260,'tempfile','e6c0df0e-ad7f-11eb-99a9-33539440403d','2N2907.PNG','',70159,'png',NULL,'2021-05-05 10:57:20'),(261,'tempfile','54f8f768-ad80-11eb-ab97-35260e0d2b13','2N3906.PNG','',35691,'png',NULL,'2021-05-05 11:00:25'),(262,'tempfile','b9f09f68-ad80-11eb-9c3d-8da8cb25ae1d','2N3906.PNG','',35691,'png',NULL,'2021-05-05 11:03:15'),(263,'tempfile','0e6692aa-ad81-11eb-902b-908dd5dbe856','S8050.PNG','',73713,'png',NULL,'2021-05-05 11:05:36'),(264,'tempfile','97464124-ad81-11eb-9168-9d5581e31469','S8550.PNG','',140619,'png',NULL,'2021-05-05 11:09:26'),(265,'tempfile','e2bc1750-ad81-11eb-a73b-0188f0f50dd7','A1015.PNG','',283945,'png',NULL,'2021-05-05 11:11:33'),(266,'tempfile','65d37f7a-ad82-11eb-9eef-153851d33eb1','C1815.PNG','',43450,'png',NULL,'2021-05-05 11:15:13'),(267,'tempfile','ce7bb4a2-ad82-11eb-a3fb-c945426a08d4','C1815.PNG','image/png',43450,'',NULL,'2021-05-05 11:18:08'),(268,'tempfile','1392319a-ad8f-11eb-867a-a8a8ca36e4d7','PeineRoscas-387-0183.pdf','',348160,'pdf',NULL,'2021-05-05 12:45:58'),(269,'tempfile','1c172302-ad8f-11eb-af7d-781f164c8f5b','PeineRoscas387-0183.PNG','',64257,'png',NULL,'2021-05-05 12:46:12'),(270,'tempfile','dbfeee2a-ad8f-11eb-b05d-d0de5070f3e0','Macho-152-053.pdf','',411961,'pdf',NULL,'2021-05-05 12:51:34'),(271,'tempfile','e13127aa-ad8f-11eb-933a-3e038c6b3ee1','Macho-152-053.PNG','',42321,'png',NULL,'2021-05-05 12:51:43'),(272,'tempfile','505f157c-ad92-11eb-aab2-d73c1b3138ce','Peine de Rosca.PNG','',13977,'png',NULL,'2021-05-05 13:09:09'),(273,'tempfile','dd3c4f32-ad92-11eb-8255-2bc5842557e1','PeineRosca-683-0743.pdf','',725957,'pdf',NULL,'2021-05-05 13:13:05'),(274,'tempfile','0acfa2e0-ad94-11eb-a595-5b0fd5d7877b','PeineRosca-683-0756.PNG','',17167,'png',NULL,'2021-05-05 13:21:31'),(275,'tempfile','11b37384-ad94-11eb-bad8-57b9807c41eb','PeineRosca683-0756.pdf','',277211,'pdf',NULL,'2021-05-05 13:21:42'),(276,'tempfile','5a7e8376-ad97-11eb-948f-6d15c7b66ce7','Juego de Punzones.jpg','',61633,'jpeg',NULL,'2021-05-05 13:45:13'),(277,'tempfile','1ab45ece-ad9b-11eb-9f0c-c9b619477d26','MachosRosacr G 1-4 HSSG.jpg','',85447,'jpeg',NULL,'2021-05-05 14:12:04'),(278,'tempfile','6798dbfc-ad9b-11eb-9172-bc6ffc619af9','Cojinete para roscar.jpg','',52758,'jpeg',NULL,'2021-05-05 14:14:13'),(279,'tempfile','eb69580e-ae5d-11eb-b70b-dc0427ec616f',' LED PLCC6 3 in 1 SMD.jpg','',59929,'jpeg',NULL,'2021-05-06 13:26:36'),(280,'tempfile','ff3c7190-ae5d-11eb-97a5-48035e213df3','CLX6F-FKC.PNG','',40708,'png',NULL,'2021-05-06 13:27:10'),(281,'tempfile','76b685e2-ae60-11eb-97c1-d04a45824f58','PULSADORES 506-FSM6JH.pdf','',250389,'pdf',NULL,'2021-05-06 13:44:49'),(282,'tempfile','80e00926-ae60-11eb-845c-c6b53db49aaa','PULSADORES 506-FSM6JH.jpg','',44472,'jpeg',NULL,'2021-05-06 13:45:06'),(283,'tempfile','a79c1f54-ae61-11eb-9482-6c132c8e94bc','Pulsador Farnell redondo.PNG','',41755,'png',NULL,'2021-05-06 13:53:21'),(286,'tempfile','e1b7a49c-af06-11eb-a3c6-a647f55a2812','Res 100 k.jpg','',69184,'jpeg',NULL,'2021-05-07 09:36:05'),(287,'tempfile','baeb57f4-af07-11eb-adce-3bdacf754d3f','Res 100 k.jpg','',69184,'jpeg',NULL,'2021-05-07 09:42:10'),(288,'tempfile','baadaa6a-af09-11eb-bede-fd3973ad8324','Condensador cerámico Murata.jpg','',88626,'jpeg',NULL,'2021-05-07 09:56:28'),(289,'tempfile','c8b89d0e-af09-11eb-b882-7381c1efe166','Condensador cerámico, Murata.pdf','',93301,'pdf',NULL,'2021-05-07 09:56:52'),(290,'tempfile','492985ec-af0b-11eb-b359-325978c23c7a','RESISTENCIAS FH  RS-05K101JT.pdf','',2021791,'pdf',NULL,'2021-05-07 10:07:37'),(291,'tempfile','5524c8c0-af0b-11eb-861c-668e8ad8fd8e','Res LCSC 0805 100 Ω.jpg','',68217,'jpeg',NULL,'2021-05-07 10:07:57'),(292,'tempfile','94bd3614-af0d-11eb-81fd-767c72cc394d','DiodesSwitchingDiode .pdf','',995613,'pdf',NULL,'2021-05-07 10:24:02'),(293,'tempfile','b66891c8-af0d-11eb-88c8-9d52d20b1fc8','DiodesSwitchingDiode SLKOR.jpg','',70843,'jpeg',NULL,'2021-05-07 10:24:59'),(294,'tempfile','42bdbcb6-af13-11eb-ba1b-d9d89b896933','Res 2.2Ω .jpg','',13126,'jpeg',NULL,'2021-05-07 11:04:42'),(295,'tempfile','c1b2eb4a-af13-11eb-98a4-1ef867b96818','Res 6.8Ω .jpg','',16436,'jpeg',NULL,'2021-05-07 11:08:15'),(296,'tempfile','d75eae5c-af13-11eb-b07e-b8a55a9b06cd','Res 2.7Ω .jpg','',12222,'jpeg',NULL,'2021-05-07 11:08:51'),(297,'tempfile','9cb17ac2-af14-11eb-8815-eb982c7e7bee','Res 47Ω .jpg','',19920,'jpeg',NULL,'2021-05-07 11:14:22'),(298,'tempfile','b7571206-af14-11eb-bb14-f2833ffb6f8a','Res 83Ω .jpg','',16982,'jpeg',NULL,'2021-05-07 11:15:07'),(299,'tempfile','d1d2e83a-af14-11eb-9cc8-fdad01e3da87','Res 180Ω .jpg','',15239,'jpeg',NULL,'2021-05-07 11:15:51'),(300,'tempfile','fe5b1c6a-af14-11eb-9565-ebb2611fc512','Res 680Ω .jpg','',12446,'jpeg',NULL,'2021-05-07 11:17:06'),(301,'tempfile','263b126c-af15-11eb-9e6f-3ca003c591c4','Res 1.8 k .jpg','',23842,'jpeg',NULL,'2021-05-07 11:18:13'),(302,'tempfile','44cb32de-af15-11eb-a1d8-3a617a57cf1b','Res 3.0 k .jpg','',18074,'jpeg',NULL,'2021-05-07 11:19:04'),(303,'tempfile','69e5f428-af15-11eb-a49c-d997d2e9c045','Res 22Ω .jpg','',12007,'jpeg',NULL,'2021-05-07 11:20:07'),(304,'tempfile','8687108a-af15-11eb-9f43-49c4366deeae','Res 56Ω .jpg','',13559,'jpeg',NULL,'2021-05-07 11:20:55'),(305,'tempfile','a778dfd0-af15-11eb-80f8-8077296934c2','Res 330Ω .jpg','',18563,'jpeg',NULL,'2021-05-07 11:21:50'),(306,'tempfile','e04b7d2c-af15-11eb-bd3e-824a07eed9d3','Res 820Ω .jpg','',18010,'jpeg',NULL,'2021-05-07 11:23:25'),(307,'tempfile','15677524-af16-11eb-9bbe-e2355a76c2f5','Res 3.3 k.jpg','',17311,'jpeg',NULL,'2021-05-07 11:24:54'),(308,'tempfile','364aef3c-af16-11eb-a3a6-50630d097eac','Res 3.3Ω .jpg','',16985,'jpeg',NULL,'2021-05-07 11:25:49'),(309,'tempfile','77b13364-af16-11eb-b9e8-cf6156a044ad','Res 8.2Ω .jpg','',28154,'jpeg',NULL,'2021-05-07 11:27:39'),(310,'tempfile','a6f4f89a-af16-11eb-bd8b-7a49ffe582ef','Res 27Ω .jpg','',21962,'jpeg',NULL,'2021-05-07 11:28:59'),(311,'tempfile','da76cffe-af16-11eb-b1a1-6f2a3e5c592e','Res 100Ω .jpg','',23100,'jpeg',NULL,'2021-05-07 11:30:25'),(312,'tempfile','5be3a54e-af17-11eb-a43b-46a6bbd38e11','Res 220 Ω .jpg','',19490,'jpeg',NULL,'2021-05-07 11:34:02'),(313,'tempfile','80c52cb6-af17-11eb-9172-f0f19119340e','Res 390 Ω .jpg','',26930,'jpeg',NULL,'2021-05-07 11:35:04'),(314,'tempfile','9ec40f34-af17-11eb-bfb9-15631f3b6e89','Res 1.0 k .jpg','',23251,'jpeg',NULL,'2021-05-07 11:35:54'),(315,'tempfile','014ce6d0-af18-11eb-8ad0-8158247077ef','Res 2.4 k .jpg','',26085,'jpeg',NULL,'2021-05-07 11:38:40'),(316,'tempfile','32a78dd4-af18-11eb-8086-3bcc7646bb24','Res 3.9 k .jpg','',20096,'jpeg',NULL,'2021-05-07 11:40:02'),(317,'tempfile','4e331140-af18-11eb-8b7a-766c76ebe22b','Res 4.7Ω .jpg','',25084,'jpeg',NULL,'2021-05-07 11:40:49'),(318,'tempfile','65ce7768-af18-11eb-8338-2c5fd05859fc','Res 33Ω .jpg','',19621,'jpeg',NULL,'2021-05-07 11:41:28'),(319,'tempfile','8216ae5e-af18-11eb-b0a4-b9087b02da7c','Res 150Ω .jpg','',21172,'jpeg',NULL,'2021-05-07 11:42:16'),(320,'tempfile','9f34bb2a-af18-11eb-990b-024ef08e0c98','Res 1.5 K .jpg','',18707,'jpeg',NULL,'2021-05-07 11:43:05'),(321,'tempfile','e1ab31e6-af18-11eb-be27-2726d84d843a','Res 2.7 K .jpg','',18184,'jpeg',NULL,'2021-05-07 11:44:56'),(322,'tempfile','006532ee-af19-11eb-a591-fd09aea99a15','Res 4.7 K.jpg','',17741,'jpeg',NULL,'2021-05-07 11:45:48'),(323,'tempfile','8cc82de2-af1c-11eb-9e17-c7e50a9debe9','Res 270Ω .jpg','',19279,'jpeg',NULL,'2021-05-07 12:11:12'),(330,'tempfile','ef810a32-b168-11eb-a07f-cdc65ec484e4','On semiconductor- Mosfet-DMG1012T-7.jpg','',91597,'jpeg',NULL,'2021-05-10 10:23:01'),(331,'tempfile','05ec11cc-b169-11eb-8662-780a1c2d4f89','Semiconductor Mosfet-2N7002.PNG','',37073,'png',NULL,'2021-05-10 10:23:39'),(332,'tempfile','2a7136da-b169-11eb-982c-edc88acd0a18','Semiconductor-Mosfet-2N7002.pdf','',592944,'pdf',NULL,'2021-05-10 10:24:40'),(337,'tempfile','000ab6c2-b183-11eb-8095-dfd4ebd2bf63','RC0805FR-073K3L.PNG','',26957,'png',NULL,'2021-05-10 13:29:36'),(338,'tempfile','16672cc0-b183-11eb-843f-35224fb15f40','Res RC0805FR-073K3L.pdf','',768198,'pdf',NULL,'2021-05-10 13:30:13'),(339,'tempfile','dc8d940c-b183-11eb-ac54-910819c2816a','Yageo-RC0805FR-0712RL.pdf','',768198,'pdf',NULL,'2021-05-10 13:35:46'),(340,'tempfile','073f2b98-b184-11eb-a655-9a57d3d41222','RC0805FR-0712RL.PNG','',26957,'png',NULL,'2021-05-10 13:36:58'),(341,'tempfile','98b8cd90-b184-11eb-851a-3af665d116b3','RC0805FR-07560KL.PNG','',26957,'png',NULL,'2021-05-10 13:41:02'),(342,'tempfile','12372162-b185-11eb-9290-0598dc5dd27d','Yageo-RC0805FR-07560KL.pdf','',768198,'pdf',NULL,'2021-05-10 13:44:25'),(343,'tempfile','c72e9230-b185-11eb-92bc-d89c3cf189c2','Yageo-RC0805FR-074M3L.pdf','',768198,'pdf',NULL,'2021-05-10 13:49:29'),(344,'tempfile','e6f740bc-b185-11eb-85d7-2cfb4c73fc4e','RC0805FR-074M3L.PNG','',26957,'png',NULL,'2021-05-10 13:50:22'),(345,'tempfile','678cf53c-b186-11eb-aee7-e9fff7c90bd2','RC0805FR-07150RL.PNG','',26957,'png',NULL,'2021-05-10 13:53:58'),(346,'tempfile','755e0a84-b186-11eb-8d7c-27038b65748c','Yageo-RC0805FR-07150RL.pdf','',768198,'pdf',NULL,'2021-05-10 13:54:21'),(347,'tempfile','12a86906-b187-11eb-9d2d-3bab5d4852b7','Yageo-RC0805FR-0730KL.pdf','',768198,'pdf',NULL,'2021-05-10 13:58:45'),(348,'tempfile','267ddc04-b187-11eb-8284-7eabd9b42803','RC0805FR-0730KL.PNG','',26957,'png',NULL,'2021-05-10 13:59:18'),(349,'tempfile','ac160e22-b187-11eb-8589-6cf49ae4d858','RC0805FR-074R3L.PNG','',26957,'png',NULL,'2021-05-10 14:03:03'),(350,'tempfile','bb91c242-b187-11eb-910a-258c803d94d2','Yageo-RC0805FR-074R3L.pdf','',768198,'pdf',NULL,'2021-05-10 14:03:29'),(351,'tempfile','42ac752e-b223-11eb-a05c-e4d73adbd803','Pulsadores 506-FSM6JH.jpg','',24742,'jpeg',NULL,'2021-05-11 08:36:47'),(352,'tempfile','485305a6-b223-11eb-b9e4-f01b76a17331','Caja Pulsadores 506-FSM6JH.jpg','',46801,'jpeg',NULL,'2021-05-11 08:36:57'),(353,'tempfile','7ebb162c-b225-11eb-9023-fc37fbaf2493','RC0805FR-07510RL.PNG','',26957,'png',NULL,'2021-05-11 08:52:47'),(354,'tempfile','8d58eb8c-b225-11eb-b806-12ef345635a0','Yageo-RC0805FR-07510RL.pdf','',768198,'pdf',NULL,'2021-05-11 08:53:11'),(355,'tempfile','bd858562-b226-11eb-9654-7cca8b832f16','Yageo-RC0805FR-075R1L.pdf','',768198,'pdf',NULL,'2021-05-11 09:01:42'),(356,'tempfile','f6b94be8-b226-11eb-b555-2a42efbb3eaf','RC0805FR-075R1L.PNG','',26957,'png',NULL,'2021-05-11 09:03:18'),(357,'tempfile','38fb38e4-b228-11eb-b989-eb61c5436fae','RC0805FR-0724KL.PNG','',26957,'png',NULL,'2021-05-11 09:12:18'),(358,'tempfile','60c4602a-b229-11eb-99f0-8291e591332c','RC0805FR-0724KL.PNG','image/png',26957,'',NULL,'2021-05-11 09:20:35'),(359,'tempfile','7e6dfad2-b229-11eb-a682-c045f47fffa3','Yageo-RC0805FR-0724KL.pdf','',768198,'pdf',NULL,'2021-05-11 09:21:24'),(360,'tempfile','1e6d56a4-b22a-11eb-ac33-6257248b9e4f','Yageo-RC0805FR-073KL.pdf','',768198,'pdf',NULL,'2021-05-11 09:25:53'),(361,'tempfile','370d871a-b22a-11eb-8df6-0fc6899a62c4','RC0805FR-073KL.PNG','',26957,'png',NULL,'2021-05-11 09:26:34'),(362,'tempfile','d6861266-b22b-11eb-96cb-7419ec1c922f','RC0805FR-0751RL.PNG','',26957,'png',NULL,'2021-05-11 09:38:11'),(363,'tempfile','ec8fed5c-b22b-11eb-ace2-117cd1820dbe','Yageo-RC0805FR-0751RL.pdf','',768198,'pdf',NULL,'2021-05-11 09:38:48'),(364,'tempfile','82776eb0-b22e-11eb-a0c1-2e50b786d370','Yageo-RC0805FR-072K4Lpdf.pdf','',768198,'pdf',NULL,'2021-05-11 09:57:19'),(365,'tempfile','c5cdc8b2-b22e-11eb-bbe8-916cc16c2e70','RC0805FR-072K4L.PNG','',26957,'png',NULL,'2021-05-11 09:59:12'),(366,'tempfile','9134afd4-b22f-11eb-add2-7c14b690202e','RC0805FR-079R1L.PNG','',26957,'png',NULL,'2021-05-11 10:04:53'),(367,'tempfile','b76ccbf0-b22f-11eb-bcb8-2cc5ae20cc7b','Yageo-RC0805FR-079R1L.pdf','',768198,'pdf',NULL,'2021-05-11 10:05:57'),(368,'tempfile','53311e6a-b230-11eb-8fed-463f89d1b01d','Yage-RC0805FR-07200KL.pdf','',768198,'pdf',NULL,'2021-05-11 10:10:18'),(369,'tempfile','1b44a250-b231-11eb-b9fc-40f78c499eaa','RC0805FR-07200KL.PNG','',27462,'png',NULL,'2021-05-11 10:15:54'),(370,'tempfile','2e59987c-b232-11eb-a786-5739374bb2bb','RC0805FR-0782KL.PNG','',27462,'png',NULL,'2021-05-11 10:23:36'),(371,'tempfile','4c7f9072-b232-11eb-9f85-bcef0e5eb702','Yageo-RC0805FR-0782KL.pdf','',768198,'pdf',NULL,'2021-05-11 10:24:26'),(372,'tempfile','c0f8e452-b233-11eb-ac50-34de22c836a3','Yageo-RC0805FR-07120KL.pdf','',768198,'pdf',NULL,'2021-05-11 10:34:51'),(373,'tempfile','d4f2bfaa-b233-11eb-a6b6-b674bf425442','RC0805FR-07120KL.PNG','',27359,'png',NULL,'2021-05-11 10:35:25'),(374,'tempfile','57d0c2aa-b234-11eb-974a-9f0e2ec82166','RC0805FR-0712KL.PNG','',27359,'png',NULL,'2021-05-11 10:39:04'),(375,'tempfile','7d672928-b234-11eb-b6f1-07c2835ca143','Yageo-RC0805FR-0712KL.pdf','',768198,'pdf',NULL,'2021-05-11 10:40:07'),(376,'tempfile','a92f66d2-b235-11eb-85f4-36ace81a5b49','RC0805FR-0739KL.PNG','',27359,'png',NULL,'2021-05-11 10:48:30'),(377,'tempfile','bc9f59ac-b235-11eb-9e0c-43a0b0514749','Yageo-RC0805FR-0739KL.pdf','',768198,'pdf',NULL,'2021-05-11 10:49:03'),(378,'tempfile','6e63af52-b237-11eb-8f67-48b82c2deca6','Conectores-Ningbo Kangnex Elec WJ126V-5.0-2P.pdf','application/pdf',1210269,'',NULL,'2021-05-11 11:01:10'),(379,'tempfile','84914068-b238-11eb-b0b1-08a273b59070','Yageo-RC0805FR-0791KL.pdf','',768198,'pdf',NULL,'2021-05-11 11:08:57'),(380,'tempfile','a71b0718-b238-11eb-b449-6e7f2b1e7dd1','RC0805FR-0791KL.PNG','',27359,'png',NULL,'2021-05-11 11:09:55'),(381,'tempfile','1f864ab4-b239-11eb-870f-7cf4e3f84f15','RC0805FR-0722RL.PNG','',27359,'png',NULL,'2021-05-11 11:13:17'),(382,'tempfile','429b8564-b239-11eb-a4e9-d97ad989164c','Yageo-RC0805FR-0722RL.pdf','',768198,'pdf',NULL,'2021-05-11 11:14:16'),(383,'tempfile','c4f67708-b239-11eb-8d91-2596001609d9','Yageo-RC0805FR-07430RL.pdf','',768198,'pdf',NULL,'2021-05-11 11:17:55'),(384,'tempfile','0aa6df9a-b23a-11eb-8178-d3620b47536f','RC0805FR-07430RL.PNG','',27359,'png',NULL,'2021-05-11 11:19:52'),(385,'tempfile','6258afc0-b23a-11eb-a329-0ae9b100db8f','RC0805FR-072ML.PNG','',27359,'png',NULL,'2021-05-11 11:22:19'),(386,'tempfile','82f2892c-b23a-11eb-a80f-85750d8acd39','Yageo-RC0805FR-072ML.pdf','',768198,'pdf',NULL,'2021-05-11 11:23:13'),(388,'tempfile','0ce263c0-b24d-11eb-baf7-3a2d37ffc834','Yageo-RC0805FR-072M4L.pdf','',768198,'pdf',NULL,'2021-05-11 13:35:56'),(389,'tempfile','1d5362fe-b24d-11eb-8403-2fa63693d54c','RC0805FR-072M4L.PNG','',27359,'png',NULL,'2021-05-11 13:36:23'),(390,'tempfile','d5c04668-b24d-11eb-a6d3-b8d756f34a74','Yageo-RC0805FR-071M6L.PNG','image/png',27359,'',NULL,'2021-05-11 13:41:33'),(391,'tempfile','f3d79192-b24d-11eb-8e17-dfac51771796','Yageo-RC0805FR-071M6L.pdf','',768198,'pdf',NULL,'2021-05-11 13:42:23'),(392,'tempfile','05ea6d64-b24e-11eb-8cd7-11f7c081b78a','RC0805FR-071M6L.PNG','',27359,'png',NULL,'2021-05-11 13:42:54'),(393,'tempfile','b546bf6e-b24f-11eb-92c4-a2dc9d41cbdb','RC0805FR-071M5L.PNG','',27359,'png',NULL,'2021-05-11 13:54:57'),(394,'tempfile','c5ca1962-b24f-11eb-93d1-cd7a66e50aae','Yageo-RC0805FR-071M5L.pdf','',768198,'pdf',NULL,'2021-05-11 13:55:25'),(395,'tempfile','56a965a6-b303-11eb-a811-f6d86657f945','Yageo-RC0805FR-0730RL.pdf','',768198,'pdf',NULL,'2021-05-12 11:20:48'),(396,'tempfile','6f246afe-b303-11eb-a5a7-5254d325d6fa','RC0805FR-0730RL.PNG','',27359,'png',NULL,'2021-05-12 11:21:29'),(397,'tempfile','4f58220a-b304-11eb-95ba-9170f5268639','RC0805FR-0756RL.PNG','',27359,'png',NULL,'2021-05-12 11:27:45'),(398,'tempfile','5bb643d8-b304-11eb-b073-a7473cc0dd75','Yageo-RC0805FR-0756RL.pdf','',768198,'pdf',NULL,'2021-05-12 11:28:06'),(400,'tempfile','0983efa6-b305-11eb-875f-cd175bfd7794','Yageo-RC0805FR-0710RL.pdf','',768198,'pdf',NULL,'2021-05-12 11:32:58'),(401,'tempfile','1b13cbb0-b305-11eb-9121-2599e067a6ae','RC0805FR-0710RL.PNG','',27359,'png',NULL,'2021-05-12 11:33:27'),(403,'tempfile','6950ba86-b305-11eb-908b-a33ba9630d86','RC0805FR-0715KL.PNG','',27359,'png',NULL,'2021-05-12 11:35:38'),(405,'tempfile','92520548-b305-11eb-a9d1-e30bba607464','Yageo-RC0805FR-0715KL.pdf','',768198,'pdf',NULL,'2021-05-12 11:36:47'),(412,'tempfile','e2930fca-b305-11eb-a9de-422e00eb6fc0','Yageo-RC0805FR-0720RL.pdf','',768198,'pdf',NULL,'2021-05-12 11:39:02'),(416,'tempfile','2c0315ba-b306-11eb-a5ee-30e2a1625ea3','RC0805FR-0720RL.PNG','',27359,'png',NULL,'2021-05-12 11:41:05'),(422,'tempfile','aaeabb44-b306-11eb-a69a-d1b4cdfd772b','RC0805FR-076R8L.PNG','',27359,'png',NULL,'2021-05-12 11:44:38'),(423,'tempfile','bd9b5f50-b306-11eb-977a-fc4f477cedb6','Yageo-RC0805FR-076R8L.pdf','',768198,'pdf',NULL,'2021-05-12 11:45:09'),(424,'tempfile','1622e990-b307-11eb-aa84-d0df439a60f8','Yageo-RC0805FR-0762RL.pdf','',768198,'pdf',NULL,'2021-05-12 11:47:38'),(425,'tempfile','2f067242-b307-11eb-9b0c-f3fbc06897f6','RC0805FR-0762RL.PNG','',27359,'png',NULL,'2021-05-12 11:48:20'),(426,'tempfile','8de113da-b307-11eb-8c94-aeca7b26f8a9','RC0805FR-07360RL.PNG','',27359,'png',NULL,'2021-05-12 11:50:59'),(427,'tempfile','9f0ff3c4-b307-11eb-b5c6-8b66dffc6fd7','Yageo-RC0805FR-07360RL.pdf','',768198,'pdf',NULL,'2021-05-12 11:51:27'),(428,'tempfile','979a125e-b308-11eb-a87e-b10e26820e26','Yageo-RC0805FR-07100KL.pdf','',768198,'pdf',NULL,'2021-05-12 11:58:24'),(429,'tempfile','bde5cd36-b308-11eb-a707-74c467c8497b','RC0805FR-07100KL.PNG','',27359,'png',NULL,'2021-05-12 11:59:29'),(430,'tempfile','292a19a8-b309-11eb-8d44-f845f9729bcb','RC0805FR-07620RL.PNG','',27359,'png',NULL,'2021-05-12 12:02:29'),(431,'tempfile','41f9b11e-b309-11eb-b367-375247138be4','Yageo-RC0805FR-071620RL.pdf','',768198,'pdf',NULL,'2021-05-12 12:03:10'),(432,'tempfile','b1ece1d0-b309-11eb-a8df-5c54089e21fe','Yageo-RC0805FR-07750KL.pdf','',768198,'pdf',NULL,'2021-05-12 12:06:18'),(433,'tempfile','c7321e8e-b309-11eb-af76-746e3ab60982','RC0805FR-07750KL.PNG','',27359,'png',NULL,'2021-05-12 12:06:54'),(434,'tempfile','95e1c1c6-b30a-11eb-9520-fad2a234ea7c','RC0805FR-0747RL.PNG','',27359,'png',NULL,'2021-05-12 12:12:41'),(435,'tempfile','c058668a-b30a-11eb-893b-fc0a5feddb6a','Yageo-RC0805FR-0747RL.pdf','',768198,'pdf',NULL,'2021-05-12 12:13:52'),(436,'tempfile','32c0535e-b30b-11eb-860e-ad9d1eb9511a','Yageo-RC0805FR-07150KL.pdf','',768198,'pdf',NULL,'2021-05-12 12:17:04'),(437,'tempfile','49eb2c34-b30b-11eb-9e63-1e7651840dd4','RC0805FR-07150KL.PNG','',27359,'png',NULL,'2021-05-12 12:17:43'),(438,'tempfile','9f386084-b30c-11eb-b191-131ed90db50d','RC0805FR-075M1L.PNG','',27359,'png',NULL,'2021-05-12 12:27:15'),(439,'tempfile','d37c6d4a-b30c-11eb-99ba-6190f9b2707b','Yageo-RC0805FR-075M1L.pdf','',768198,'pdf',NULL,'2021-05-12 12:28:43'),(440,'tempfile','3cad09dc-b30d-11eb-b822-23b70086c918','Yageo-RC0805FR-0716KL.pdf','',768198,'pdf',NULL,'2021-05-12 12:31:39'),(441,'tempfile','5610c288-b30d-11eb-9f29-ff54f46f5b4b','RC0805FR-0716KL.PNG','',27359,'png',NULL,'2021-05-12 12:32:22'),(442,'tempfile','5d7f3166-b30e-11eb-a10c-4c76aabf42ac','RC0805FR-073M9L.PNG','',27359,'png',NULL,'2021-05-12 12:39:44'),(443,'tempfile','76cb24f4-b30e-11eb-a58a-208597be7ae1','Yageo-RC0805FR-073M9L.pdf','',768198,'pdf',NULL,'2021-05-12 12:40:26'),(444,'tempfile','08756414-b30f-11eb-881c-d8c4cff3eb90','Yageo-RC0805FR-07820KL.pdf','',768198,'pdf',NULL,'2021-05-12 12:44:31'),(445,'tempfile','1f5c61aa-b30f-11eb-8fdf-aa359271b33d','RC0805FR-07820KL.PNG','',27359,'png',NULL,'2021-05-12 12:45:09'),(446,'tempfile','9709463c-b30f-11eb-acdd-a3411312a693','RC0805FR-07160KL.PNG','',27359,'png',NULL,'2021-05-12 12:48:30'),(447,'tempfile','b78280b8-b30f-11eb-8d75-bc5177c42fca','Yageo-RC0805FR-07160KL.pdf','',768198,'pdf',NULL,'2021-05-12 12:49:24'),(448,'tempfile','24769c36-b310-11eb-94e7-dd1d134798b5','Yageo-RC0805FR-072K7L.pdf','',768198,'pdf',NULL,'2021-05-12 12:52:27'),(449,'tempfile','393ff7f2-b310-11eb-9316-f96866a3dfbb','RC0805FR-072K7L.PNG','',27359,'png',NULL,'2021-05-12 12:53:02'),(450,'tempfile','15ae85b8-b312-11eb-ab5e-eb67a114d2a6','RC0805FR-07510KL.PNG','',27359,'png',NULL,'2021-05-12 13:06:21'),(451,'tempfile','27bcd8cc-b312-11eb-9f00-364eecf72dd0','Yageo-RC0805FR-07510KL.pdf','',768198,'pdf',NULL,'2021-05-12 13:06:52'),(452,'tempfile','8a15b200-b312-11eb-82f5-24a4c0f630e3','Yageo-RC0805FR-07910KL.pdf','',768198,'pdf',NULL,'2021-05-12 13:09:37'),(453,'tempfile','9bb0d1c0-b312-11eb-a19e-b4332a6b0006','RC0805FR-07910KL.PNG','',27359,'png',NULL,'2021-05-12 13:10:06'),(454,'tempfile','63664fec-b313-11eb-99ab-9087d01f90f0','RC0805FR-0775RL.PNG','',27359,'png',NULL,'2021-05-12 13:15:41'),(455,'tempfile','78742f1c-b313-11eb-bd12-44371b9314a7','Yageo-RC0805FR-0775RL.pdf','',768198,'pdf',NULL,'2021-05-12 13:16:17'),(456,'tempfile','c8f62a8a-b313-11eb-b31e-55378a5d6c85','Yageo-RC0805FR-073M6L.pdf','',768198,'pdf',NULL,'2021-05-12 13:18:32'),(457,'tempfile','e09239cc-b313-11eb-b633-151ddb181f21','RC0805FR-073M6L.PNG','',27359,'png',NULL,'2021-05-12 13:19:11'),(458,'tempfile','9d782632-b314-11eb-914a-7348d5fb4992','RC0805FR-0768RL.PNG','',27359,'png',NULL,'2021-05-12 13:24:28'),(459,'tempfile','dd4f790e-b314-11eb-bbb2-9067a3448730','Yageo-RC0805FR-0768RL.pdf','',768198,'pdf',NULL,'2021-05-12 13:26:15'),(460,'tempfile','94a44270-b319-11eb-800e-bc5e9ad7dc8f','RC0805FR-0727KL.PNG','',27359,'png',NULL,'2021-05-12 14:00:01'),(461,'tempfile','9b72ef52-b319-11eb-b510-df70fe774c29','Yageo-RC0805FR-0727KL.pdf','',768198,'pdf',NULL,'2021-05-12 14:00:12'),(462,'tempfile','9b32b1d6-b480-11eb-940d-e37b541d6e80','RC0805FR-072KL.PNG','',27359,'png',NULL,'2021-05-14 08:50:01'),(463,'tempfile','a2570ffc-b480-11eb-a526-b3ad7d6fd96d','Yageo-RC0805FR-072KL.pdf','',768198,'pdf',NULL,'2021-05-14 08:50:13'),(464,'tempfile','31f9a8f4-b481-11eb-a174-d3944212dffa','RC0805FR-0782RL.PNG','',27359,'png',NULL,'2021-05-14 08:54:14'),(465,'tempfile','3b9f24ce-b481-11eb-b024-69f757ae8538','Yageo-RC0805FR-0782RL.pdf','',768198,'pdf',NULL,'2021-05-14 08:54:30'),(466,'tempfile','d09580d2-b481-11eb-b85f-bea6302d9dce','RC0805FR-07470RL.PNG','',27359,'png',NULL,'2021-05-14 08:58:40'),(467,'tempfile','d9a018a4-b481-11eb-8040-e4bdbb1d8d88','Yageo-RC0805FR-07470RL.pdf','',768198,'pdf',NULL,'2021-05-14 08:58:55'),(468,'tempfile','75b64f10-b482-11eb-9aad-3ffacabe58c9','RC0805FR-078R2L.PNG','',27359,'png',NULL,'2021-05-14 09:03:17'),(469,'tempfile','7beccf9e-b482-11eb-8fcf-c20abb85245f','Yageo-RC0805FR-078R2L.pdf','',768198,'pdf',NULL,'2021-05-14 09:03:28'),(470,'tempfile','646bae70-b483-11eb-8cf0-e5b2a3676668','RC0805FR-077R5L.PNG','',27359,'png',NULL,'2021-05-14 09:09:58'),(471,'tempfile','78faba7a-b483-11eb-9c8f-0ea025bed341','Yageo-RC0805FR-077R5L.pdf','',768198,'pdf',NULL,'2021-05-14 09:10:32'),(472,'tempfile','7c6f6c68-b484-11eb-97d9-ff4bc5192111','RC0805FR-0720KL.PNG','',27359,'png',NULL,'2021-05-14 09:17:48'),(473,'tempfile','82ccc9d4-b484-11eb-8d4c-b7f2585ffb0e','Yageo-RC0805FR-0720KL.pdf','',768198,'pdf',NULL,'2021-05-14 09:17:58'),(474,'tempfile','0923613c-b485-11eb-891a-38303bb52b55','RC0805FR-0710KL.PNG','',27359,'png',NULL,'2021-05-14 09:21:44'),(475,'tempfile','12b6570e-b485-11eb-9e62-8a9ab01736f2','Yageo-RC0805FR-0710KL.pdf','',768198,'pdf',NULL,'2021-05-14 09:22:00'),(476,'tempfile','a7720ef6-b485-11eb-bc43-bc6a028c154d','RC0805FR-074M7L.PNG','',27359,'png',NULL,'2021-05-14 09:26:09'),(477,'tempfile','af1700ee-b485-11eb-9ce9-d006f0232305','Yageo-RC0805FR-074M7L.pdf','',768198,'pdf',NULL,'2021-05-14 09:26:22'),(478,'tempfile','66c0c7f2-b486-11eb-baf9-f95a69802f18','RC0805FR-072K32L.PNG','',27359,'png',NULL,'2021-05-14 09:31:30'),(479,'tempfile','6d70a068-b486-11eb-b63e-3c17d48849d5','Yageo-RC0805FR-072K32L.pdf','',768198,'pdf',NULL,'2021-05-14 09:31:41'),(480,'tempfile','72c43898-b488-11eb-8d0a-74b94ffcbd10','RC0805FR-0739RL.PNG','',27359,'png',NULL,'2021-05-14 09:46:09'),(481,'tempfile','849a97e2-b488-11eb-9f9e-cee7de624e6a','Yageo-RC0805FR-0739RL.pdf','',768198,'pdf',NULL,'2021-05-14 09:46:39'),(482,'tempfile','f2c6427a-b488-11eb-8c87-0e6e8d6dfb65','RC0805FR-071M8L.PNG','',27359,'png',NULL,'2021-05-14 09:49:44'),(483,'tempfile','f81c9846-b488-11eb-9489-a6e868942904','Yageo-RC0805FR-071M8L.pdf','',768198,'pdf',NULL,'2021-05-14 09:49:53'),(484,'tempfile','4c7840c0-b489-11eb-aaa2-5a1a89e29fdd','RC0805FR-0722KL.PNG','',27359,'png',NULL,'2021-05-14 09:52:15'),(485,'tempfile','52150478-b489-11eb-86c8-d2af0e3aab01','Yageo-RC0805FR-0722KL.pdf','',768198,'pdf',NULL,'2021-05-14 09:52:24'),(486,'tempfile','927ae69a-b489-11eb-b737-bb517b8a95ed','RC0805FR-0722KL.PNG','image/png',27359,'',NULL,'2021-05-14 09:54:12'),(487,'tempfile','9ba4d97e-b489-11eb-adc2-19e719a7e516','Yageo-RC0805FR-0722KL.pdf','application/pdf',768198,'',NULL,'2021-05-14 09:54:27'),(488,'tempfile','bf1f6ed2-b489-11eb-8a80-712ee2b05ea0','RC0805FR-07180KL.PNG','',27359,'png',NULL,'2021-05-14 09:55:27'),(489,'tempfile','c36b2bfc-b489-11eb-bacd-86d79d7cf27d','Yageo-RC0805FR-07180KL.pdf','',768198,'pdf',NULL,'2021-05-14 09:55:34'),(490,'tempfile','2323fdd0-b48a-11eb-829a-98640aa0e287','RC0805FR-07560RL.PNG','',27359,'png',NULL,'2021-05-14 09:58:15'),(491,'tempfile','285c22fa-b48a-11eb-b727-8afc723b0ef7','Yageo-RC0805FR-07560RL.pdf','',768198,'pdf',NULL,'2021-05-14 09:58:24'),(492,'tempfile','ae4641ec-b48b-11eb-8034-616cb1dac102','RC0805FR-07560RL.PNG','',27359,'png',NULL,'2021-05-14 10:09:18'),(493,'tempfile','bf2b18c0-b48b-11eb-b71a-5dcb9c59829e','Yageo-RC0805FR-07560RL.pdf','',768198,'pdf',NULL,'2021-05-14 10:09:46'),(496,'tempfile','c94ef604-b48c-11eb-93e2-dbe9090a8d62','RC0805FR-07680KL.PNG','',27359,'png',NULL,'2021-05-14 10:17:13'),(497,'tempfile','d3f36586-b48c-11eb-a375-317ff821113b','Yageo-RC0805FR-07680KL.pdf','',768198,'pdf',NULL,'2021-05-14 10:17:30'),(498,'tempfile','8a52a7b0-b48d-11eb-a239-ef4542e80ce1','RC0805FR-07300KL.PNG','',27359,'png',NULL,'2021-05-14 10:22:36'),(499,'tempfile','8f7dea2e-b48d-11eb-871a-2e3718f0020d','Yageo-RC0805FR-07300KL.pdf','',768198,'pdf',NULL,'2021-05-14 10:22:45'),(500,'tempfile','17847f78-b48e-11eb-821c-531e3c63a5b0','RC0805FR-071ML.PNG','',27359,'png',NULL,'2021-05-14 10:26:33'),(501,'tempfile','2318b03e-b48e-11eb-a6bb-fda8b88cb15e','Yageo-RC0805FR-071ML.pdf','',768198,'pdf',NULL,'2021-05-14 10:26:53'),(502,'tempfile','d4aa5d5c-b48e-11eb-8caf-5a6df1e2edbf','RC0805FR-071M5L.PNG','',27359,'png',NULL,'2021-05-14 10:31:51'),(503,'tempfile','dc7ad3ea-b48e-11eb-ad4a-17e921cd32b8','Yageo-RC0805FR-071M5L.pdf','',768198,'pdf',NULL,'2021-05-14 10:32:04'),(504,'tempfile','42aa5e6a-b48f-11eb-aeef-331c4573677e','RC0805FR-073ML.pdf','',768198,'pdf',NULL,'2021-05-14 10:34:55'),(505,'tempfile','75205ab6-b48f-11eb-b352-df3b65d02861','RC0805FR-073ML.PNG','',27359,'png',NULL,'2021-05-14 10:36:20'),(506,'tempfile','330e723e-b6dd-11eb-b3cf-3379640af9c0','Juego de machos y fileras con giramachos.PNG','',611176,'png',NULL,'2021-05-17 08:57:52'),(509,'tempfile','7c0e3eec-b700-11eb-93e1-643de58b5752','Terraja de Roscar-M2X0.4.jpg','',44682,'jpeg',NULL,'2021-05-17 13:10:27'),(510,'tempfile','0c7286bc-b703-11eb-976d-5c58c62128a6','Terraja de Roscar-M3X0.5.jpg','',52236,'jpeg',NULL,'2021-05-17 13:28:48'),(511,'tempfile','3468aa7a-b703-11eb-98b9-6d699612e364','Terraja de Roscar-M4X0.7.jpg','',59116,'jpeg',NULL,'2021-05-17 13:29:55'),(512,'tempfile','698e1f50-b703-11eb-afa1-f7b8f2254ceb','Terraja de Roscar-M5X0.8.jpg','',54891,'jpeg',NULL,'2021-05-17 13:31:24'),(513,'tempfile','ab318848-b703-11eb-a624-f05f0b2bee36','Terraja de Roscar-M6X0.75.jpg','',54070,'jpeg',NULL,'2021-05-17 13:33:14'),(514,'tempfile','e92afdbe-b703-11eb-afb5-f64b753f6661','Terraja de Roscar-M7X0.75.jpg','',55995,'jpeg',NULL,'2021-05-17 13:34:58'),(515,'tempfile','38cb3348-b704-11eb-b579-e3988f5b6e67','Terraja de Roscar-M7X1.0.jpg','',55466,'jpeg',NULL,'2021-05-17 13:37:12'),(516,'tempfile','61b2efda-b704-11eb-beb3-615cf1424047','Terraja de Roscar-M8X0.75.jpg','',62425,'jpeg',NULL,'2021-05-17 13:38:21'),(517,'tempfile','cc07d350-b704-11eb-b2a2-5b8f72451530','Terraja de Roscar-M8X1.0.jpg','',52078,'jpeg',NULL,'2021-05-17 13:41:19'),(518,'tempfile','e7bd6876-b704-11eb-82a3-9b15437b9316','Terraja de Roscar-M8X1.25.jpg','',59297,'jpeg',NULL,'2021-05-17 13:42:06'),(519,'tempfile','33124468-b705-11eb-ad04-82a84e07846b','Terraja de Roscar-M9X0.75.jpg','',56105,'jpeg',NULL,'2021-05-17 13:44:12'),(520,'tempfile','6298f650-b705-11eb-a814-cff13c569ab8','Terraja de Roscar-M9X1.0.jpg','',50154,'jpeg',NULL,'2021-05-17 13:45:32'),(521,'tempfile','a36e51b6-b705-11eb-bef0-915e9794f8af','Terraja de Roscar-M9X1.25.jpg','',44035,'jpeg',NULL,'2021-05-17 13:47:20'),(522,'tempfile','eb33230a-b705-11eb-a89c-aba86c6147d4','Llave de acero para grifos .jpg','',29578,'jpeg',NULL,'2021-05-17 13:49:21'),(523,'tempfile','11ed77ac-b706-11eb-9d1d-8d9a8af65100','Terraja de Roscar-M6X1.0.jpg','',37952,'jpeg',NULL,'2021-05-17 13:50:26'),(524,'tempfile','83447a18-b706-11eb-9db2-19843bc05735','Terraja de Roscar-M10X1.25.jpg','',66855,'jpeg',NULL,'2021-05-17 13:53:36'),(525,'tempfile','cf4313a2-b706-11eb-b74d-321f2264abb4','Terraja de Roscar-M10X1.5.jpg','',72109,'jpeg',NULL,'2021-05-17 13:55:43'),(526,'tempfile','158b179c-b707-11eb-a16f-b5fe4149a42b','Terraja de Roscar-M10X1.0.jpg','',60116,'jpeg',NULL,'2021-05-17 13:57:41'),(527,'tempfile','6f7874ca-b707-11eb-b0e1-e06d1fc594ba','Terraja de Roscar-M10X0.75.jpg','',56811,'jpeg',NULL,'2021-05-17 14:00:12'),(528,'tempfile','af220618-b707-11eb-844e-d622407f269c','Terraja de Roscar-M11X0.75.jpg','',62116,'jpeg',NULL,'2021-05-17 14:01:59'),(529,'tempfile','dc1c321e-b708-11eb-a5f4-c13dd16c77aa','Terraja de Roscar-M11X1.0.jpg','',57271,'jpeg',NULL,'2021-05-17 14:10:24'),(530,'tempfile','3f1546c6-b709-11eb-90c7-91bd853956b2','Terraja de Roscar-M11X1.25.jpg','',57569,'jpeg',NULL,'2021-05-17 14:13:10'),(531,'tempfile','74e024d8-b709-11eb-bf03-e9ce5840a5cb','Terraja de Roscar-M10X1.5.jpg','',72109,'jpeg',NULL,'2021-05-17 14:14:40'),(532,'tempfile','b937d75c-b709-11eb-a89c-9c19017660af','Terraja de Roscar-M12X0.75.jpg','',45967,'jpeg',NULL,'2021-05-17 14:16:35'),(533,'tempfile','fd0dfd80-b709-11eb-8d85-0b4cd6dd7c21','Terraja de Roscar-M12X1.0.jpg','',50340,'jpeg',NULL,'2021-05-17 14:18:29'),(534,'tempfile','3ab8a9be-b70a-11eb-8935-af8bc79705bc','Terraja de Roscar-M12X1.25.jpg','',58575,'jpeg',NULL,'2021-05-17 14:20:12'),(535,'tempfile','6bef03c0-b70a-11eb-b073-385068010c03','Terraja de Roscar-M12X1.5.jpg','',49774,'jpeg',NULL,'2021-05-17 14:21:35'),(536,'tempfile','9c83eda2-b70a-11eb-bd86-22b320202fe5','Terraja de Roscar-M12X1.75.jpg','',57840,'jpeg',NULL,'2021-05-17 14:22:56'),(537,'tempfile','e1c8e098-b70a-11eb-b592-ad20a85df355','Terraja de Roscar-M14X1.0.jpg','',61600,'jpeg',NULL,'2021-05-17 14:24:53'),(538,'tempfile','825cbaf4-b7a4-11eb-b96f-7ac63eece56b','Terraja de Roscar-M14X1.25.jpg','',40860,'jpeg',NULL,'2021-05-18 08:44:35'),(539,'tempfile','c9578092-b7a4-11eb-8f44-5e55ce42d57e','Terraja de Roscar-M14X1.5.jpg','',53215,'jpeg',NULL,'2021-05-18 08:46:34'),(540,'tempfile','f9250858-b7a4-11eb-aebe-c083d2f55ec2','Terraja de Roscar-M14X2.0.jpg','',42456,'jpeg',NULL,'2021-05-18 08:47:54'),(541,'tempfile','48193b0a-b7a5-11eb-8b4e-cc35f4c5bd3f','Terraja de Roscar-M18X1.5.jpg','',54701,'jpeg',NULL,'2021-05-18 08:50:07'),(542,'tempfile','7d387a9e-b7a5-11eb-bb1d-de686a02cffd','Terraja de Roscar-M16X1.0.jpg','',49305,'jpeg',NULL,'2021-05-18 08:51:36'),(543,'tempfile','c60d8c00-b7a5-11eb-b69d-d4f6fae12942','Terraja de Roscar-M16X1.5.jpg','',47447,'jpeg',NULL,'2021-05-18 08:53:38'),(544,'tempfile','f745e39e-b7a5-11eb-b463-3400cf798907','Macos de Roscar-M16X2.0.jpg','',70506,'jpeg',NULL,'2021-05-18 08:55:01'),(545,'tempfile','5f2e9b4a-b7a6-11eb-b45c-59d75c8f39b6','Giramachos de barra ajustable para llave-M6-M20.jpg','',27796,'jpeg',NULL,'2021-05-18 08:57:55'),(546,'tempfile','807bb0ee-b7a6-11eb-bbe8-52fd7f53f8e5','Portaherramientas con mango corredizo para macho.jpg','',57433,'jpeg',NULL,'2021-05-18 08:58:51'),(547,'tempfile','adf443f6-b7a6-11eb-9aaf-4f7fb9292a33','Macos de Roscar-M11X1.25.jpg','',69888,'jpeg',NULL,'2021-05-18 09:00:07'),(548,'tempfile','f3463720-b7a6-11eb-8d73-e4b97f42c628','Macos de Roscar-M11X1.5.jpg','',71668,'jpeg',NULL,'2021-05-18 09:02:03'),(549,'tempfile','54821c20-b7a7-11eb-bd42-82e21258849a','Macos de Roscar-M12X0.75.jpg','',87948,'jpeg',NULL,'2021-05-18 09:04:47'),(550,'tempfile','b018a3a6-b7a7-11eb-9193-704e08efa4ff','Macos de Roscar-M12X1.0.jpg','',76498,'jpeg',NULL,'2021-05-18 09:07:20'),(551,'tempfile','db636082-b7a7-11eb-b957-b8dda9328116','Macos de Roscar-M12X1.25.jpg','',75478,'jpeg',NULL,'2021-05-18 09:08:33'),(552,'tempfile','be268750-b7a8-11eb-931a-1999865bdad1','Macos de Roscar-M12X1.5.jpg','',71039,'jpeg',NULL,'2021-05-18 09:14:53'),(553,'tempfile','ebdccdda-b7a8-11eb-b8fa-0f2c77019b3c','Macos de Roscar-M12X1.75.jpg','',82803,'jpeg',NULL,'2021-05-18 09:16:10'),(554,'tempfile','4f349552-b7a9-11eb-96c9-59d7945859de','Macos de Roscar-M18X1.5.jpg','',86348,'jpeg',NULL,'2021-05-18 09:18:57'),(555,'tempfile','9946322c-b7a9-11eb-ad37-532361237639','Macos de Roscar-M2X0.4.jpg','',57765,'jpeg',NULL,'2021-05-18 09:21:01'),(556,'tempfile','df1938b2-b7a9-11eb-bbc4-f7a32b7757b7','Macos de Roscar-M3X0.5.jpg','',50574,'jpeg',NULL,'2021-05-18 09:22:58'),(557,'tempfile','f5c63bc8-b7a9-11eb-ac82-644f38181c0d','Macos de Roscar-M3X0.5.jpg','image/jpeg',50574,'',NULL,'2021-05-18 09:23:36'),(558,'tempfile','39aa17e2-b7aa-11eb-a123-9925af775ce5','Macos de Roscar-M6X0.75.jpg','',59550,'jpeg',NULL,'2021-05-18 09:25:30'),(559,'tempfile','5b670732-b7aa-11eb-b400-8bb60db8d11c','Macos de Roscar-M6X1.0.jpg','',59034,'jpeg',NULL,'2021-05-18 09:26:27'),(560,'tempfile','90a6ad1c-b7aa-11eb-b3d9-87b08ff609b8','Macos de Roscar-M8X0.75.jpg','',48905,'jpeg',NULL,'2021-05-18 09:27:56'),(561,'tempfile','bfcda19a-b7aa-11eb-8980-a1acf592ac77','Macos de Roscar-M9X0.75.jpg','',63692,'jpeg',NULL,'2021-05-18 09:29:15'),(562,'tempfile','eeb45e86-b7aa-11eb-bb55-fac26f602131','Macos de Roscar-M9X1.0.jpg','',61862,'jpeg',NULL,'2021-05-18 09:30:34'),(563,'tempfile','4dba40d0-b7ab-11eb-ac5f-abefdaf78c18','Macos de Roscar-M10X1.0.jpg','',64184,'jpeg',NULL,'2021-05-18 09:33:13'),(564,'tempfile','7ce8bf30-b7ab-11eb-afdf-5e9840ffc0e8','Macos de Roscar-M11X0.75.jpg','',68132,'jpeg',NULL,'2021-05-18 09:34:32'),(565,'tempfile','e55b91a0-b7ab-11eb-9676-831b37f6cd91','Macos de Roscar-M11X1.0.jpg','',73669,'jpeg',NULL,'2021-05-18 09:37:28'),(566,'tempfile','0bf38d36-b7ac-11eb-bc42-6725729e78dc','Macos de Roscar-M5X0.8.jpg','',56674,'jpeg',NULL,'2021-05-18 09:38:32'),(567,'tempfile','2fdbe8ec-b7ac-11eb-93f6-64bdb45bf811','Macos de Roscar-M4X0.75.jpg','',40656,'jpeg',NULL,'2021-05-18 09:39:33'),(568,'tempfile','538d998e-b7ac-11eb-bb21-e01a9de1e983','Macos de Roscar-M7X0.75.jpg','',53693,'jpeg',NULL,'2021-05-18 09:40:32'),(569,'tempfile','7a17e01e-b7ac-11eb-b92d-36f75efb4322','Macos de Roscar-M8X1.25.jpg','',70635,'jpeg',NULL,'2021-05-18 09:41:37'),(570,'tempfile','a1e7b434-b7ac-11eb-86cd-4af9229b2c58','Macos de Roscar-M8X1.0.jpg','',55536,'jpeg',NULL,'2021-05-18 09:42:44'),(571,'tempfile','cc09ecd2-b7ac-11eb-8b8c-a2b749cb7954','Macos de Roscar-M10X0.75.jpg','',69374,'jpeg',NULL,'2021-05-18 09:43:55'),(572,'tempfile','15c06216-b7ad-11eb-8b45-1570a4469ede','Macos de Roscar-M9X1.25.jpg','',80649,'jpeg',NULL,'2021-05-18 09:45:58'),(573,'tempfile','5c34ca7a-b7ad-11eb-a32b-4cadca3984f0','Macos de Roscar-M10X1.25.jpg','',71220,'jpeg',NULL,'2021-05-18 09:47:56'),(574,'tempfile','7c288268-b7ad-11eb-88e2-c693b4f629ad','Macos de Roscar-M10X1.5.jpg','',67219,'jpeg',NULL,'2021-05-18 09:48:50'),(575,'tempfile','a8f83acc-b7ad-11eb-9a76-97e733f7d99d','Macos de Roscar-M14X2.0.jpg','',66754,'jpeg',NULL,'2021-05-18 09:50:05'),(576,'tempfile','df0ce5e0-b7ad-11eb-9591-0fbcca1fa699','Macos de Roscar-M14X1.5.jpg','',77885,'jpeg',NULL,'2021-05-18 09:51:36'),(577,'tempfile','086ac240-b7ae-11eb-9983-68d12bca28ed','Macos de Roscar-M14X1.0.jpg','',82769,'jpeg',NULL,'2021-05-18 09:52:45'),(578,'tempfile','3569fa0e-b7ae-11eb-b0a1-0b3e9c9f6cbe','Macos de Roscar-M16X1.0.jpg','',88226,'jpeg',NULL,'2021-05-18 09:54:01'),(579,'tempfile','58537db0-b7ae-11eb-b666-f449f4614230','Macos de Roscar-M16X1.5.jpg','',80425,'jpeg',NULL,'2021-05-18 09:54:59'),(580,'tempfile','890facf8-b7ae-11eb-8b1b-c8d4d634016b','Macos de Roscar-M16X2.0.jpg','',70506,'jpeg',NULL,'2021-05-18 09:56:21'),(581,'tempfile','fddccfb0-b872-11eb-a924-4cc89d93aa3f','24P Centronics fem.PNG','',61568,'png',NULL,'2021-05-19 09:22:38'),(582,'tempfile','09882562-b873-11eb-84aa-cd42d42867b6','Centronics 24 posicion.pdf','',211545,'pdf',NULL,'2021-05-19 09:22:58'),(583,'tempfile','d0e370b0-b875-11eb-aa2d-675b3523aaee','Reguladores de voltaje LDO.PNG','',56341,'png',NULL,'2021-05-19 09:42:52'),(585,'tempfile','341e21f8-b88e-11eb-a889-f177a3fbbb45','Condensador cerámico multicapa MLCC-22nF, ±10%, 50V dc.jpg','',68930,'jpeg',NULL,'2021-05-19 12:37:26'),(586,'tempfile','9e51d978-b890-11eb-b820-a3fb55c5bf4a','Resistores de película gruesa - SMD.PNG','',27185,'png',NULL,'2021-05-19 12:54:43'),(587,'tempfile','c848b918-b890-11eb-8555-a9d996bab3a0','Resistores de película gruesa - SMD.PNG','',27185,'png',NULL,'2021-05-19 12:55:53'),(588,'tempfile','6366c5d2-b893-11eb-a331-b3d200d2c52e','Condensador UUX1E101MNL1GS, 100μF, ±20%, 25V dc,.jpg','',81588,'jpeg',NULL,'2021-05-19 13:14:33'),(589,'tempfile','81727110-b894-11eb-9e0e-536b5d592593','Aluminum Electrolytic Capacitors.jpg','',62305,'jpeg',NULL,'2021-05-19 13:22:33'),(590,'tempfile','c62fa182-b895-11eb-8806-40eed4315fe3','Cap Aluminum 22uF 16V ±20% Cylindrical 22mA 2000 hr 105°C.jpg','',64845,'jpeg',NULL,'2021-05-19 13:31:37'),(591,'tempfile','b86ee522-b899-11eb-af07-90fd68f03ec0','Mosfet DMG1012T.pdf','',439392,'pdf',NULL,'2021-05-19 13:59:52'),(592,'tempfile','c65797e2-b899-11eb-9302-ffd5b8af721c','Mosfet DMG1012-7.PNG','',96376,'png',NULL,'2021-05-19 14:00:16'),(594,'tempfile','b9f3ad4a-ba08-11eb-9f6f-45ca5e2d1547','Condensador cerámico multicapa MLCC-22nF, ±10%, 50V dc.jpg','',68930,'jpeg',NULL,'2021-05-21 09:47:00'),(595,'tempfile','2c2c1752-ba0a-11eb-94ab-bc83b2c273b8','SMD, 100 µF, 25 V, VT, V-Chip Series.jpg','',30294,'jpeg',NULL,'2021-05-21 09:57:21'),(596,'tempfile','38c01aea-ba0a-11eb-9c92-2071e3f4c7b0','Caja Blanca.jpg','',91470,'jpeg',NULL,'2021-05-21 09:57:42'),(598,'tempfile','9a59abd4-ba0c-11eb-956f-3e2a71c8be47','Condensador Electrolítico Aluminio SMD, Radial - SMD, 220 µF, 35 V.pdf','',1059544,'pdf',NULL,'2021-05-21 10:14:45'),(599,'tempfile','cc41436e-ba0c-11eb-b097-c66f364e704d','SMD, 220 µF, 35 V, Serie CW, 7000 horas a 105°C.PNG','',48850,'png',NULL,'2021-05-21 10:16:09'),(600,'tempfile','6cea6f38-ba13-11eb-84b7-6c4782808ade','SMD, 10 µF, 16 V.jpg','',26567,'jpeg',NULL,'2021-05-21 11:03:35'),(601,'tempfile','8cc3500e-ba13-11eb-8e60-7ae9e8fb09dc','Caja Blanca.jpg','',91470,'jpeg',NULL,'2021-05-21 11:04:29'),(602,'tempfile','6170a6b2-ba14-11eb-bec6-2e95cb2567d7','Caja Blanca.jpg','',91470,'jpeg',NULL,'2021-05-21 11:10:26'),(603,'tempfile','6916d4c2-ba14-11eb-8734-06b887d86b01','SMD, 1054 nF, 16 V.jpg','',22109,'jpeg',NULL,'2021-05-21 11:10:39'),(604,'tempfile','07926922-ba15-11eb-adf6-d44879a50a1b','Caja Blanca.jpg','',91470,'jpeg',NULL,'2021-05-21 11:15:04'),(605,'tempfile','172213e2-ba15-11eb-83cd-eebdbf8a73bc','SMD, 4.70 µF, 50 V.jpg','',25006,'jpeg',NULL,'2021-05-21 11:15:31'),(606,'tempfile','b2ac69a2-ba15-11eb-9fe6-c907f629700f','Caja Blanca.jpg','',91470,'jpeg',NULL,'2021-05-21 11:19:51'),(607,'tempfile','beff6344-ba15-11eb-b173-ef758a0ed525','SMD, 3.25 µF, 35 V.jpg','',28066,'jpeg',NULL,'2021-05-21 11:20:12'),(608,'tempfile','671d0d92-ba16-11eb-9cc1-7c490d1742a5','Caja Blanca.jpg','',91470,'jpeg',NULL,'2021-05-21 11:24:54'),(609,'tempfile','7a8e49a4-ba16-11eb-bfa1-be716f021280','SMD, 146 µF .jpg','',22555,'jpeg',NULL,'2021-05-21 11:25:27'),(610,'tempfile','500a9358-ba17-11eb-bab1-cda13239a77b','Cap Aluminum 1056 nF.jpg','',23453,'jpeg',NULL,'2021-05-21 11:31:25'),(611,'tempfile','5dd7156a-ba17-11eb-85df-178d756cbce2','Caja Blanca.jpg','',91470,'jpeg',NULL,'2021-05-21 11:31:48'),(612,'tempfile','0fada524-ba1d-11eb-aa26-a75dff816d8e','Caja Blanca.jpg','',91470,'jpeg',NULL,'2021-05-21 12:12:34'),(613,'tempfile','450dcfd2-ba1d-11eb-a355-e977e66007ab','SMD 47 UF .jpg','',22750,'jpeg',NULL,'2021-05-21 12:14:04'),(614,'tempfile','70bbacf8-ba1d-11eb-8a67-6b96c738335e','Caja Blanca.jpg','',91470,'jpeg',NULL,'2021-05-21 12:15:17'),(615,'tempfile','909ae3c2-ba1d-11eb-b6a9-f1e1264187c7','SMD 68 UF .jpg','',23680,'jpeg',NULL,'2021-05-21 12:16:10'),(616,'tempfile','bcce2a12-ba1d-11eb-9e70-3ce773beea5b','Caja Blanca.jpg','',91470,'jpeg',NULL,'2021-05-21 12:17:24'),(617,'tempfile','e4269aea-ba1d-11eb-8402-1bd5377db8df','SMD 150 UF.jpg','',25169,'jpeg',NULL,'2021-05-21 12:18:30'),(618,'tempfile','4d9afc80-ba20-11eb-a085-55b73194808b','Caja Blanca.jpg','',91470,'jpeg',NULL,'2021-05-21 12:35:46'),(619,'tempfile','9632b4f6-ba20-11eb-81c8-bb443c05f3f8','100Ω   0.125 W   %.jpg','',37794,'jpeg',NULL,'2021-05-21 12:37:48'),(620,'tempfile','82b7415a-bc62-11eb-b8d6-3d21b4ea439c','SMA clavija soldadura.jpg','',122802,'jpeg',NULL,'2021-05-24 09:34:45'),(621,'tempfile','9df97e38-bc62-11eb-a81c-306b7de10e98','CLAVIJA SMA SOLDADURA HEMBRA.PNG','',91563,'png',NULL,'2021-05-24 09:35:30'),(622,'tempfile','f61810fe-bc65-11eb-94b0-05a8d4af608a','Conector SMA UHF RPSMA SO239.PNG','',194557,'png',NULL,'2021-05-24 09:59:27'),(623,'tempfile','c7650590-bc66-11eb-a5fe-0b39fa08c772','Conector SMA a SMA macho hembra RP SMA a SMA.PNG','',203023,'png',NULL,'2021-05-24 10:05:18'),(626,'tempfile','6011873a-bc69-11eb-b5a6-5a0fb1ede123','Conector macho TV antena coaxial .PNG','',43221,'png',NULL,'2021-05-24 10:23:53'),(627,'tempfile','e5deae1a-bc69-11eb-8309-3f67f1090a24','Televés f4312300-Conector Macho.PNG','',152562,'png',NULL,'2021-05-24 10:27:37'),(628,'tempfile','57439764-bc6a-11eb-a3f2-9fd88eeb5e83','Conector hembra TV antena coaxial.PNG','',67098,'png',NULL,'2021-05-24 10:30:48'),(629,'tempfile','75ae51ac-bc6b-11eb-96ea-dda9ab6bc040','Adaptador TV macho a hembra.PNG','',165534,'png',NULL,'2021-05-24 10:38:48'),(630,'tempfile','5abd2462-bc6c-11eb-8ef8-56ed849f84dd','CONECTOR F PARA CABLE CXT 5MM TELEVESPNG.PNG','',24939,'png',NULL,'2021-05-24 10:45:12'),(631,'tempfile','9dab5b54-bc6c-11eb-bea5-6a07d53fef9c','EMPALMADOR DE CABLES COAXIALES CON CONECTORES F.PNG','',27391,'png',NULL,'2021-05-24 10:47:05'),(632,'tempfile','0eae8e6a-bc6e-11eb-ae22-0dfdff7ebd52','F Hembra a RCA Hembra .PNG','',176298,'png',NULL,'2021-05-24 10:57:24'),(633,'tempfile','d56a7266-bc74-11eb-a486-5a122877c91d','Adaptador de toma de banana BNC .PNG','',134103,'png',NULL,'2021-05-24 11:45:54'),(634,'tempfile','3f1fee52-bc75-11eb-bb3e-f81753a739f8','Conector banana doble a adaptador hembra BNC.PNG','',130014,'png',NULL,'2021-05-24 11:48:52'),(635,'tempfile','9c8fefe0-bc77-11eb-879d-b834036520a8','BNC macho enchufe a F hembra Jack adaptador.PNG','',109435,'png',NULL,'2021-05-24 12:05:47'),(636,'tempfile','3a6dde48-bc78-11eb-af25-e6faf1e94f38','BNC Connector.PNG','',48806,'png',NULL,'2021-05-24 12:10:12'),(637,'tempfile','1e67349a-bc7a-11eb-b281-f460cab5ba24','Adaptador BNC a RCA.PNG','',112212,'png',NULL,'2021-05-24 12:23:44'),(638,'tempfile','4780f22a-bc7b-11eb-a123-237c88223928','Adaptador RCA BNC BNC- RCA Macho.PNG','',157690,'png',NULL,'2021-05-24 12:32:03'),(639,'tempfile','d9f3a132-bc7d-11eb-b331-fdd5a5657171','Adaptador RCA BNC BNC- RCA Macho.PNG','',157690,'png',NULL,'2021-05-24 12:50:27'),(641,'tempfile','d3196d5a-bc83-11eb-a040-b5fd9176c18b','Conector tipo T triple BNC hembra.PNG','',42853,'png',NULL,'2021-05-24 13:33:13'),(642,'tempfile','6d1eb7ac-bc84-11eb-9b26-dcfc85fba6fa','Derivador T BNC macho a dos BNC hembra.PNG','',158484,'png',NULL,'2021-05-24 13:37:31'),(643,'tempfile','bc9b53f8-bc84-11eb-b14b-73c4d0004bc8','Conector triple BNC macho para coaxial RG59 - RG6.PNG','',35765,'png',NULL,'2021-05-24 13:39:45'),(644,'tempfile','b160d6b0-bc85-11eb-9a04-75b6753eca7b','BNC hembra ángulo recto chasis PCB.PNG','',149885,'png',NULL,'2021-05-24 13:46:35'),(645,'tempfile','48fb9d2a-bc86-11eb-986d-bddeddf1a016','BNC conector hembra ángulo recto 4 pines PCB.PNG','',184562,'png',NULL,'2021-05-24 13:50:50'),(646,'tempfile','f05beb8a-bd29-11eb-8dc8-84fd076fbec5','Conector USB tipo B hembra .pdf','',23433,'pdf',NULL,'2021-05-25 09:22:18'),(647,'tempfile','f584f106-bd29-11eb-8a83-22d907d28ea9','Conector USB tipo B hembra.PNG','',108176,'png',NULL,'2021-05-25 09:22:27'),(648,'tempfile','f3931f42-bd2b-11eb-92ab-ebc6c5d66f50','Conector USB-A Macho 4 pin para PCB.PNG','',64904,'png',NULL,'2021-05-25 09:36:43'),(649,'tempfile','1a68b03e-bd2f-11eb-86ec-a24dfc7f76c9','Adaptador USB 3.0 A macho A ángulo hembra.PNG','',79593,'png',NULL,'2021-05-25 09:59:16'),(650,'tempfile','36533110-bd35-11eb-b3be-9db787c25b1c','CONECTOR JACK 6,3 STEREO MACHO.PNG','',149370,'png',NULL,'2021-05-25 10:43:00'),(651,'tempfile','3b4d7342-bd35-11eb-b5cc-a9fd4fd866b7','Conector jack estéreo Macho, Estéreo 6.35 mm.pdf','',220847,'pdf',NULL,'2021-05-25 10:43:09'),(652,'tempfile','a9353e62-bd35-11eb-b8ea-afd29dfb0346','Jack macho estéreo 6.35 mm.PNG','',31263,'png',NULL,'2021-05-25 10:46:13'),(653,'tempfile','3cdee866-bd36-11eb-bdff-9c60ab98b3f7','Conector Jack Macho 2,5mm.PNG','',124883,'png',NULL,'2021-05-25 10:50:21'),(654,'tempfile','c2691b56-bd3a-11eb-a43b-3ee0286b6b1a','SMD 10V 100uF 20% AEC-Q200.jpg','',88303,'jpeg',NULL,'2021-05-25 11:22:43'),(655,'tempfile','ba864988-bd3d-11eb-bab4-e86ae1a60636','SMD 220 Ohms 125 mW 0805 1%.pdf','',768198,'pdf',NULL,'2021-05-25 11:43:58'),(656,'tempfile','c00ecbaa-bd3d-11eb-9e1c-66ac4862cac0','SMD 220 Ohms 125 mW 0805 1%.PNG','',26854,'png',NULL,'2021-05-25 11:44:07'),(658,'tempfile','4ba245b8-bd41-11eb-8847-f9b1a1798f18','Condensador de Cerámica Multicapa, 0.1 µF, 25 V, 0603 .jpg','',63738,'jpeg',NULL,'2021-05-25 12:09:30'),(659,'tempfile','583d696a-bd41-11eb-91c0-d55d63780d42','Condensador de Cerámica Multicapa.PNG','',40385,'png',NULL,'2021-05-25 12:09:51'),(660,'tempfile','5f616cf0-bd41-11eb-be8f-45236e58bc49','Condensador de Cerámica Multicapa.pdf','',52828,'pdf',NULL,'2021-05-25 12:10:03'),(662,'tempfile','09d2613a-bd4c-11eb-a0ad-31636970c206','Res  1206 47Ω.jpg','',64925,'jpeg',NULL,'2021-05-25 13:26:24'),(663,'tempfile','4706cac8-bd4c-11eb-9287-7f13abc3a551','47 Ω -1206 -1%.pdf','',127440,'pdf',NULL,'2021-05-25 13:28:07'),(664,'tempfile','a1ae511c-bd4c-11eb-9409-0add262eda7f','22 Ω -1206 -1%.pdf','',127440,'pdf',NULL,'2021-05-25 13:30:39'),(665,'tempfile','ac44d538-bd4c-11eb-9a2d-53ea928f4917','Res 220Ω 1%.jpg','',61776,'jpeg',NULL,'2021-05-25 13:30:57'),(666,'tempfile','0094d57a-bd4d-11eb-b37d-204d9544510c','Condensador cerámico multicapa 100nF.jpg','',61761,'jpeg',NULL,'2021-05-25 13:33:18'),(667,'tempfile','b507c426-bd4e-11eb-8fd6-588fc4a97f98','Jack Macho 2,5mm. Mono.PNG','',92463,'png',NULL,'2021-05-25 13:45:30'),(668,'tempfile','52015a62-bd4f-11eb-84de-0265af01d411','Conector Jack Mach.PNG','',136384,'png',NULL,'2021-05-25 13:49:54'),(669,'tempfile','345513a4-bd50-11eb-bd26-9b8f81accf03','Conector RCA macho de color.PNG','',57140,'png',NULL,'2021-05-25 13:56:13'),(670,'tempfile','17d38732-bd51-11eb-a6ee-13dc45b93436','CONECTOR DIN MACHO  8 PIN.PNG','',89390,'png',NULL,'2021-05-25 14:02:35'),(671,'tempfile','9617e822-bd51-11eb-88d2-dc769d13a279','ADAPTADOR 2 RCA HEMBRA A JACK MACHO 6.35 ST.PNG','',84472,'png',NULL,'2021-05-25 14:06:07'),(672,'tempfile','2a0e20a0-bd52-11eb-b5ac-412e6cec544e','Adaptador 2x RCA hembra - Jack 3.5 mm macho.PNG','',73401,'png',NULL,'2021-05-25 14:10:15'),(673,'tempfile','5159c7d0-bdee-11eb-b273-03c6d223306c','CONECTOR UHF (PL-259) MACHO PNG.PNG','',52820,'png',NULL,'2021-05-26 08:48:02'),(674,'tempfile','b9b22fc4-bdef-11eb-92ca-e1ca7b952498','N hembra soldable..PNG','',86002,'png',NULL,'2021-05-26 08:58:07'),(675,'tempfile','1c56bad6-bdf1-11eb-ac9c-3abcc1312e3e','Conector PL HEMBRA para chasis .PNG','',90736,'png',NULL,'2021-05-26 09:08:02'),(676,'tempfile','1bb8ca78-bdf2-11eb-aeee-a8042b6517c5','Copla de unión PL Hembra a PL Hembra.PNG','',88142,'png',NULL,'2021-05-26 09:15:10'),(677,'tempfile','77adef16-bdf2-11eb-b6bd-391d6bbab413','Conector F doble hembra con tuerca.PNG','',213378,'png',NULL,'2021-05-26 09:17:45'),(679,'tempfile','a2706550-bdf5-11eb-9dc6-f16e80f5a4fa','Conector N Macho Crimpeable para RG58.PNG','',171423,'png',NULL,'2021-05-26 09:40:25'),(680,'tempfile','f7fbf2e4-bdf7-11eb-b313-0b1726ce1205','Conector N Macho para cable.PNG','',325086,'png',NULL,'2021-05-26 09:57:07'),(681,'tempfile','fa8f4028-bdf8-11eb-ab2d-497e8708f54c','Adaptador N macho a BNC.PNG','',132144,'png',NULL,'2021-05-26 10:04:21'),(682,'tempfile','69c1f026-bdf9-11eb-a5da-dcaa7e0fc5b1','CONECTOR N MACHO PARA CABLE RF400.PNG','',203589,'png',NULL,'2021-05-26 10:07:28'),(683,'tempfile','3df3edea-bdfa-11eb-95cb-03e339c8be24','Conector Macho A SO-239 (PL-259 Hembra).PNG','',208752,'png',NULL,'2021-05-26 10:13:24'),(684,'tempfile','fcd4be6a-bdfa-11eb-93c5-580c9f0ea4de','Conector N macho de crimpar.PNG','',432961,'png',NULL,'2021-05-26 10:18:44'),(685,'tempfile','1c28341c-bdfc-11eb-ac38-2dd3a3650116','CONECTOR N HEMBRA PANEL.PNG','',46503,'png',NULL,'2021-05-26 10:26:46'),(686,'tempfile','09ceb122-bdfe-11eb-9ddc-86a77a226f55','RACORES RECTOS CILÍNDRICOS PARA TUBO TECALAN.PNG','',25322,'png',NULL,'2021-05-26 10:40:34'),(687,'tempfile','414b7896-bdff-11eb-bb5d-9b6691f596fa','CONECTORES PARA FLUIDOS.PNG','',10381,'png',NULL,'2021-05-26 10:49:17'),(688,'tempfile','37d822bc-be01-11eb-bd4a-5f76063e34e7','SIM800L.PNG','',164934,'png',NULL,'2021-05-26 11:03:20'),(689,'tempfile','c9e1f308-be02-11eb-a5c6-00ec8589becd','M590 GSM GPRS SMD DIY Kit.PNG','',122660,'png',NULL,'2021-05-26 11:14:35'),(690,'tempfile','caa2d068-be03-11eb-9d0b-0ea13c47c5cc','Antena de placa de circuito integrada.PNG','',36182,'png',NULL,'2021-05-26 11:21:45'),(691,'tempfile','92a0ee6a-be04-11eb-b4e6-6c707e14a40a','IPX IPEX u fl Jack Cable RF 1,13.PNG','',40662,'png',NULL,'2021-05-26 11:27:21'),(693,'tempfile','a95c0982-bec7-11eb-8583-955d4864ee82','Caja Resistencias.jpg','',43657,'jpeg',NULL,'2021-05-27 10:43:51'),(694,'tempfile','b1f8a80c-bec7-11eb-b649-51defe3bd1a9','Res 20Ω 2%.jpg','',22355,'jpeg',NULL,'2021-05-27 10:44:05'),(695,'tempfile','18348730-bec8-11eb-8912-c9d069890496','Caja Resistencias.jpg','',43657,'jpeg',NULL,'2021-05-27 10:46:57'),(696,'tempfile','1f7e61fa-bec8-11eb-8693-1b70af56a818','Res 27KΩ  2%.jpg','',20930,'jpeg',NULL,'2021-05-27 10:47:09'),(697,'tempfile','2f4b5484-bec9-11eb-ab26-05cc56ae81e0','Caja Resistencias.jpg','',43657,'jpeg',NULL,'2021-05-27 10:54:45'),(698,'tempfile','348c58d0-bec9-11eb-99bf-20b5644ef1ea','Res 56KΩ  2%.jpg','',17156,'jpeg',NULL,'2021-05-27 10:54:54'),(699,'tempfile','d4fa8508-bec9-11eb-ac3f-b3501f763ea2','Caja Resistencias.jpg','',43657,'jpeg',NULL,'2021-05-27 10:59:23'),(700,'tempfile','0d398586-beca-11eb-aff4-e24dbf1d6457','Res 1.2MΩ  5%.jpg','',16809,'jpeg',NULL,'2021-05-27 11:00:57'),(701,'tempfile','6c6db194-beca-11eb-a9e7-2cdcc6894fdf','Caja Resistencias.jpg','',43657,'jpeg',NULL,'2021-05-27 11:03:37'),(702,'tempfile','8ca98802-beca-11eb-b6b4-2b800764bae4','Res 27KΩ  2%.jpg','',20930,'jpeg',NULL,'2021-05-27 11:04:31'),(703,'tempfile','179a2fb6-becb-11eb-a53f-491e1a411c7f','Caja Resistencias.jpg','',43657,'jpeg',NULL,'2021-05-27 11:08:24'),(704,'tempfile','2db36a56-becb-11eb-a9ac-62629c6e2f62','Res 22 KΩ  10%.jpg','',25286,'jpeg',NULL,'2021-05-27 11:09:01'),(706,'tempfile','9852fd0e-bed0-11eb-aca4-cd6d453c8882','Caja Blanca DC-DC.jpg','',36899,'jpeg',NULL,'2021-05-27 11:47:48'),(708,'tempfile','95967f7e-bed4-11eb-836f-c32b92693815','microcontrolador Atmel 24 pi.PNG','',93518,'png',NULL,'2021-05-27 12:16:21'),(709,'tempfile','9f258eb8-bed4-11eb-bfb7-377bb353c730','Caja Circuitos Integrados.jpg','',41414,'jpeg',NULL,'2021-05-27 12:16:37'),(710,'tempfile','1da0b432-bed7-11eb-9878-49e030bb5824','Caja Circuitos Integrados.jpg','',41414,'jpeg',NULL,'2021-05-27 12:34:28'),(711,'tempfile','2f804136-bed7-11eb-a22c-88abf8fbe719','Microchip-PIC17C756A-33-L.PNG','',60130,'png',NULL,'2021-05-27 12:34:58'),(712,'tempfile','bd073c7a-bed8-11eb-9e11-188f229ee83b','LDR.PNG','',62680,'png',NULL,'2021-05-27 12:46:05'),(713,'tempfile','c7e49610-bed8-11eb-878d-285e3cbdaa72','Caja Blanca.jpg','',36707,'jpeg',NULL,'2021-05-27 12:46:24'),(714,'tempfile','301917f6-bed9-11eb-b4b5-6ae2f46c1fc5','LDR.PNG','',62680,'png',NULL,'2021-05-27 12:49:18'),(715,'tempfile','69571d10-bed9-11eb-99e1-c7d364daa6bb','Caja Blanca.jpg','',36707,'jpeg',NULL,'2021-05-27 12:50:54'),(716,'tempfile','1ee555b4-bedc-11eb-b174-22764c88663b','Microcontrolador - PIC18F4550-I - PT.PNG','',131129,'png',NULL,'2021-05-27 13:10:18'),(717,'tempfile','27a853bc-bedd-11eb-88b7-0b2c510de69c','Microchip PIC16F877A-I-P Microcontrolador.PNG','',48444,'png',NULL,'2021-05-27 13:17:42'),(718,'tempfile','30b87cca-bedd-11eb-86bd-12b74bb887a5','Caja Circuitos Integrados.jpg','',41414,'jpeg',NULL,'2021-05-27 13:17:57'),(719,'tempfile','4677da32-bede-11eb-8141-4e152976700d','Microcontroladores  PIC18F452-1-P.PNG','',48966,'png',NULL,'2021-05-27 13:25:43'),(720,'tempfile','694b9b7a-bede-11eb-b838-521b51d66410','Caja Circuitos Integrados.jpg','',41414,'jpeg',NULL,'2021-05-27 13:26:42'),(721,'tempfile','23bed33c-bedf-11eb-8089-a84cd6aa623e','Microcontroladores  PIC18F452-1-P.PNG','',48966,'png',NULL,'2021-05-27 13:31:55'),(722,'tempfile','2c22bf8e-bedf-11eb-871e-d1e32b8e4f21','Caja Circuitos Integrados.jpg','',41414,'jpeg',NULL,'2021-05-27 13:32:09'),(723,'tempfile','1a2f4008-bee0-11eb-b997-600336d20d4a','Controladores de Ethernet ENC28J60-I-SP.PNG','',36010,'png',NULL,'2021-05-27 13:38:48'),(724,'tempfile','24874398-bee0-11eb-91a1-d91b57747fba','Caja Circuitos Integrados.jpg','',41414,'jpeg',NULL,'2021-05-27 13:39:05'),(725,'tempfile','e383dd4c-bee0-11eb-89f1-a59175a1b618','24LC512-I - SMG.PNG','',50630,'png',NULL,'2021-05-27 13:44:26'),(726,'tempfile','ee285e80-bee0-11eb-8f84-4dcf66587df8','Caja Circuitos Integrados.jpg','',41414,'jpeg',NULL,'2021-05-27 13:44:44'),(727,'tempfile','c8b546bc-bee1-11eb-b22c-354f781717da','PIC16LF877-04 - P.PNG','',10316,'png',NULL,'2021-05-27 13:50:50'),(728,'tempfile','d267a790-bee1-11eb-9aa8-77fa9aa02d29','Caja Circuitos Integrados.jpg','',41414,'jpeg',NULL,'2021-05-27 13:51:07'),(729,'tempfile','4b5b3a80-bee3-11eb-ad11-50a05df889ce','microchip PIC16LF876A-1-SP.PNG','',23731,'png',NULL,'2021-05-27 14:01:39'),(730,'tempfile','52e680e8-bee3-11eb-8c2a-4705fb25b6a8','Caja Circuitos Integrados.jpg','',41414,'jpeg',NULL,'2021-05-27 14:01:52'),(731,'tempfile','13b06906-bee4-11eb-8cbf-afd60eb191c4','HCS512.PNG','',29649,'png',NULL,'2021-05-27 14:07:15'),(732,'tempfile','29b93ebc-bee4-11eb-ba88-02eb55c7dbda','Caja Circuitos Integrados.jpg','',41414,'jpeg',NULL,'2021-05-27 14:07:52'),(733,'tempfile','a7e00c62-bee4-11eb-838a-62cf4c488c79','codificador HCS201.PNG','',60603,'png',NULL,'2021-05-27 14:11:24'),(734,'tempfile','b301b816-bee4-11eb-b229-87172adccce7','Caja Circuitos Integrados.jpg','',41414,'jpeg',NULL,'2021-05-27 14:11:42'),(735,'tempfile','c689be96-bee5-11eb-8461-718a94f2699a','MAX505ACNG.PNG','',120477,'png',NULL,'2021-05-27 14:19:25'),(736,'tempfile','d1c72fc8-bee5-11eb-b31e-800761c62c26','Caja Circuitos Integrados.jpg','',41414,'jpeg',NULL,'2021-05-27 14:19:44'),(737,'tempfile','47fff09e-bee6-11eb-b6b8-66920ba40bf4','MAX483 CPA 962.PNG','',32310,'png','','2021-05-27 14:23:02'),(738,'tempfile','4fd58c34-bee6-11eb-ac57-9128937d4c18','Caja Circuitos Integrados.jpg','',41414,'jpeg',NULL,'2021-05-27 14:23:15'),(739,'tempfile','e6223a3e-bf81-11eb-b449-72da436694f9','Caja Circuitos Integrados.jpg','',41414,'jpeg',NULL,'2021-05-28 08:56:59'),(740,'tempfile','fa3024d2-bf81-11eb-8a7d-b4446e144dc6','Expansor MCP23S17-E-SP.PNG','',34381,'png',NULL,'2021-05-28 08:57:33'),(741,'tempfile','03242312-bf83-11eb-8131-56ef72fb4feb','Transistores bipolares - BJT.PNG','',12980,'png',NULL,'2021-05-28 09:04:57'),(742,'tempfile','0b942588-bf83-11eb-9d19-e4052fa36ede','Caja Circuitos Integrados.jpg','',41414,'jpeg',NULL,'2021-05-28 09:05:12'),(743,'tempfile','7425ba98-bf84-11eb-b029-3c1b3ad63832','DISPLAY 7 SEGMENTOS LED ROJO CÁTODO COMÚN.PNG','',188139,'png',NULL,'2021-05-28 09:15:17'),(744,'tempfile','802be632-bf84-11eb-a845-e645d4b1bea8','Caja Circuitos Integrados.jpg','',41414,'jpeg',NULL,'2021-05-28 09:15:37'),(745,'tempfile','d6a5653e-bf88-11eb-b0b6-5ce3e621bd66','Mini Sistema de células solares.PNG','',98905,'png',NULL,'2021-05-28 09:46:40'),(746,'tempfile','8956e250-bf8b-11eb-845c-ff1921217b27','Controladores y controladores de motor .PNG','',60941,'png',NULL,'2021-05-28 10:05:59'),(747,'tempfile','8ecdfd4a-bf8b-11eb-9c3b-10b622346e08','Controladores y controladores de motor .pdf','',613838,'pdf',NULL,'2021-05-28 10:06:08'),(748,'tempfile','2a86ed8c-bf8c-11eb-a718-36bf47849e7c','Diodos - Propósito general.PNG','',8492,'png',NULL,'2021-05-28 10:10:29'),(749,'tempfile','302c1654-bf8c-11eb-bf14-8c61dbff706b','Diodos - Propósito general.pdf','',316676,'pdf',NULL,'2021-05-28 10:10:38'),(750,'tempfile','0747d98e-bf8d-11eb-9375-d8fd54b76515','Soportes de batería.PNG','',69937,'png',NULL,'2021-05-28 10:16:39'),(751,'tempfile','0e19b44e-bf8d-11eb-9b35-6709e9f7981e','Soportes de batería.pdf','',143286,'pdf',NULL,'2021-05-28 10:16:51'),(752,'tempfile','ba7a0860-bf8d-11eb-a936-6e5c31c9c2a4','Conectores de tarjetas de memoria.PNG','',66033,'png',NULL,'2021-05-28 10:21:40'),(753,'tempfile','c0b648ec-bf8d-11eb-95c4-687db35c25b8','Conectores de tarjetas de memoria.pdf','',143445,'pdf',NULL,'2021-05-28 10:21:50'),(754,'tempfile','bb17af7e-bf8e-11eb-9b1d-ddabafdbf782','Circuitos integrados de conmutador USB.PNG','',19372,'png',NULL,'2021-05-28 10:28:51'),(755,'tempfile','c267052c-bf8e-11eb-ac88-6b93866a6067','Circuitos integrados de conmutador USB.pdf','',539272,'pdf',NULL,'2021-05-28 10:29:03'),(756,'tempfile','578fada2-bf8f-11eb-9ee9-f64cf6955a08','Capacitores electrolíticos de aluminio.PNG','',24558,'png',NULL,'2021-05-28 10:33:13'),(757,'tempfile','6209838e-bf8f-11eb-bcd1-2003e09d1e91','Capacitores electrolíticos de aluminio - SMD.pdf','',1084273,'pdf',NULL,'2021-05-28 10:33:31'),(758,'tempfile','b9016f2a-bf90-11eb-a025-852e5fcd9a8f','Capacitores electrolíticos de aluminio.PNG','',24558,'png',NULL,'2021-05-28 10:43:06'),(759,'tempfile','c128f75e-bf90-11eb-bdfa-eeaf85a90a39','Capacitores electrolíticos de aluminio - SMD.pdf','',1084273,'pdf',NULL,'2021-05-28 10:43:20'),(760,'tempfile','4db6e49a-bf93-11eb-9f9a-cdc8be9768ae','Multilayer Ceramic Capacitors MLCC.PNG','',14484,'png',NULL,'2021-05-28 11:01:34'),(761,'tempfile','59e5f15c-bf93-11eb-b3cd-e0318c54e7b0','Multilayer Ceramic Capacitors MLCC.pdf','',923866,'pdf',NULL,'2021-05-28 11:01:55'),(762,'tempfile','fe380510-bf93-11eb-b621-5f3935b33410','Resistores de película gruesa.PNG','',21400,'png',NULL,'2021-05-28 11:06:31'),(763,'tempfile','0d4671e0-bf94-11eb-8a3f-220e2cd43d8b','Resistores de película gruesa.pdf','',116305,'pdf',NULL,'2021-05-28 11:06:56'),(764,'tempfile','6e329d84-bf95-11eb-8d64-77d4968c93af','Clock Oscillators SMD.PNG','',10793,'png',NULL,'2021-05-28 11:16:48'),(765,'tempfile','83beb088-bf96-11eb-a4bd-f2a2cbb7c34f','QFP Procesadores - microcontroladores.PNG','',9598,'png',NULL,'2021-05-28 11:24:34'),(766,'tempfile','e21e61b8-bf97-11eb-be7f-ae31b5bcc4f8','Fotointerruptor Reflexivo.PNG','',11377,'png',NULL,'2021-05-28 11:34:21'),(767,'tempfile','e8b9a87a-bf97-11eb-a131-8989dc7b017d','Fotointerruptor Reflexivo.pdf','',248973,'pdf',NULL,'2021-05-28 11:34:33'),(768,'tempfile','cae423b8-bf9f-11eb-8a84-3e5214942a1e','Capacitores electrolíticos de aluminio.PNG','',6521,'png',NULL,'2021-05-28 12:30:58'),(769,'tempfile','48763f3c-bfa0-11eb-a9c0-a84b7b30b496','Capacitores electrolíticos de aluminio.PNG','',6521,'png',NULL,'2021-05-28 12:34:29'),(770,'tempfile','be3b1f66-bfa1-11eb-be9b-04bbb35a3967','CONDENSADOR CERAMICO ALTA TENSION.PNG','',25569,'png',NULL,'2021-05-28 12:44:56'),(771,'tempfile','33279962-bfa2-11eb-a33f-f6dec5b59072','Caja Condensadores.jpg','',56580,'jpeg',NULL,'2021-05-28 12:48:12'),(772,'tempfile','3b2ff784-bfa3-11eb-83e3-72bda0b230e3','Condensadores Cerámicos de Disco y Placa.PNG','',9040,'png',NULL,'2021-05-28 12:55:35'),(773,'tempfile','4356ea80-bfa3-11eb-84ea-cf97ac0326af','Caja Condensadores.jpg','',56580,'jpeg',NULL,'2021-05-28 12:55:49'),(774,'tempfile','fc2b0d50-bfa5-11eb-8ed2-fa48dd8302f7','Condensador de película no polar EPCOS.PNG','',134795,'png',NULL,'2021-05-28 13:15:18'),(775,'tempfile','55f12f08-bfa7-11eb-9c10-6919517f1485','Condensadores Cerámicos de Disco y Placa.PNG','',9040,'png',NULL,'2021-05-28 13:24:58'),(776,'tempfile','85362b4a-bfa9-11eb-9ea6-14fac7a8ac33','Condensador electrolítico.PNG','',263201,'png',NULL,'2021-05-28 13:40:37'),(777,'tempfile','8f88a938-bfa9-11eb-8ea1-587399e940db','Caja Condensadores.jpg','',56580,'jpeg',NULL,'2021-05-28 13:40:54'),(778,'tempfile','6bb8597e-c1dc-11eb-9715-fa65d120d0ce','Cabezal de pines.PNG','',14517,'png',NULL,'2021-05-31 08:50:00'),(779,'tempfile','721b2bc0-c1dc-11eb-900e-f817c5e5bf0d','Cabezal de pines.pdf','',32441,'pdf',NULL,'2021-05-31 08:50:11'),(780,'tempfile','9de27550-c1dd-11eb-935a-92e8a2c65ebc','Conector hembra IDC de 40 vías.PNG','',39204,'png',NULL,'2021-05-31 08:58:34'),(781,'tempfile','a6681d6a-c1dd-11eb-b7b9-f2fd64bddd20','Conector hembra IDC de 40 vías.pdf','',144032,'pdf',NULL,'2021-05-31 08:58:48'),(782,'tempfile','374d0348-c1e0-11eb-ad42-09ef793c4e7b','Phoenix Contact.PNG','',54555,'png',NULL,'2021-05-31 09:17:10'),(783,'tempfile','489a6366-c1e0-11eb-b3ef-2641f655670d','Phoenix Contact.pdf','',259578,'pdf',NULL,'2021-05-31 09:17:39'),(784,'tempfile','19325cf0-c1e5-11eb-aaca-a8fad06d5075','microcontrolador PIC de 8 bits.PNG','',26274,'png',NULL,'2021-05-31 09:52:07'),(785,'tempfile','24e861de-c1e5-11eb-9a39-5679d4c38d7e','Caja Circuitos Integrados.jpg','',41414,'jpeg',NULL,'2021-05-31 09:52:27'),(786,'tempfile','a4b918c6-c1e6-11eb-9258-ed5f9e9f4fb5','Transceptor multiprotocolo con chip FTDI SSOP de 28 pines.PNG','',38331,'png',NULL,'2021-05-31 10:03:11'),(787,'tempfile','ad2bc53a-c1e6-11eb-b7c8-f9200ba01af2','Transceptor multiprotocolo con chip FTDI SSOP de 28 pines.pdf','',1224474,'pdf',NULL,'2021-05-31 10:03:25'),(788,'tempfile','7fc861a6-c1e7-11eb-802e-d45671fe9835','microcontrolador AVR de 8 bits, ATmega.PNG','',7765,'png',NULL,'2021-05-31 10:09:19'),(789,'tempfile','92c7f83e-c1e7-11eb-a0a2-2284ee3c142a','microcontrolador AVR de 8 bits, ATmega.pdf','',164300,'pdf',NULL,'2021-05-31 10:09:50'),(790,'tempfile','5c4b8efe-c1e9-11eb-ae65-053a86715f9d','amplificador de instrumentación, compensación de 0,1 mV.PNG','',30755,'png',NULL,'2021-05-31 10:22:38'),(791,'tempfile','6ec895ea-c1e9-11eb-959c-3c7477dc9d5b','Caja Circuitos Integrados.jpg','',41414,'jpeg',NULL,'2021-05-31 10:23:09'),(792,'tempfile','5f030440-c1eb-11eb-bf89-f6f21c3ae9a5','amplificador operacional, 600 kHz, SOIC de 8 pines.PNG','',17336,'png',NULL,'2021-05-31 10:37:02'),(793,'tempfile','7467cdc0-c1eb-11eb-be65-e50dac3782b3','Caja Circuitos Integrados.jpg','',41414,'jpeg',NULL,'2021-05-31 10:37:37'),(794,'tempfile','082e0380-c1f1-11eb-a1e3-2a0e02f8d333','MOSFET dual de canal N - P, 5,4 A, 8 A, 30 V.PNG','',47432,'png',NULL,'2021-05-31 11:17:33'),(795,'tempfile','11c2e38e-c1f1-11eb-be31-846eebb898b6','MOSFET dual de canal N - P, 5,4 A, 8 A, 30 V.pdf','',870381,'pdf',NULL,'2021-05-31 11:17:49'),(796,'tempfile','4a56ce8a-c1f2-11eb-bf08-065374b0275c','Transistor digital PEMD3,115 Dual NPN.pdf','',67109,'pdf',NULL,'2021-05-31 11:26:33'),(797,'tempfile','4f8c9e70-c1f2-11eb-9802-3e1a7f2c621f','Transistor digital PEMD3,115 Dual NPN.PNG','',4986,'png',NULL,'2021-05-31 11:26:42'),(798,'tempfile','46e3a874-c1f5-11eb-8f49-fec0a2fb2ef1','Transistor NPN, 100 mA, 45 V, 3 pines TO-92.PNG','',13550,'png',NULL,'2021-05-31 11:47:56'),(799,'tempfile','4f837216-c1f5-11eb-83a8-13137d911935','Transistor NPN, 100 mA, 45 V, 3 pines TO-92.pdf','',109689,'pdf',NULL,'2021-05-31 11:48:11'),(800,'tempfile','2a0d1d14-c1f7-11eb-832e-53894b44e24b','Controlador de potencia MOSFET dual de lado alto y bajo.PNG','',20380,'png',NULL,'2021-05-31 12:01:27'),(801,'tempfile','4b286300-c1f7-11eb-8f09-8609b9688e01','Controlador de potencia MOSFET dual de lado alto y bajo.pdf','',252775,'pdf',NULL,'2021-05-31 12:02:22'),(802,'tempfile','288e2e8a-c1fa-11eb-9f60-67e438f7b579','Dual N-Channel MOSFET, 5 A, 60 V.pdf','',734353,'pdf',NULL,'2021-05-31 12:22:53'),(803,'tempfile','346746ce-c1fa-11eb-9e9e-631849135836','Dual N-Channel MOSFET, 5 A, 60 V.PNG','',42222,'png',NULL,'2021-05-31 12:23:13'),(804,'tempfile','611d9956-c1fb-11eb-a4a6-6669f2c22d9a','amplificador operacional, 22 MHz, SOIC de 8 pines.PNG','',20652,'png',NULL,'2021-05-31 12:31:37'),(805,'tempfile','72e6036c-c1fb-11eb-8661-e67e593b4e74','Caja Circuitos Integrados.jpg','',41414,'jpeg',NULL,'2021-05-31 12:32:07'),(806,'tempfile','eee38174-c1fb-11eb-9883-528b0399ca16','amplificador operacional, 3.9GHz, SOIC de 8 pines.PNG','',20803,'png',NULL,'2021-05-31 12:35:35'),(807,'tempfile','aa0c058e-c1fc-11eb-963d-47a6c9947449','Transistor NPN, 200 mA, 40 V, 3 pines SOT-23.PNG','',9268,'png',NULL,'2021-05-31 12:40:49'),(808,'tempfile','7844e8cc-c201-11eb-b692-9117271656c1','amplificador operacional, RRIO, 2 MHz, 2 → 6 V, MSOP de 8 pines.pdf','application/pdf',464032,'',NULL,'2021-05-31 13:15:13'),(809,'tempfile','8b7d8cb4-c201-11eb-9483-50ed12ce81dd','amplificador operacional, RRIO, 2 MHz, 2 → 6 V, MSOP de 8 pines.pdf','',464032,'pdf',NULL,'2021-05-31 13:15:45'),(810,'tempfile','9c750696-c201-11eb-8e8c-7216ab78eee2','amplificador operacional, RRIO, 2 MHz, 2 → 6 V, MSOP de 8 pines.PNG','',15500,'png',NULL,'2021-05-31 13:16:14'),(811,'tempfile','d3d3bd16-c202-11eb-bfc1-9d70138022ac','TRANSISTOR DE RF,NPN, 2.3V.PNG','',23241,'png',NULL,'2021-05-31 13:24:56'),(812,'tempfile','e32d654a-c203-11eb-92bc-a5a0a9dc03f9','amplificador operacional, 22 MHz, SOIC de 8 pines.PNG','',20652,'png',NULL,'2021-05-31 13:32:31'),(813,'tempfile','f1e9cdf2-c204-11eb-803e-e8c0af6f8d02','transistor Optoacoplador doble, orificio pasante, PDIP de 8 pines.PNG','',19099,'png',NULL,'2021-05-31 13:40:05'),(814,'tempfile','113c9c02-c205-11eb-bd31-c1f2b72ebc78','transistor Optoacoplador doble, orificio pasante, PDIP de 8 pines.pdf','',208361,'pdf',NULL,'2021-05-31 13:40:58'),(815,'tempfile','37d2f414-c206-11eb-8dae-ee337640d7a6','Conector de Pines.PNG','',27609,'png',NULL,'2021-05-31 13:49:12'),(817,'tempfile','102e5056-c207-11eb-ae4b-cf1e8d842e79','CONECTOR MACHO RECTO 6 PIN.PNG','',168647,'png',NULL,'2021-05-31 13:55:15'),(818,'tempfile','c51a1dfa-c208-11eb-b39d-f8e519108bac','Referencia de voltaje en serie, fijo, 2.5V a 3.3V.PNG','',9214,'png',NULL,'2021-05-31 14:07:28'),(819,'tempfile','f7158194-c75a-11eb-b675-ba4e56218e4f','Regleta macho doble.PNG','',70595,'png',NULL,'2021-06-07 08:38:27'),(820,'tempfile','4dace2fc-c75d-11eb-89a4-645eca99c99c','Tira de pines MachoPNG.PNG','',56107,'png',NULL,'2021-06-07 08:55:11'),(822,'tempfile','28b5a48a-c761-11eb-b14f-6c22a1685259','Regleta hembra doble Mini .PNG','',14915,'png',NULL,'2021-06-07 09:22:47'),(823,'tempfile','18a66538-c762-11eb-87d2-31aa37d47fa9','Baterias .PNG','',20942,'png',NULL,'2021-06-07 09:29:29'),(824,'tempfile','41353456-c763-11eb-9328-52a6fc2da2ad','Batería Recargable.pdf','',45787,'pdf',NULL,'2021-06-07 09:37:47'),(825,'tempfile','59814d2e-c763-11eb-a4f7-a1fed70137a4','Batería Recargable.PNG','',53084,'png',NULL,'2021-06-07 09:38:28'),(826,'tempfile','e15b4b8c-c763-11eb-9441-531ad84ed7a4','Bateria C11-ME370T .PNG','',207707,'png',NULL,'2021-06-07 09:42:16'),(827,'tempfile','b1a45374-c764-11eb-9473-e97ca8d54688','BATERIA LIPO 3.7V 250mA PROTEGIDA.PNG','',43624,'png',NULL,'2021-06-07 09:48:05'),(828,'tempfile','ba0c1a88-c764-11eb-86a5-0ee4881933cb','BATERIA LIPO 3.7V 250mA.pdf','',932963,'pdf',NULL,'2021-06-07 09:48:19'),(829,'tempfile','ebdd9cda-c764-11eb-b721-9b5bd09043ec','BATERIA LIPO 3.7V 250mA PROTEGIDA.PNG','',43624,'png',NULL,'2021-06-07 09:49:43'),(830,'tempfile','fd976bb8-c764-11eb-a7ae-d7c71182d9ed','BATERIA LIPO 3.7V 250mA.pdf','',932963,'pdf',NULL,'2021-06-07 09:50:13'),(831,'tempfile','b2a71ea4-c765-11eb-88fa-db61707a7e62','Batería BL-4U para Nokia.PNG','image/png',28010,'',NULL,'2021-06-07 09:55:16'),(832,'tempfile','02b3ad86-c766-11eb-aaa0-4d7526537074','Batería BL-4U para Nokia.PNG','',51760,'png',NULL,'2021-06-07 09:57:31'),(833,'tempfile','f9f95b9a-c766-11eb-9b4a-bbf003755c1b','Módulo de fuente de alimentación.PNG','',90671,'png',NULL,'2021-06-07 10:04:25'),(834,'tempfile','ddd21146-c76b-11eb-8129-4ca39e43d702','HILO DE RETENCIÓN COBRE ESTAÑADO.PNG','',81351,'png',NULL,'2021-06-07 10:39:26'),(835,'tempfile','16857360-c76d-11eb-8d1d-eae200bf36ac','HILO DE RETENCIÓN COBRE ESTAÑADO.PNG','',81351,'png',NULL,'2021-06-07 10:48:10'),(836,'tempfile','8a0eb1c0-c76d-11eb-b827-44ab4ee7d3c5','HILO DE RETENCIÓN COBRE ESTAÑADO.PNG','',81351,'png',NULL,'2021-06-07 10:51:24'),(837,'tempfile','aa610a72-c772-11eb-bc9a-e7f2581f1fad','Espaciador redondo.PNG','',10911,'png',NULL,'2021-06-07 11:28:06'),(838,'tempfile','d2cd5e56-c773-11eb-9a26-40510bdc46fa','Espaciador, redondo.PNG','',25103,'png',NULL,'2021-06-07 11:36:23'),(839,'tempfile','39f7b1ac-c77a-11eb-bac5-3c1f91f9b3ae','Separadores macho-hembra.PNG','',159766,'png',NULL,'2021-06-07 12:22:13'),(841,'tempfile','d11d61fa-c77d-11eb-a956-95655ddd5228','Tuercas remachables.PNG','',7544,'png',NULL,'2021-06-07 12:47:55'),(842,'tempfile','1559996e-c77f-11eb-934e-67c241fd26ab','Regletas de terminales PCB.PNG','',17061,'png',NULL,'2021-06-07 12:56:59'),(843,'tempfile','5d203b22-c77f-11eb-b11b-9be6122cdc5b','Regletas de terminales PCB.pdf','application/pdf',393470,'',NULL,'2021-06-07 12:59:00'),(844,'tempfile','65d6bc78-c77f-11eb-bc4a-9a1951663b49','Regletas de terminales PCB.pdf','',393470,'pdf',NULL,'2021-06-07 12:59:14'),(845,'tempfile','8bbfee18-c780-11eb-9935-d88ea51ae057','terminales enchufables.PNG','',89610,'png',NULL,'2021-06-07 13:07:27'),(846,'tempfile','5ca1f134-c781-11eb-8887-0d990940264b','Terminales de circuito impreso.PNG','',35644,'png',NULL,'2021-06-07 13:13:18'),(847,'tempfile','7fe5de66-c782-11eb-aab7-7e8b037ea6fc','terminal PCB, paso5mm 3 Contacto Macho Recta.PNG','',35156,'png',NULL,'2021-06-07 13:21:27'),(848,'tempfile','ae2d71da-c782-11eb-a3ee-6c94ce7826c7','terminal PCB, paso5mm 3 Contacto Macho Recta.pdf','',763434,'pdf',NULL,'2021-06-07 13:22:44'),(849,'tempfile','07cdbff6-c783-11eb-a465-50f188cff495','terminal PCB, paso5mm 2 Contacto Macho Recta.PNG','',10174,'png',NULL,'2021-06-07 13:25:15'),(850,'tempfile','086cb950-c786-11eb-8810-468f9120e0e1','Ficha de empalme 10 contactos Sección 16mm.PNG','',180011,'png',NULL,'2021-06-07 13:46:44'),(851,'tempfile','920b9c3a-c786-11eb-ada8-57f3c68567fd','Ficha de empalme 12 contactos.PNG','',21479,'png',NULL,'2021-06-07 13:50:35'),(852,'tempfile','782a5300-c787-11eb-a852-0df54fa13633','Ficha de empalme 12 contactos.PNG','',21479,'png',NULL,'2021-06-07 13:57:01'),(853,'tempfile','6656bbd4-c78a-11eb-971c-81c057228b68','Regleta PP Nº 16.jpg','',62106,'jpeg',NULL,'2021-06-07 14:18:00'),(854,'tempfile','25c2bdba-c78b-11eb-bec0-a3e42102ff41','Regleta 2 polos .jpg','',39340,'jpeg',NULL,'2021-06-07 14:23:21'),(855,'tempfile','3b74ae06-c78c-11eb-ac5e-6269a98a6c73','RRP-P-105.PNG','',26550,'png',NULL,'2021-06-07 14:31:07'),(856,'tempfile','8643f234-c78c-11eb-bf15-a8d6dd0db171','RRP-P-105.PNG','',26550,'png',NULL,'2021-06-07 14:33:12'),(857,'tempfile','cadfaf54-c78d-11eb-981b-3b50dac28819','Cobre Estañado.PNG','',60540,'png',NULL,'2021-06-07 14:42:17'),(858,'tempfile','df8f2682-c78d-11eb-ab07-97e079955bd8','Cobre Estañado.pdf','',196952,'pdf',NULL,'2021-06-07 14:42:51'),(859,'tempfile','5cdf27ae-c78e-11eb-b983-6720edb20ec8','RRP-G-105- COLOR VERDE.PNG','',24096,'png',NULL,'2021-06-07 14:46:22'),(860,'tempfile','9feba10c-c82a-11eb-8ff2-66fe9588b036','Led blanco 3.5 mm.PNG','',44273,'png',NULL,'2021-06-08 09:24:56'),(861,'tempfile','260136a8-c82b-11eb-b888-eaa2785c7638','DIODO LED 3.5MM ROJO.PNG','',19929,'png',NULL,'2021-06-08 09:28:41'),(862,'tempfile','244899e0-c82c-11eb-8b93-9e2a2e2e3339','DIODO LED 3.5MM VERDE.PNG','',38236,'png',NULL,'2021-06-08 09:35:47'),(863,'tempfile','76e89c5e-c82c-11eb-b5a9-5d2c6d381ea2','DIODO LED 3.5MM AMARILLO.PNG','',17807,'png',NULL,'2021-06-08 09:38:06'),(864,'tempfile','b10ca010-c82c-11eb-90b9-697fe55a28a1','DIODO LED 3.5MM AZUL.PNG','',11671,'png',NULL,'2021-06-08 09:39:43'),(865,'tempfile','0c2774a2-c82d-11eb-8213-b82ef4f1c2be','DIODO LED 3.5MM NARANJA.PNG','',25540,'png',NULL,'2021-06-08 09:42:16'),(866,'tempfile','6c3ae34c-c82d-11eb-a3fc-b63ceb91f528','LED Naranja 5mm. Cilíndrico.PNG','',35331,'png',NULL,'2021-06-08 09:44:57'),(867,'tempfile','ce54764c-c82d-11eb-b10f-11e6efc58eeb','DIODO LED 5MM BLANCO.PNG','',22012,'png',NULL,'2021-06-08 09:47:42'),(868,'tempfile','4f5b4400-c82e-11eb-b8c6-4ecb169d7fa2','DIODO LED 10MM ROJO .PNG','',55124,'png',NULL,'2021-06-08 09:51:19'),(869,'tempfile','d275d60c-c82e-11eb-a9d4-51e318ff0608','DIODO LED 10MM AMARILLO.PNG','',71595,'png',NULL,'2021-06-08 09:54:58'),(870,'tempfile','f6f9084e-c830-11eb-ba1b-4dbe4151d5c8','Led Infrarrojo.PNG','',21687,'png',NULL,'2021-06-08 10:10:19'),(871,'tempfile','74c5e9ae-c831-11eb-9a54-ce02f7493f81','Led Infrarrojo morado.PNG','',33735,'png',NULL,'2021-06-08 10:13:50'),(872,'tempfile','80641392-c833-11eb-99f9-4609db60f63d','Led blanco 5 mm.PNG','',44273,'png',NULL,'2021-06-08 10:28:28'),(873,'tempfile','b4eff6b2-c833-11eb-8a43-19d1f192833b','LED Naranja 5mm. Cilíndrico.PNG','',35331,'png',NULL,'2021-06-08 10:29:56'),(874,'tempfile','de1fe95c-c833-11eb-bb28-798770f54a12','DIODO LED 10MM AMARILLO.PNG','',71595,'png',NULL,'2021-06-08 10:31:06'),(875,'tempfile','03094542-c834-11eb-8cb9-bb551ca2431d','DIODO LED 10MM ROJO .PNG','',55124,'png',NULL,'2021-06-08 10:32:07'),(876,'tempfile','124cc28a-c835-11eb-bbee-30e21102c434','Led de 8mm en ROJO .PNG','',25307,'png',NULL,'2021-06-08 10:39:43'),(877,'tempfile','3a49f3ac-c835-11eb-bd55-620bcf1ec576','Led de 8mm en verde.PNG','',26660,'png',NULL,'2021-06-08 10:40:50'),(878,'tempfile','b02f017e-c83b-11eb-b714-b26a50f84262','LED Naranja 5mm.PNG','',4699,'png',NULL,'2021-06-08 11:27:04'),(879,'tempfile','bd6b086e-c83c-11eb-b70d-496201817dcf','OPTOELECTRONICA LED.PNG','',10617,'png',NULL,'2021-06-08 11:34:36'),(880,'tempfile','a86d3236-c83f-11eb-adba-4341edc7017f',' LED Rosa 5mm. Triangular.jpg','',125057,'jpeg',NULL,'2021-06-08 11:55:29'),(881,'tempfile','2ac759aa-c840-11eb-acf8-5d985b3cc2a6','LED Rectangular Amarillo.jpg','',88952,'jpeg',NULL,'2021-06-08 11:59:08'),(882,'tempfile','f8b38942-c840-11eb-81a4-9b8e34eebac6','LED de alta potencia COB30 10W.PNG','',171810,'png',NULL,'2021-06-08 12:04:54'),(883,'tempfile','6869223a-c844-11eb-b976-65aedd444106','Pantalla LED de Matriz de Puntos.PNG','',32380,'png',NULL,'2021-06-08 12:29:29'),(885,'tempfile','7dfbade2-c845-11eb-95f7-21667d394afc','Pantalla de 7 segmentos.PNG','',30260,'png',NULL,'2021-06-08 12:37:15'),(886,'tempfile','83744568-c845-11eb-90d9-000bd39abf4f','Pantalla de 7 segmentos.pdf','',581729,'pdf',NULL,'2021-06-08 12:37:24'),(887,'tempfile','02488a38-c847-11eb-9617-ab75f92a08f2','Pantalla de 7 segmentos.PNG','',30260,'png',NULL,'2021-06-08 12:48:07'),(888,'tempfile','74e96d96-c847-11eb-8ddb-2fa7e1c17796','pantalla LED de 7 segmentos, 4 dígitos.PNG','',35331,'png',NULL,'2021-06-08 12:51:19'),(889,'tempfile','7dac011e-c84c-11eb-b629-9656419fb959','BUZZER 5V.PNG','',22103,'png',NULL,'2021-06-08 13:27:21'),(890,'tempfile','853e8762-c84c-11eb-98a9-760c5ac4e02c','piezoelectronic_buzzer_ps_en.pdf','',651399,'pdf',NULL,'2021-06-08 13:27:34'),(891,'tempfile','61aa75e4-c84d-11eb-a04f-1392afce1d96','Zumbadores Transductor 12V.PNG','',59700,'png',NULL,'2021-06-08 13:33:44'),(892,'tempfile','2cb34e22-c8f9-11eb-b456-8779aa3c5782','Res 470Ω, .jpg','',46606,'jpeg',NULL,'2021-06-09 10:03:28'),(893,'tempfile','5b2d775a-c8f9-11eb-b267-f7ca028cc702','Res 1.5K 5%.jpg','',59783,'jpeg',NULL,'2021-06-09 10:04:46'),(894,'tempfile','0646d0e6-c8fa-11eb-81ca-b32a6efa1a4f','Res 1M.jpg','',62840,'jpeg',NULL,'2021-06-09 10:09:33'),(895,'tempfile','310b6b48-c8fa-11eb-a340-19b584493074','Rs 2.4M.jpg','',69347,'jpeg',NULL,'2021-06-09 10:10:45'),(896,'tempfile','64ab292a-c8fa-11eb-8e58-b69c8771ac77','Res 47K.jpg','image/jpeg',47789,'',NULL,'2021-06-09 10:12:12'),(897,'tempfile','7073c910-c8fa-11eb-a141-2c40b30324c4','Res 360K.jpg','',46783,'jpeg',NULL,'2021-06-09 10:12:31'),(898,'tempfile','c3615a8e-c8fa-11eb-ae1e-490ad3518b06','Res 47K.jpg','',47789,'jpeg',NULL,'2021-06-09 10:14:51'),(899,'tempfile','e6b7f90c-c8fa-11eb-8d2b-7b54b19937ba','Res 100K.jpg','',45954,'jpeg',NULL,'2021-06-09 10:15:50'),(900,'tempfile','2914fb06-c8fb-11eb-af80-eba9f94a56f5','Res 470Ω, .jpg','',46606,'jpeg',NULL,'2021-06-09 10:17:41'),(901,'tempfile','4c4f691c-c8fb-11eb-8fe1-1256804a244a','Res 150Ω .jpg','',28661,'jpeg',NULL,'2021-06-09 10:18:40'),(902,'tempfile','7d273a1a-c8fb-11eb-a239-b6e52a68bd41','Res 100Ω .jpg','',38684,'jpeg',NULL,'2021-06-09 10:20:02'),(903,'tempfile','9d1aaafa-c8fb-11eb-bdcc-418995501345','Res 75Ω .jpg','',38127,'jpeg',NULL,'2021-06-09 10:20:56'),(904,'tempfile','d55defa8-c8fb-11eb-ab11-b8b2e3e0513e','Res 62Ω .jpg','',31502,'jpeg',NULL,'2021-06-09 10:22:30'),(905,'tempfile','035f09d2-c8fc-11eb-9a24-d50554dd7af6','Res 47Ω .jpg','',33292,'jpeg',NULL,'2021-06-09 10:23:47'),(906,'tempfile','1d7fa9b6-c8fc-11eb-ab90-0872b77835f9','Res 47Ω .jpg','image/jpeg',33292,'',NULL,'2021-06-09 10:24:31'),(907,'tempfile','2c225a36-c8fc-11eb-a432-1b69f1247df3','Res 39Ω .jpg','',34203,'jpeg',NULL,'2021-06-09 10:24:56'),(908,'tempfile','558293be-c8fc-11eb-a39e-581053d9f7b8','Res 22Ω .jpg','',36271,'jpeg',NULL,'2021-06-09 10:26:05'),(909,'tempfile','8d2afb62-c8fc-11eb-97bb-7baba2c42888','Res 15Ω .jpg','',30979,'jpeg',NULL,'2021-06-09 10:27:39'),(910,'tempfile','ab4a23d4-c8fc-11eb-81dd-d5b1a9137f61','Res 10Ω .jpg','',34325,'jpeg',NULL,'2021-06-09 10:28:29'),(911,'tempfile','eff06b56-c8fc-11eb-9c88-ff38acb53923','Res 4.7Ω .jpg','',27981,'jpeg',NULL,'2021-06-09 10:30:24'),(912,'tempfile','17c76650-c8ff-11eb-b6ca-7de6fcc11f8e','Condensador de Cerámica.PNG','',40691,'png',NULL,'2021-06-09 10:45:50'),(913,'tempfile','2ef4e56e-c8ff-11eb-9834-7aa0c5c0921c','Condensador de Cerámica.pdf','',52830,'pdf',NULL,'2021-06-09 10:46:29'),(914,'tempfile','bcab2198-c8ff-11eb-b57c-f409e67fb99a','Condensador Electrolítico Aluminio SMD.PNG','',28825,'png',NULL,'2021-06-09 10:50:27'),(915,'tempfile','c2768162-c8ff-11eb-8b3d-03e7a2236232','Condensador Electrolítico Aluminio SMD.pdf','',398302,'pdf',NULL,'2021-06-09 10:50:36'),(916,'tempfile','4f4cd698-c902-11eb-966d-285848c588ee','Módulo de Cómputo Raspberry Pi 4.PNG','',105803,'png',NULL,'2021-06-09 11:08:52'),(917,'tempfile','35598298-c909-11eb-adc7-2f9cfe55249e','Tornillo M2.5.PNG','',52666,'png',NULL,'2021-06-09 11:58:15'),(918,'tempfile','87fa46da-c90a-11eb-b109-0ce1ad6b624c','Tornillo para Máquina, M4, 10 mm.PNG','',49385,'png',NULL,'2021-06-09 12:07:43'),(919,'tempfile','939bba0a-c90a-11eb-a840-25cf49bf4251','Tornillo para Máquina, M4, 10 mm.pdf','',48862,'pdf',NULL,'2021-06-09 12:08:02'),(920,'tempfile','91c6b274-c90b-11eb-ac5b-3384701807e2','Tornillo para Máquina, M4, 12 mm.PNG','',49175,'png',NULL,'2021-06-09 12:15:09'),(921,'tempfile','959eb126-c90b-11eb-9d2e-bc75a6ff6b63','Tornillo para Máquina, M4, 12 mm.pdf','',48862,'pdf',NULL,'2021-06-09 12:15:15'),(922,'tempfile','b6e0c420-c90e-11eb-8a44-2048cefc6367','Conector Hembra para PCB.PNG','',17167,'png',NULL,'2021-06-09 12:37:39'),(923,'tempfile','bc00428c-c90e-11eb-b38d-aecc7f282228','Conector Hembra para PCB.pdf','',1142146,'pdf',NULL,'2021-06-09 12:37:48'),(924,'tempfile','ea619bb2-c90e-11eb-8cce-b0043dabe7bc','Conector Hembra para PCB.PNG','',17167,'png',NULL,'2021-06-09 12:39:06'),(925,'tempfile','efaf187e-c90e-11eb-af82-05ab0e35487d','Conector Hembra para PCB.pdf','',1142146,'pdf',NULL,'2021-06-09 12:39:15'),(926,'tempfile','d1ca7dca-c90f-11eb-bd80-b0d6b05fa3fb','Conector de Pines, Placa a Placa, 2.54 mm.PNG','',63164,'png',NULL,'2021-06-09 12:45:34'),(927,'tempfile','fd6127cc-c90f-11eb-91a7-8682e3ddba56','Conector de Pines, Placa a Placa, 2.54 mm.pdf','',48222,'pdf',NULL,'2021-06-09 12:46:47'),(928,'tempfile','11f254f2-c91c-11eb-9a65-adec76446de5','Módulo de cómputo  Pi 4.PNG','',35063,'png',NULL,'2021-06-09 14:13:16'),(929,'tempfile','1cfc3048-c91c-11eb-b9a9-a856956814d6','Módulo de cómputo Pi 4.pdf','',1352694,'pdf',NULL,'2021-06-09 14:13:34'),(930,'tempfile','7afb18c6-c9b7-11eb-bc06-366f1a35aa9f','Material termocontraíble.PNG','',170170,'png',NULL,'2021-06-10 08:45:44'),(931,'tempfile','cc0527de-c9b7-11eb-a796-0c5a36b47f0f','Material termocontraíble - 3.0mm.pdf','application/pdf',358058,'',NULL,'2021-06-10 08:48:00'),(932,'tempfile','d45025a6-c9b7-11eb-9593-676af13e87d0','Material termocontraíble - 3.0mm.pdf','application/pdf',358058,'',NULL,'2021-06-10 08:48:14'),(933,'tempfile','1db7158e-c9c1-11eb-bdbb-c44f5b9bff30','Res 5.6K .jpg','',36076,'jpeg',NULL,'2021-06-10 09:54:42'),(934,'tempfile','427cbe82-c9c1-11eb-960d-dbaf03955a7c','Res 4.7K.jpg','',23534,'jpeg',NULL,'2021-06-10 09:55:44'),(935,'tempfile','83162cee-c9c1-11eb-92a7-2f42db9e40e8','Res 470Ω .jpg','',33025,'jpeg',NULL,'2021-06-10 09:57:33'),(936,'tempfile','b5c6464c-c9c1-11eb-bf66-6d2e56d0e95e','Res 750Ω .jpg','',36858,'jpeg',NULL,'2021-06-10 09:58:58'),(937,'tempfile','d9ed01b4-c9c1-11eb-87b5-ad20f8edd672','Res 1k.jpg','',30726,'jpeg',NULL,'2021-06-10 09:59:58'),(938,'tempfile','03ecbda6-c9c2-11eb-94f4-c837c63b9d30','Res 1.2k.jpg','',39093,'jpeg',NULL,'2021-06-10 10:01:09'),(939,'tempfile','2ab8a788-c9c2-11eb-a355-1a6573d5472e','Res 1.5k .jpg','',31231,'jpeg',NULL,'2021-06-10 10:02:14'),(940,'tempfile','48fd8420-c9c2-11eb-8bd5-d7c976d6b248','Res 2.2k .jpg','',36178,'jpeg',NULL,'2021-06-10 10:03:05'),(941,'tempfile','6f93f402-c9c2-11eb-bffa-79cb6d5fa065','Res 3.3k.jpg','',29364,'jpeg',NULL,'2021-06-10 10:04:09'),(942,'tempfile','89620496-c9c2-11eb-9c19-859e9907dc79','Res 220Ω .jpg','',39118,'jpeg',NULL,'2021-06-10 10:04:53'),(943,'tempfile','146a76d4-c9ca-11eb-a419-6560dc04649f','Res 39K.jpg','',41924,'jpeg',NULL,'2021-06-10 10:58:52'),(944,'tempfile','3432c0f2-c9ca-11eb-8c0b-7d18a3ba1167','Res 65K.jpg','',39931,'jpeg',NULL,'2021-06-10 10:59:46'),(945,'tempfile','1d11dd62-c9cb-11eb-8a2c-526c5d2c0427','Res 82K.jpg','',39520,'jpeg',NULL,'2021-06-10 11:06:16'),(946,'tempfile','55b00a4a-c9cb-11eb-94d5-7227be3cfd8c','Res 22K.jpg','',42658,'jpeg',NULL,'2021-06-10 11:07:51'),(947,'tempfile','8b213dde-c9cb-11eb-8a98-0f079a63f698','Res 18K.jpg','',42883,'jpeg',NULL,'2021-06-10 11:09:21'),(948,'tempfile','da5b865c-c9cb-11eb-932f-4126d574eb2b','Res 15K.jpg','',35922,'jpeg',NULL,'2021-06-10 11:11:34'),(949,'tempfile','06a6b3a8-c9cc-11eb-a7f0-8bc51f7a7463','Res 6.2K.jpg','',41147,'jpeg',NULL,'2021-06-10 11:12:48'),(950,'tempfile','2e50dd7a-c9cc-11eb-a673-efc0c4a52a58','Res 10K.jpg','',39296,'jpeg',NULL,'2021-06-10 11:13:55'),(951,'tempfile','757bbb5c-c9cc-11eb-affc-e0c7b51e3409','Res 8.2K.jpg','',33991,'jpeg',NULL,'2021-06-10 11:15:54'),(952,'tempfile','576aa7aa-c9d0-11eb-8743-be1fc4ae5ba1','Res 120K .jpg','',33367,'jpeg',NULL,'2021-06-10 11:43:42'),(953,'tempfile','8682da80-c9d0-11eb-9c21-a309612a27c2','Res 310K .jpg','',40434,'jpeg',NULL,'2021-06-10 11:45:01'),(954,'tempfile','a40369ee-c9d0-11eb-bf5c-ac7f39c14644','Res 2M.jpg','',40972,'jpeg',NULL,'2021-06-10 11:45:50'),(955,'tempfile','e0282c2a-c9d0-11eb-b5bd-25cf7b340f19','Res 150K.jpg','',33542,'jpeg',NULL,'2021-06-10 11:47:31'),(956,'tempfile','b748f766-c9d1-11eb-b4fe-aefce3043965','Res 220K.jpg','',34147,'jpeg',NULL,'2021-06-10 11:53:32'),(958,'tempfile','2c1b7c76-c9d2-11eb-a942-46f2c595a149','Res 3M.jpg','',35384,'jpeg',NULL,'2021-06-10 11:56:48'),(959,'tempfile','4f043002-c9d2-11eb-a42d-c0679a86055d','Res 1Ω .jpg','',31950,'jpeg',NULL,'2021-06-10 11:57:47'),(960,'tempfile','7ce9793c-c9d2-11eb-bf03-1434654680a9','Res 620K.jpg','',33534,'jpeg',NULL,'2021-06-10 11:59:04'),(961,'tempfile','a444bbc2-c9d2-11eb-9369-3d4910419b2f','Res 100K.jpg','',30943,'jpeg',NULL,'2021-06-10 12:00:10'),(962,'tempfile','5231de4e-c9de-11eb-9d91-8560c11b85cb','Res 3.3K.jpg','',35163,'jpeg',NULL,'2021-06-10 13:23:46'),(963,'tempfile','88596abe-c9de-11eb-85fa-13770f2c9347','Res 2.4Ω.jpg','',46638,'jpeg',NULL,'2021-06-10 13:25:17'),(964,'tempfile','2ab56f6a-c9df-11eb-88de-12dfdb1a2abd','Res 1K.jpg','',40268,'jpeg',NULL,'2021-06-10 13:29:49'),(965,'tempfile','61ce7c4e-c9df-11eb-b86f-6b373b256395','Res 3.6K.jpg','',42366,'jpeg',NULL,'2021-06-10 13:31:22'),(966,'tempfile','93112892-c9df-11eb-8936-08903c080aa1','Res 6.81K.jpg','',43409,'jpeg',NULL,'2021-06-10 13:32:44'),(967,'tempfile','c50a7664-c9df-11eb-a158-5ab610209d52','Res 43K.jpg','',43409,'jpeg',NULL,'2021-06-10 13:34:08'),(968,'tempfile','2d222cec-c9e0-11eb-a4b0-b75831ed569e','Res 1.2K.jpg','',44318,'jpeg',NULL,'2021-06-10 13:37:03'),(969,'tempfile','5b4bc934-c9e0-11eb-b26e-1eade8b6984b','Res 3.9K.jpg','',45281,'jpeg',NULL,'2021-06-10 13:38:20'),(970,'tempfile','d4a5c924-c9e0-11eb-81f7-c52b2c60bb52','Res 7.5K.jpg','',44859,'jpeg',NULL,'2021-06-10 13:41:44'),(971,'tempfile','0c4c5078-c9e1-11eb-979d-9ce69d73fc84','Res 56K.jpg','',47355,'jpeg',NULL,'2021-06-10 13:43:17'),(972,'tempfile','34b1bc6a-c9e1-11eb-b6c0-5aad50dae465','Res 200Ω.jpg','',45936,'jpeg',NULL,'2021-06-10 13:44:25'),(973,'tempfile','6a834520-c9e1-11eb-91ed-8ea503074b42','Res 1.5K.jpg','',49786,'jpeg',NULL,'2021-06-10 13:45:55'),(974,'tempfile','9dc2f0ac-c9e1-11eb-8fcb-f2462baef605','Res 4.32K.jpg','',49788,'jpeg',NULL,'2021-06-10 13:47:21'),(975,'tempfile','ba270008-c9e1-11eb-891d-7b3bb396e9cc','Res 10K.jpg','',48094,'jpeg',NULL,'2021-06-10 13:48:09'),(976,'tempfile','d0cae6d0-c9e1-11eb-a120-f0a2f42fa0cb','Res 68.1K.jpg','',46092,'jpeg',NULL,'2021-06-10 13:48:47'),(977,'tempfile','ebb11d7a-c9e1-11eb-a36e-932db7a69414','Res 220Ω.jpg','',51388,'jpeg',NULL,'2021-06-10 13:49:32'),(978,'tempfile','0ce1b694-c9e2-11eb-a434-68dc1ae76cf0','Res 1.62K.jpg','',45224,'jpeg',NULL,'2021-06-10 13:50:28'),(979,'tempfile','2641a284-c9e2-11eb-aeeb-95347cc72a23','Res 4.7K.jpg','',53009,'jpeg',NULL,'2021-06-10 13:51:10'),(980,'tempfile','556570a4-c9e2-11eb-b929-c00342ffa522','Res 300K.jpg','',36916,'jpeg',NULL,'2021-06-10 13:52:29'),(981,'tempfile','8ca70a0a-c9e2-11eb-b307-131384157e8d','Res 270Ω.jpg','',46724,'jpeg',NULL,'2021-06-10 13:54:02'),(982,'tempfile','a1e7f8ca-c9e2-11eb-bc6b-e88abdc777b4','Res 1.8k.jpg','',43738,'jpeg',NULL,'2021-06-10 13:54:38'),(983,'tempfile','bc0adc90-c9e2-11eb-a121-8a60539e91f0','Res 6.2k.jpg','',45247,'jpeg',NULL,'2021-06-10 13:55:21'),(984,'tempfile','d8cf6166-c9e2-11eb-bad1-595995892cc8','Res 49.9 Ω.jpg','',34663,'jpeg',NULL,'2021-06-10 13:56:10'),(986,'tempfile','6e4006b0-c9e3-11eb-b245-46c374fd1d2d','Res 39K.jpg','',45354,'jpeg',NULL,'2021-06-10 14:00:20'),(987,'tempfile','9825cb2c-c9e3-11eb-aa68-500a6a68fdaf','Res 330K.jpg','',42513,'jpeg',NULL,'2021-06-10 14:01:31'),(988,'tempfile','87a45c70-ca8b-11eb-83c5-c4ae886f98b8','D30 Tornillos Varios M10 - White.jpg','image/jpeg',29541,'',NULL,'2021-06-11 10:03:38'),(989,'tempfile','a7d8c242-ca8b-11eb-8bc9-ec52dedb9f20','Pernos hexagonales  A2-70.PNG','',89818,'png',NULL,'2021-06-11 10:04:33'),(990,'tempfile','1e4e21ec-ca8c-11eb-aea0-9aed83a8eaac','Tornillo din-933 8.8.PNG','',44203,'png',NULL,'2021-06-11 10:07:51'),(991,'tempfile','be69dcc4-ca8d-11eb-ba1a-05a075aae16e','Tornillo VIPA 8.8.PNG','',34930,'png',NULL,'2021-06-11 10:19:29'),(993,'tempfile','0e027a50-ca90-11eb-bd09-0f609da67c24','Tornillo rosca chapa DIN 7981.PNG','',4540,'png',NULL,'2021-06-11 10:36:02'),(995,'tempfile','d414e83e-ca92-11eb-9d3e-70528dc832e9','TORNILLO M2.PNG','',19517,'png',NULL,'2021-06-11 10:55:53'),(996,'tempfile','9f9bc676-ca93-11eb-a680-75ea26066fc5','TORNILLO 3.PNG','',27267,'png',NULL,'2021-06-11 11:01:35'),(997,'tempfile','5767ed02-ca94-11eb-8173-721633f7c63b','Tornillo hexag, todo rosca - M6.PNG','',133049,'png',NULL,'2021-06-11 11:06:43'),(998,'tempfile','19027b08-ca95-11eb-9b41-e9766dfc18d2','TORNILLO CABEZA HEXAGONAL M8 CON ARANDELA.PNG','',51641,'png',NULL,'2021-06-11 11:12:08'),(999,'tempfile','a08d24f6-ca95-11eb-964e-ae83010c161a','Tornillo M8.PNG','',126265,'png',NULL,'2021-06-11 11:15:55');
/*!40000 ALTER TABLE `TempUploadedFile` ENABLE KEYS */;
UNLOCK TABLES;

--
-- Table structure for table `TipOfTheDay`
--

DROP TABLE IF EXISTS `TipOfTheDay`;
/*!40101 SET @saved_cs_client     = @@character_set_client */;
/*!40101 SET character_set_client = utf8 */;
CREATE TABLE `TipOfTheDay` (
  `id` int(11) NOT NULL AUTO_INCREMENT,
  `name` varchar(255) COLLATE utf8_unicode_ci NOT NULL,
  PRIMARY KEY (`id`)
) ENGINE=InnoDB DEFAULT CHARSET=utf8 COLLATE=utf8_unicode_ci;
/*!40101 SET character_set_client = @saved_cs_client */;

--
-- Dumping data for table `TipOfTheDay`
--

LOCK TABLES `TipOfTheDay` WRITE;
/*!40000 ALTER TABLE `TipOfTheDay` DISABLE KEYS */;
/*!40000 ALTER TABLE `TipOfTheDay` ENABLE KEYS */;
UNLOCK TABLES;

--
-- Table structure for table `TipOfTheDayHistory`
--

DROP TABLE IF EXISTS `TipOfTheDayHistory`;
/*!40101 SET @saved_cs_client     = @@character_set_client */;
/*!40101 SET character_set_client = utf8 */;
CREATE TABLE `TipOfTheDayHistory` (
  `id` int(11) NOT NULL AUTO_INCREMENT,
  `user_id` int(11) DEFAULT NULL,
  `name` varchar(255) COLLATE utf8_unicode_ci NOT NULL,
  PRIMARY KEY (`id`),
  KEY `IDX_3177BC2A76ED395` (`user_id`),
  CONSTRAINT `FK_3177BC2A76ED395` FOREIGN KEY (`user_id`) REFERENCES `PartKeeprUser` (`id`)
) ENGINE=InnoDB DEFAULT CHARSET=utf8 COLLATE=utf8_unicode_ci;
/*!40101 SET character_set_client = @saved_cs_client */;

--
-- Dumping data for table `TipOfTheDayHistory`
--

LOCK TABLES `TipOfTheDayHistory` WRITE;
/*!40000 ALTER TABLE `TipOfTheDayHistory` DISABLE KEYS */;
/*!40000 ALTER TABLE `TipOfTheDayHistory` ENABLE KEYS */;
UNLOCK TABLES;

--
-- Table structure for table `Unit`
--

DROP TABLE IF EXISTS `Unit`;
/*!40101 SET @saved_cs_client     = @@character_set_client */;
/*!40101 SET character_set_client = utf8 */;
CREATE TABLE `Unit` (
  `id` int(11) NOT NULL AUTO_INCREMENT,
  `name` varchar(255) COLLATE utf8_unicode_ci NOT NULL,
  `symbol` varchar(255) COLLATE utf8_unicode_ci NOT NULL,
  PRIMARY KEY (`id`)
) ENGINE=InnoDB AUTO_INCREMENT=29 DEFAULT CHARSET=utf8 COLLATE=utf8_unicode_ci;
/*!40101 SET character_set_client = @saved_cs_client */;

--
-- Dumping data for table `Unit`
--

LOCK TABLES `Unit` WRITE;
/*!40000 ALTER TABLE `Unit` DISABLE KEYS */;
INSERT INTO `Unit` VALUES (1,'Meter','m'),(2,'Gram','g'),(3,'Second','s'),(4,'Kelvin','K'),(5,'Mol','mol'),(6,'Candela','cd'),(7,'Ampere','A'),(8,'Ohm','Ω'),(9,'Volt','V'),(10,'Hertz','Hz'),(11,'Newton','N'),(12,'Pascal','Pa'),(13,'Joule','J'),(14,'Watt','W'),(15,'Coulomb','C'),(16,'Farad','F'),(17,'Siemens','S'),(18,'Weber','Wb'),(19,'Tesla','T'),(20,'Henry','H'),(21,'Celsius','°C'),(22,'Lumen','lm'),(23,'Lux','lx'),(24,'Becquerel','Bq'),(25,'Gray','Gy'),(26,'Sievert','Sv'),(27,'Katal','kat'),(28,'Ampere Hour','Ah');
/*!40000 ALTER TABLE `Unit` ENABLE KEYS */;
UNLOCK TABLES;

--
-- Table structure for table `UnitSiPrefixes`
--

DROP TABLE IF EXISTS `UnitSiPrefixes`;
/*!40101 SET @saved_cs_client     = @@character_set_client */;
/*!40101 SET character_set_client = utf8 */;
CREATE TABLE `UnitSiPrefixes` (
  `unit_id` int(11) NOT NULL,
  `siprefix_id` int(11) NOT NULL,
  PRIMARY KEY (`unit_id`,`siprefix_id`),
  KEY `IDX_72356740F8BD700D` (`unit_id`),
  KEY `IDX_723567409BE9F1F4` (`siprefix_id`),
  CONSTRAINT `FK_723567409BE9F1F4` FOREIGN KEY (`siprefix_id`) REFERENCES `SiPrefix` (`id`),
  CONSTRAINT `FK_72356740F8BD700D` FOREIGN KEY (`unit_id`) REFERENCES `Unit` (`id`)
) ENGINE=InnoDB DEFAULT CHARSET=utf8 COLLATE=utf8_unicode_ci;
/*!40101 SET character_set_client = @saved_cs_client */;

--
-- Dumping data for table `UnitSiPrefixes`
--

LOCK TABLES `UnitSiPrefixes` WRITE;
/*!40000 ALTER TABLE `UnitSiPrefixes` DISABLE KEYS */;
INSERT INTO `UnitSiPrefixes` VALUES (1,8),(1,11),(1,12),(1,13),(1,14),(1,15),(1,16),(2,8),(2,11),(2,14),(3,11),(3,14),(4,11),(5,11),(6,14),(7,8),(7,11),(7,14),(7,15),(7,16),(7,17),(8,5),(8,6),(8,8),(8,11),(8,14),(8,15),(9,8),(9,11),(9,14),(10,5),(10,6),(10,8),(10,11),(10,14),(11,8),(11,11),(12,8),(12,11),(12,14),(13,8),(13,11),(13,14),(13,15),(14,6),(14,7),(14,8),(14,11),(14,14),(14,15),(15,8),(15,11),(16,11),(16,14),(16,15),(16,16),(16,17),(17,11),(17,14),(18,11),(19,11),(20,11),(20,14),(20,15),(21,11),(22,11),(23,11),(24,11),(25,11),(26,11),(26,14),(26,15),(27,11),(28,8),(28,11),(28,14);
/*!40000 ALTER TABLE `UnitSiPrefixes` ENABLE KEYS */;
UNLOCK TABLES;

--
-- Table structure for table `UserPreference`
--

DROP TABLE IF EXISTS `UserPreference`;
/*!40101 SET @saved_cs_client     = @@character_set_client */;
/*!40101 SET character_set_client = utf8 */;
CREATE TABLE `UserPreference` (
  `user_id` int(11) NOT NULL,
  `preferenceKey` varchar(255) COLLATE utf8_unicode_ci NOT NULL,
  `preferenceValue` longtext COLLATE utf8_unicode_ci NOT NULL,
  PRIMARY KEY (`preferenceKey`,`user_id`),
  KEY `IDX_922CE7A2A76ED395` (`user_id`),
  CONSTRAINT `FK_922CE7A2A76ED395` FOREIGN KEY (`user_id`) REFERENCES `PartKeeprUser` (`id`)
) ENGINE=InnoDB DEFAULT CHARSET=utf8 COLLATE=utf8_unicode_ci;
/*!40101 SET character_set_client = @saved_cs_client */;

--
-- Dumping data for table `UserPreference`
--

LOCK TABLES `UserPreference` WRITE;
/*!40000 ALTER TABLE `UserPreference` DISABLE KEYS */;
INSERT INTO `UserPreference` VALUES (1,'partkeepr.tipoftheday.showtips','s:4:\"true\";'),(2,'partkeepr.tipoftheday.showtips','s:4:\"true\";'),(3,'partkeepr.tipoftheday.showtips','s:4:\"true\";'),(4,'partkeepr.tipoftheday.showtips','s:4:\"true\";'),(5,'partkeepr.tipoftheday.showtips','s:4:\"true\";'),(7,'partkeepr.tipoftheday.showtips','s:4:\"true\";'),(2,'partkeepr.user.theme','s:9:\"\"classic\"\";');
/*!40000 ALTER TABLE `UserPreference` ENABLE KEYS */;
UNLOCK TABLES;

--
-- Table structure for table `UserProvider`
--

DROP TABLE IF EXISTS `UserProvider`;
/*!40101 SET @saved_cs_client     = @@character_set_client */;
/*!40101 SET character_set_client = utf8 */;
CREATE TABLE `UserProvider` (
  `id` int(11) NOT NULL AUTO_INCREMENT,
  `type` varchar(255) COLLATE utf8_unicode_ci NOT NULL,
  `editable` tinyint(1) NOT NULL,
  PRIMARY KEY (`id`),
  UNIQUE KEY `type` (`type`)
) ENGINE=InnoDB AUTO_INCREMENT=2 DEFAULT CHARSET=utf8 COLLATE=utf8_unicode_ci;
/*!40101 SET character_set_client = @saved_cs_client */;

--
-- Dumping data for table `UserProvider`
--

LOCK TABLES `UserProvider` WRITE;
/*!40000 ALTER TABLE `UserProvider` DISABLE KEYS */;
INSERT INTO `UserProvider` VALUES (1,'Builtin',1);
/*!40000 ALTER TABLE `UserProvider` ENABLE KEYS */;
UNLOCK TABLES;
/*!40103 SET TIME_ZONE=@OLD_TIME_ZONE */;

/*!40101 SET SQL_MODE=@OLD_SQL_MODE */;
/*!40014 SET FOREIGN_KEY_CHECKS=@OLD_FOREIGN_KEY_CHECKS */;
/*!40014 SET UNIQUE_CHECKS=@OLD_UNIQUE_CHECKS */;
/*!40101 SET CHARACTER_SET_CLIENT=@OLD_CHARACTER_SET_CLIENT */;
/*!40101 SET CHARACTER_SET_RESULTS=@OLD_CHARACTER_SET_RESULTS */;
/*!40101 SET COLLATION_CONNECTION=@OLD_COLLATION_CONNECTION */;
/*!40111 SET SQL_NOTES=@OLD_SQL_NOTES */;

-- Dump completed on 2021-07-05 15:58:25
